Store,Date,DayOfWeek,FirstHour,FirstHourSales,LastHour,LastHourSales
Tacos Gavilan West Covina,2025-01-01,Miércoles,12:00 AM,373.69,11:00 PM,468.68
Tacos Gavilan Santa Ana,2025-01-01,Miércoles,10:00 AM,101.34,11:00 PM,674.96
Tacos Gavilan La Puente,2025-01-01,Miércoles,12:00 AM,4.55,11:00 PM,289.52
Tacos Gavilan Azusa,2025-01-01,Miércoles,10:00 AM,20.76,11:00 PM,205.22
Tacos Gavilan Rialto,2025-01-01,Miércoles,10:00 AM,102.93,11:00 PM,449.09
Tacos Gavilan LA Central,2025-01-01,Miércoles,12:00 AM,908.89,11:00 PM,1109.48
Tacos Gavilan South Gate,2025-01-01,Miércoles,10:00 AM,43.80,11:00 PM,252.40
Tacos Gavilan Bell,2025-01-01,Miércoles,10:00 AM,19.78,11:00 PM,262.27
Tacos Gavilan Downey,2025-01-01,Miércoles,10:00 AM,38.40,11:00 PM,248.16
Tacos Gavilan Huntington Park,2025-01-01,Miércoles,12:00 AM,7.87,11:00 PM,598.07
Tacos Gavilan Lynwood,2025-01-01,Miércoles,12:00 AM,786.39,11:00 PM,1074.95
Tacos Gavilan Norwalk,2025-01-01,Miércoles,12:00 AM,583.10,11:00 PM,693.83
Tacos Gavilan Slauson,2025-01-01,Miércoles,12:00 AM,604.17,11:00 PM,966.36
Tacos Gavilan Hollywood,2025-01-01,Miércoles,10:00 AM,88.23,11:00 PM,675.68
Tacos Gavilan LA Broadway,2025-01-01,Miércoles,12:00 AM,861.16,11:00 PM,836.43
Tacos Gavilan Lynwood,2025-01-02,Jueves,12:00 AM,711.51,11:00 PM,998.66
Tacos Gavilan Norwalk,2025-01-02,Jueves,12:00 AM,620.21,11:00 PM,756.53
Tacos Gavilan Slauson,2025-01-02,Jueves,12:00 AM,544.96,11:00 PM,590.38
Tacos Gavilan Hollywood,2025-01-02,Jueves,9:00 AM,451.68,11:00 PM,600.39
Tacos Gavilan LA Broadway,2025-01-02,Jueves,12:00 AM,915.91,11:00 PM,610.54
Tacos Gavilan West Covina,2025-01-03,Viernes,12:00 AM,641.53,11:00 PM,734.54
Tacos Gavilan Santa Ana,2025-01-03,Viernes,12:00 AM,736.12,11:00 PM,626.86
Tacos Gavilan La Puente,2025-01-03,Viernes,12:00 AM,311.88,11:00 PM,390.33
Tacos Gavilan Azusa,2025-01-03,Viernes,12:00 AM,291.16,11:00 PM,307.78
Tacos Gavilan Rialto,2025-01-03,Viernes,12:00 AM,575.06,11:00 PM,599.49
Tacos Gavilan LA Central,2025-01-03,Viernes,12:00 AM,999.16,11:00 PM,1244.27
Tacos Gavilan South Gate,2025-01-03,Viernes,12:00 AM,627.70,11:00 PM,739.88
Tacos Gavilan Bell,2025-01-03,Viernes,12:00 AM,350.65,11:00 PM,240.25
Tacos Gavilan Downey,2025-01-03,Viernes,12:00 AM,352.52,11:00 PM,807.20
Tacos Gavilan Huntington Park,2025-01-03,Viernes,12:00 AM,338.38,11:00 PM,516.31
Tacos Gavilan Lynwood,2025-01-03,Viernes,12:00 AM,735.88,11:00 PM,876.19
Tacos Gavilan Norwalk,2025-01-03,Viernes,12:00 AM,965.13,11:00 PM,868.32
Tacos Gavilan Slauson,2025-01-03,Viernes,12:00 AM,641.97,11:00 PM,959.67
Tacos Gavilan Hollywood,2025-01-03,Viernes,12:00 AM,495.39,11:00 PM,722.37
Tacos Gavilan LA Broadway,2025-01-03,Viernes,12:00 AM,729.49,11:00 PM,667.34
Tacos Gavilan West Covina,2025-01-04,Sábado,12:00 AM,639.10,11:00 PM,971.37
Tacos Gavilan Santa Ana,2025-01-04,Sábado,12:00 AM,371.84,11:00 PM,586.47
Tacos Gavilan La Puente,2025-01-04,Sábado,12:00 AM,310.47,11:00 PM,529.54
Tacos Gavilan Azusa,2025-01-04,Sábado,12:00 AM,187.82,11:00 PM,356.93
Tacos Gavilan Rialto,2025-01-04,Sábado,12:00 AM,429.89,11:00 PM,537.62
Tacos Gavilan LA Central,2025-01-04,Sábado,12:00 AM,1213.30,11:00 PM,1881.95
Tacos Gavilan South Gate,2025-01-04,Sábado,12:00 AM,631.90,11:00 PM,892.34
Tacos Gavilan Bell,2025-01-04,Sábado,12:00 AM,111.57,11:00 PM,335.24
Tacos Gavilan Downey,2025-01-04,Sábado,12:00 AM,480.31,11:00 PM,812.69
Tacos Gavilan Huntington Park,2025-01-04,Sábado,12:00 AM,449.87,11:00 PM,455.54
Tacos Gavilan Lynwood,2025-01-04,Sábado,12:00 AM,1228.35,11:00 PM,851.24
Tacos Gavilan Norwalk,2025-01-04,Sábado,12:00 AM,847.67,11:00 PM,980.86
Tacos Gavilan Slauson,2025-01-04,Sábado,12:00 AM,877.07,11:00 PM,1086.42
Tacos Gavilan Hollywood,2025-01-04,Sábado,12:00 AM,594.25,11:00 PM,703.69
Tacos Gavilan LA Broadway,2025-01-04,Sábado,12:00 AM,906.93,11:00 PM,944.67
Tacos Gavilan West Covina,2025-01-05,Domingo,12:00 AM,363.86,11:00 PM,275.10
Tacos Gavilan Santa Ana,2025-01-05,Domingo,9:00 AM,15.15,11:00 PM,420.69
Tacos Gavilan La Puente,2025-01-05,Domingo,9:00 AM,11.88,11:00 PM,369.02
Tacos Gavilan Azusa,2025-01-05,Domingo,9:00 AM,8.59,11:00 PM,157.97
Tacos Gavilan Rialto,2025-01-05,Domingo,12:00 AM,414.77,11:00 PM,358.66
Tacos Gavilan LA Central,2025-01-05,Domingo,12:00 AM,815.94,11:00 PM,1007.50
Tacos Gavilan South Gate,2025-01-05,Domingo,12:00 AM,34.63,11:00 PM,395.56
Tacos Gavilan Bell,2025-01-05,Domingo,10:00 AM,216.86,11:00 PM,260.23
Tacos Gavilan Downey,2025-01-05,Domingo,9:00 AM,150.33,11:00 PM,254.25
Tacos Gavilan Huntington Park,2025-01-05,Domingo,10:00 AM,275.67,11:00 PM,234.60
Tacos Gavilan Lynwood,2025-01-05,Domingo,12:00 AM,691.95,11:00 PM,917.54
Tacos Gavilan Norwalk,2025-01-05,Domingo,12:00 AM,279.86,11:00 PM,648.20
Tacos Gavilan Slauson,2025-01-05,Domingo,12:00 AM,426.05,11:00 PM,506.61
Tacos Gavilan Hollywood,2025-01-05,Domingo,8:00 AM,10.38,11:00 PM,440.72
Tacos Gavilan LA Broadway,2025-01-05,Domingo,12:00 AM,493.70,11:00 PM,722.76
Tacos Gavilan West Covina,2025-01-06,Lunes,12:00 AM,430.14,11:00 PM,606.14
Tacos Gavilan Santa Ana,2025-01-06,Lunes,10:00 AM,249.97,11:00 PM,336.17
Tacos Gavilan La Puente,2025-01-06,Lunes,9:00 AM,29.80,11:00 PM,283.16
Tacos Gavilan Azusa,2025-01-06,Lunes,10:00 AM,228.92,11:00 PM,137.85
Tacos Gavilan Rialto,2025-01-06,Lunes,9:00 AM,168.93,11:00 PM,366.86
Tacos Gavilan LA Central,2025-01-06,Lunes,12:00 AM,668.58,11:00 PM,632.95
Tacos Gavilan South Gate,2025-01-06,Lunes,9:00 AM,113.57,11:00 PM,431.38
Tacos Gavilan Bell,2025-01-06,Lunes,9:00 AM,66.18,11:00 PM,155.60
Tacos Gavilan Downey,2025-01-06,Lunes,9:00 AM,244.47,11:00 PM,185.06
Tacos Gavilan Huntington Park,2025-01-06,Lunes,12:00 AM,68.60,11:00 PM,240.70
Tacos Gavilan Lynwood,2025-01-06,Lunes,12:00 AM,498.26,11:00 PM,686.02
Tacos Gavilan Norwalk,2025-01-06,Lunes,12:00 AM,458.61,11:00 PM,540.80
Tacos Gavilan Slauson,2025-01-06,Lunes,12:00 AM,343.54,11:00 PM,501.74
Tacos Gavilan Hollywood,2025-01-06,Lunes,9:00 AM,241.52,11:00 PM,394.88
Tacos Gavilan LA Broadway,2025-01-06,Lunes,12:00 AM,548.78,11:00 PM,500.18
Tacos Gavilan West Covina,2025-01-07,Martes,12:00 AM,287.59,11:00 PM,454.30
Tacos Gavilan Santa Ana,2025-01-07,Martes,10:00 AM,471.97,11:00 PM,437.30
Tacos Gavilan La Puente,2025-01-07,Martes,9:00 AM,45.28,11:00 PM,164.76
Tacos Gavilan Azusa,2025-01-07,Martes,10:00 AM,276.55,8:00 PM,84.62
Tacos Gavilan Rialto,2025-01-07,Martes,9:00 AM,85.43,11:00 PM,324.83
Tacos Gavilan LA Central,2025-01-07,Martes,12:00 AM,705.71,11:00 PM,1304.90
Tacos Gavilan South Gate,2025-01-07,Martes,9:00 AM,155.80,11:00 PM,242.91
Tacos Gavilan Bell,2025-01-07,Martes,10:00 AM,226.42,11:00 PM,91.28
Tacos Gavilan Downey,2025-01-07,Martes,8:00 AM,6.44,11:00 PM,272.86
Tacos Gavilan Huntington Park,2025-01-07,Martes,10:00 AM,372.72,11:00 PM,197.47
Tacos Gavilan Lynwood,2025-01-07,Martes,12:00 AM,523.97,11:00 PM,1005.20
Tacos Gavilan Norwalk,2025-01-07,Martes,12:00 AM,526.70,11:00 PM,737.68
Tacos Gavilan Slauson,2025-01-07,Martes,12:00 AM,394.71,11:00 PM,704.24
Tacos Gavilan Hollywood,2025-01-07,Martes,9:00 AM,306.47,11:00 PM,506.60
Tacos Gavilan LA Broadway,2025-01-07,Martes,12:00 AM,597.58,11:00 PM,598.31
Tacos Gavilan West Covina,2025-01-08,Miércoles,12:00 AM,595.02,11:00 PM,670.24
Tacos Gavilan Santa Ana,2025-01-08,Miércoles,10:00 AM,420.95,11:00 PM,230.96
Tacos Gavilan La Puente,2025-01-08,Miércoles,9:00 AM,47.77,11:00 PM,430.22
Tacos Gavilan Azusa,2025-01-08,Miércoles,5:00 PM,445.56,11:00 PM,305.77
Tacos Gavilan Rialto,2025-01-08,Miércoles,9:00 AM,89.27,11:00 PM,640.84
Tacos Gavilan LA Central,2025-01-08,Miércoles,12:00 AM,790.29,11:00 PM,895.71
Tacos Gavilan South Gate,2025-01-08,Miércoles,9:00 AM,201.28,11:00 PM,493.43
Tacos Gavilan Bell,2025-01-08,Miércoles,10:00 AM,226.68,11:00 PM,165.11
Tacos Gavilan Downey,2025-01-08,Miércoles,9:00 AM,241.13,11:00 PM,169.29
Tacos Gavilan Huntington Park,2025-01-08,Miércoles,9:00 AM,51.91,11:00 PM,349.07
Tacos Gavilan Lynwood,2025-01-08,Miércoles,12:00 AM,599.75,11:00 PM,950.27
Tacos Gavilan Norwalk,2025-01-08,Miércoles,12:00 AM,392.55,11:00 PM,547.21
Tacos Gavilan Slauson,2025-01-08,Miércoles,12:00 AM,373.14,11:00 PM,604.02
Tacos Gavilan Hollywood,2025-01-08,Miércoles,9:00 AM,535.49,11:00 PM,376.23
Tacos Gavilan LA Broadway,2025-01-08,Miércoles,12:00 AM,473.88,11:00 PM,579.01
Tacos Gavilan West Covina,2025-01-09,Jueves,12:00 AM,511.57,11:00 PM,535.00
Tacos Gavilan Santa Ana,2025-01-09,Jueves,10:00 AM,304.39,11:00 PM,287.65
Tacos Gavilan La Puente,2025-01-09,Jueves,9:00 AM,35.86,11:00 PM,236.57
Tacos Gavilan Azusa,2025-01-09,Jueves,10:00 AM,177.86,11:00 PM,242.41
Tacos Gavilan Rialto,2025-01-09,Jueves,12:00 AM,165.14,11:00 PM,456.21
Tacos Gavilan LA Central,2025-01-09,Jueves,12:00 AM,586.65,11:00 PM,692.05
Tacos Gavilan South Gate,2025-01-09,Jueves,9:00 AM,110.13,11:00 PM,533.99
Tacos Gavilan Bell,2025-01-09,Jueves,10:00 AM,101.40,11:00 PM,299.97
Tacos Gavilan Downey,2025-01-09,Jueves,12:00 AM,106.97,11:00 PM,560.43
Tacos Gavilan Huntington Park,2025-01-09,Jueves,12:00 AM,293.56,11:00 PM,258.87
Tacos Gavilan Lynwood,2025-01-09,Jueves,12:00 AM,669.82,11:00 PM,783.57
Tacos Gavilan Norwalk,2025-01-09,Jueves,12:00 AM,543.95,11:00 PM,710.32
Tacos Gavilan Slauson,2025-01-09,Jueves,12:00 AM,271.33,11:00 PM,652.49
Tacos Gavilan Hollywood,2025-01-09,Jueves,12:00 AM,3.29,11:00 PM,424.18
Tacos Gavilan LA Broadway,2025-01-09,Jueves,12:00 AM,664.90,11:00 PM,520.16
Tacos Gavilan West Covina,2025-01-10,Viernes,12:00 AM,684.25,11:00 PM,580.81
Tacos Gavilan Santa Ana,2025-01-10,Viernes,12:00 AM,346.05,11:00 PM,640.97
Tacos Gavilan La Puente,2025-01-10,Viernes,12:00 AM,432.62,11:00 PM,372.72
Tacos Gavilan Azusa,2025-01-10,Viernes,12:00 AM,249.55,11:00 PM,320.39
Tacos Gavilan Rialto,2025-01-10,Viernes,12:00 AM,775.74,11:00 PM,898.61
Tacos Gavilan LA Central,2025-01-10,Viernes,12:00 AM,807.90,11:00 PM,1489.20
Tacos Gavilan South Gate,2025-01-10,Viernes,12:00 AM,578.98,11:00 PM,606.90
Tacos Gavilan Bell,2025-01-10,Viernes,12:00 AM,146.18,11:00 PM,344.63
Tacos Gavilan Downey,2025-01-10,Viernes,12:00 AM,445.30,11:00 PM,459.79
Tacos Gavilan Huntington Park,2025-01-10,Viernes,12:00 AM,332.37,11:00 PM,444.56
Tacos Gavilan Lynwood,2025-01-10,Viernes,12:00 AM,1019.29,11:00 PM,1018.92
Tacos Gavilan Norwalk,2025-01-10,Viernes,12:00 AM,683.07,11:00 PM,1183.83
Tacos Gavilan Slauson,2025-01-10,Viernes,12:00 AM,681.90,11:00 PM,761.54
Tacos Gavilan Hollywood,2025-01-10,Viernes,12:00 AM,388.33,11:00 PM,483.97
Tacos Gavilan LA Broadway,2025-01-10,Viernes,12:00 AM,774.80,11:00 PM,660.18
Tacos Gavilan West Covina,2025-01-11,Sábado,12:00 AM,608.70,11:00 PM,952.51
Tacos Gavilan Santa Ana,2025-01-11,Sábado,12:00 AM,539.70,11:00 PM,894.88
Tacos Gavilan La Puente,2025-01-11,Sábado,12:00 AM,424.38,11:00 PM,454.44
Tacos Gavilan Azusa,2025-01-11,Sábado,12:00 AM,307.37,11:00 PM,201.89
Tacos Gavilan Rialto,2025-01-11,Sábado,12:00 AM,524.53,11:00 PM,728.70
Tacos Gavilan LA Central,2025-01-11,Sábado,12:00 AM,738.49,11:00 PM,1241.82
Tacos Gavilan South Gate,2025-01-11,Sábado,12:00 AM,430.99,11:00 PM,475.12
Tacos Gavilan Bell,2025-01-11,Sábado,12:00 AM,180.80,11:00 PM,240.89
Tacos Gavilan Downey,2025-01-11,Sábado,12:00 AM,595.54,11:00 PM,555.23
Tacos Gavilan Huntington Park,2025-01-11,Sábado,12:00 AM,316.47,11:00 PM,557.27
Tacos Gavilan Lynwood,2025-01-11,Sábado,12:00 AM,987.78,11:00 PM,1268.21
Tacos Gavilan Norwalk,2025-01-11,Sábado,12:00 AM,694.96,11:00 PM,733.56
Tacos Gavilan Slauson,2025-01-11,Sábado,12:00 AM,672.92,11:00 PM,660.39
Tacos Gavilan Hollywood,2025-01-11,Sábado,12:00 AM,577.30,11:00 PM,502.41
Tacos Gavilan LA Broadway,2025-01-11,Sábado,12:00 AM,460.44,11:00 PM,848.50
Tacos Gavilan West Covina,2025-01-12,Domingo,12:00 AM,274.96,11:00 PM,389.21
Tacos Gavilan Santa Ana,2025-01-12,Domingo,10:00 AM,647.56,11:00 PM,274.72
Tacos Gavilan La Puente,2025-01-12,Domingo,9:00 AM,15.06,11:00 PM,168.68
Tacos Gavilan Azusa,2025-01-12,Domingo,10:00 AM,197.93,11:00 PM,126.11
Tacos Gavilan Rialto,2025-01-12,Domingo,12:00 AM,342.38,11:00 PM,457.90
Tacos Gavilan LA Central,2025-01-12,Domingo,12:00 AM,743.96,11:00 PM,666.22
Tacos Gavilan South Gate,2025-01-12,Domingo,9:00 AM,1.15,11:00 PM,347.90
Tacos Gavilan Bell,2025-01-12,Domingo,10:00 AM,151.70,11:00 PM,125.11
Tacos Gavilan Downey,2025-01-12,Domingo,9:00 AM,280.96,11:00 PM,245.36
Tacos Gavilan Huntington Park,2025-01-12,Domingo,9:00 AM,70.55,11:00 PM,260.40
Tacos Gavilan Lynwood,2025-01-12,Domingo,12:00 AM,527.12,11:00 PM,666.40
Tacos Gavilan Norwalk,2025-01-12,Domingo,12:00 AM,119.25,11:00 PM,684.59
Tacos Gavilan Slauson,2025-01-12,Domingo,12:00 AM,291.35,11:00 PM,468.15
Tacos Gavilan Hollywood,2025-01-12,Domingo,8:00 AM,10.99,11:00 PM,301.66
Tacos Gavilan LA Broadway,2025-01-12,Domingo,12:00 AM,674.58,11:00 PM,535.31
Tacos Gavilan West Covina,2025-01-13,Lunes,12:00 AM,355.71,11:00 PM,255.46
Tacos Gavilan Santa Ana,2025-01-13,Lunes,10:00 AM,495.33,11:00 PM,287.22
Tacos Gavilan La Puente,2025-01-13,Lunes,9:00 AM,57.77,11:00 PM,113.07
Tacos Gavilan Azusa,2025-01-13,Lunes,9:00 AM,17.18,11:00 PM,107.77
Tacos Gavilan Rialto,2025-01-13,Lunes,9:00 AM,135.95,11:00 PM,274.43
Tacos Gavilan LA Central,2025-01-13,Lunes,12:00 AM,795.61,11:00 PM,724.31
Tacos Gavilan South Gate,2025-01-13,Lunes,9:00 AM,63.68,11:00 PM,493.29
Tacos Gavilan Bell,2025-01-13,Lunes,10:00 AM,326.21,11:00 PM,177.96
Tacos Gavilan Downey,2025-01-13,Lunes,9:00 AM,190.59,11:00 PM,262.82
Tacos Gavilan Huntington Park,2025-01-13,Lunes,9:00 AM,11.88,11:00 PM,146.77
Tacos Gavilan Lynwood,2025-01-13,Lunes,12:00 AM,683.54,11:00 PM,786.24
Tacos Gavilan Norwalk,2025-01-13,Lunes,12:00 AM,369.29,11:00 PM,314.69
Tacos Gavilan Slauson,2025-01-13,Lunes,12:00 AM,363.96,11:00 PM,552.76
Tacos Gavilan Hollywood,2025-01-13,Lunes,9:00 AM,313.16,11:00 PM,398.54
Tacos Gavilan LA Broadway,2025-01-13,Lunes,12:00 AM,352.64,11:00 PM,435.54
Tacos Gavilan West Covina,2025-01-14,Martes,12:00 AM,258.14,11:00 PM,332.07
Tacos Gavilan Santa Ana,2025-01-14,Martes,10:00 AM,463.28,11:00 PM,372.24
Tacos Gavilan La Puente,2025-01-14,Martes,9:00 AM,99.36,11:00 PM,238.80
Tacos Gavilan Azusa,2025-01-14,Martes,9:00 AM,75.16,11:00 PM,224.13
Tacos Gavilan Rialto,2025-01-14,Martes,9:00 AM,362.56,11:00 PM,363.34
Tacos Gavilan LA Central,2025-01-14,Martes,12:00 AM,873.97,11:00 PM,1002.56
Tacos Gavilan South Gate,2025-01-14,Martes,9:00 AM,54.97,11:00 PM,385.73
Tacos Gavilan Bell,2025-01-14,Martes,10:00 AM,490.02,11:00 PM,177.71
Tacos Gavilan Downey,2025-01-14,Martes,8:00 AM,3.78,11:00 PM,225.22
Tacos Gavilan Huntington Park,2025-01-14,Martes,9:00 AM,14.76,11:00 PM,242.21
Tacos Gavilan Lynwood,2025-01-14,Martes,12:00 AM,506.79,11:00 PM,770.41
Tacos Gavilan Norwalk,2025-01-14,Martes,12:00 AM,375.73,11:00 PM,437.54
Tacos Gavilan Slauson,2025-01-14,Martes,12:00 AM,319.35,11:00 PM,583.96
Tacos Gavilan Hollywood,2025-01-14,Martes,9:00 AM,278.72,11:00 PM,369.78
Tacos Gavilan LA Broadway,2025-01-14,Martes,12:00 AM,619.57,11:00 PM,443.76
Tacos Gavilan West Covina,2025-01-15,Miércoles,12:00 AM,366.76,11:00 PM,570.04
Tacos Gavilan Santa Ana,2025-01-15,Miércoles,9:00 AM,4.95,11:00 PM,371.46
Tacos Gavilan La Puente,2025-01-15,Miércoles,9:00 AM,39.10,11:00 PM,333.05
Tacos Gavilan Azusa,2025-01-15,Miércoles,9:00 AM,21.96,11:00 PM,198.58
Tacos Gavilan Rialto,2025-01-15,Miércoles,9:00 AM,139.39,11:00 PM,554.98
Tacos Gavilan LA Central,2025-01-15,Miércoles,12:00 AM,406.39,11:00 PM,985.22
Tacos Gavilan South Gate,2025-01-15,Miércoles,12:00 AM,30.70,11:00 PM,459.42
Tacos Gavilan Bell,2025-01-15,Miércoles,10:00 AM,169.46,11:00 PM,198.74
Tacos Gavilan Downey,2025-01-15,Miércoles,9:00 AM,262.57,11:00 PM,264.11
Tacos Gavilan Huntington Park,2025-01-15,Miércoles,12:00 AM,37.15,11:00 PM,269.87
Tacos Gavilan Lynwood,2025-01-15,Miércoles,12:00 AM,486.56,11:00 PM,849.52
Tacos Gavilan Norwalk,2025-01-15,Miércoles,12:00 AM,494.57,11:00 PM,581.37
Tacos Gavilan Slauson,2025-01-15,Miércoles,12:00 AM,144.50,11:00 PM,538.27
Tacos Gavilan Hollywood,2025-01-15,Miércoles,9:00 AM,327.94,11:00 PM,531.44
Tacos Gavilan LA Broadway,2025-01-15,Miércoles,12:00 AM,340.38,11:00 PM,505.33
Tacos Gavilan West Covina,2025-01-16,Jueves,12:00 AM,388.44,11:00 PM,361.66
Tacos Gavilan Santa Ana,2025-01-16,Jueves,10:00 AM,355.06,11:00 PM,196.18
Tacos Gavilan La Puente,2025-01-16,Jueves,9:00 AM,46.51,11:00 PM,345.60
Tacos Gavilan Azusa,2025-01-16,Jueves,10:00 AM,246.05,11:00 PM,146.00
Tacos Gavilan Rialto,2025-01-16,Jueves,12:00 AM,155.63,11:00 PM,316.69
Tacos Gavilan LA Central,2025-01-16,Jueves,12:00 AM,559.59,11:00 PM,914.30
Tacos Gavilan South Gate,2025-01-16,Jueves,9:00 AM,148.79,11:00 PM,208.86
Tacos Gavilan Bell,2025-01-16,Jueves,10:00 AM,137.76,11:00 PM,189.32
Tacos Gavilan Downey,2025-01-16,Jueves,12:00 AM,227.74,11:00 PM,384.59
Tacos Gavilan Huntington Park,2025-01-16,Jueves,12:00 AM,213.18,11:00 PM,181.64
Tacos Gavilan Lynwood,2025-01-16,Jueves,12:00 AM,691.03,11:00 PM,891.99
Tacos Gavilan Norwalk,2025-01-16,Jueves,12:00 AM,483.38,11:00 PM,784.03
Tacos Gavilan Slauson,2025-01-16,Jueves,12:00 AM,360.38,11:00 PM,599.24
Tacos Gavilan Hollywood,2025-01-16,Jueves,9:00 AM,291.44,11:00 PM,474.77
Tacos Gavilan LA Broadway,2025-01-16,Jueves,12:00 AM,476.49,11:00 PM,590.78
Tacos Gavilan West Covina,2025-01-17,Viernes,12:00 AM,413.96,11:00 PM,833.75
Tacos Gavilan Santa Ana,2025-01-17,Viernes,12:00 AM,417.90,11:00 PM,460.11
Tacos Gavilan La Puente,2025-01-17,Viernes,12:00 AM,592.44,11:00 PM,556.57
Tacos Gavilan Azusa,2025-01-17,Viernes,12:00 AM,197.08,11:00 PM,373.38
Tacos Gavilan Rialto,2025-01-17,Viernes,12:00 AM,502.82,11:00 PM,708.69
Tacos Gavilan LA Central,2025-01-17,Viernes,12:00 AM,1275.85,11:00 PM,1748.69
Tacos Gavilan South Gate,2025-01-17,Viernes,12:00 AM,514.63,11:00 PM,753.35
Tacos Gavilan Bell,2025-01-17,Viernes,12:00 AM,194.94,11:00 PM,304.67
Tacos Gavilan Downey,2025-01-17,Viernes,12:00 AM,475.80,11:00 PM,499.04
Tacos Gavilan Huntington Park,2025-01-17,Viernes,12:00 AM,418.53,11:00 PM,523.42
Tacos Gavilan Lynwood,2025-01-17,Viernes,12:00 AM,909.56,11:00 PM,1081.79
Tacos Gavilan Norwalk,2025-01-17,Viernes,12:00 AM,877.89,11:00 PM,977.12
Tacos Gavilan Slauson,2025-01-17,Viernes,12:00 AM,616.35,11:00 PM,789.50
Tacos Gavilan Hollywood,2025-01-17,Viernes,12:00 AM,733.39,11:00 PM,753.36
Tacos Gavilan LA Broadway,2025-01-17,Viernes,12:00 AM,439.47,11:00 PM,726.85
Tacos Gavilan West Covina,2025-01-18,Sábado,12:00 AM,844.73,11:00 PM,927.37
Tacos Gavilan Santa Ana,2025-01-18,Sábado,12:00 AM,422.44,11:00 PM,773.64
Tacos Gavilan La Puente,2025-01-18,Sábado,12:00 AM,439.57,11:00 PM,501.03
Tacos Gavilan Azusa,2025-01-18,Sábado,12:00 AM,160.92,11:00 PM,349.96
Tacos Gavilan Rialto,2025-01-18,Sábado,12:00 AM,502.56,11:00 PM,753.99
Tacos Gavilan LA Central,2025-01-18,Sábado,12:00 AM,1140.34,11:00 PM,1586.37
Tacos Gavilan South Gate,2025-01-18,Sábado,12:00 AM,735.47,11:00 PM,1014.55
Tacos Gavilan Bell,2025-01-18,Sábado,12:00 AM,249.96,11:00 PM,292.00
Tacos Gavilan Downey,2025-01-18,Sábado,12:00 AM,624.03,11:00 PM,647.43
Tacos Gavilan Huntington Park,2025-01-18,Sábado,12:00 AM,531.50,11:00 PM,454.06
Tacos Gavilan Lynwood,2025-01-18,Sábado,12:00 AM,1117.57,11:00 PM,1036.72
Tacos Gavilan Norwalk,2025-01-18,Sábado,12:00 AM,589.01,11:00 PM,1163.97
Tacos Gavilan Slauson,2025-01-18,Sábado,12:00 AM,778.53,11:00 PM,534.55
Tacos Gavilan Hollywood,2025-01-18,Sábado,12:00 AM,605.33,11:00 PM,455.51
Tacos Gavilan LA Broadway,2025-01-18,Sábado,12:00 AM,811.75,11:00 PM,847.72
Tacos Gavilan West Covina,2025-01-19,Domingo,12:00 AM,361.37,11:00 PM,533.28
Tacos Gavilan Santa Ana,2025-01-19,Domingo,10:00 AM,326.07,11:00 PM,302.52
Tacos Gavilan La Puente,2025-01-19,Domingo,9:00 AM,34.94,11:00 PM,255.24
Tacos Gavilan Azusa,2025-01-19,Domingo,10:00 AM,128.82,11:00 PM,91.44
Tacos Gavilan Rialto,2025-01-19,Domingo,12:00 AM,486.41,11:00 PM,592.85
Tacos Gavilan LA Central,2025-01-19,Domingo,12:00 AM,510.13,11:00 PM,843.72
Tacos Gavilan South Gate,2025-01-19,Domingo,9:00 AM,11.51,11:00 PM,222.84
Tacos Gavilan Bell,2025-01-19,Domingo,9:00 AM,4.58,11:00 PM,177.34
Tacos Gavilan Downey,2025-01-19,Domingo,9:00 AM,203.86,11:00 PM,1146.95
Tacos Gavilan Huntington Park,2025-01-19,Domingo,9:00 AM,79.21,11:00 PM,210.76
Tacos Gavilan Lynwood,2025-01-19,Domingo,12:00 AM,1032.53,11:00 PM,823.58
Tacos Gavilan Norwalk,2025-01-19,Domingo,12:00 AM,372.33,11:00 PM,869.84
Tacos Gavilan Slauson,2025-01-19,Domingo,12:00 AM,419.97,11:00 PM,504.76
Tacos Gavilan Hollywood,2025-01-19,Domingo,9:00 AM,80.31,11:00 PM,581.47
Tacos Gavilan LA Broadway,2025-01-19,Domingo,12:00 AM,601.32,11:00 PM,548.96
Tacos Gavilan West Covina,2025-01-20,Lunes,12:00 AM,134.03,11:00 PM,634.52
Tacos Gavilan Santa Ana,2025-01-20,Lunes,10:00 AM,484.39,11:00 PM,325.75
Tacos Gavilan La Puente,2025-01-20,Lunes,9:00 AM,57.54,11:00 PM,74.86
Tacos Gavilan Azusa,2025-01-20,Lunes,10:00 AM,198.26,11:00 PM,99.30
Tacos Gavilan Rialto,2025-01-20,Lunes,9:00 AM,111.82,11:00 PM,327.43
Tacos Gavilan LA Central,2025-01-20,Lunes,12:00 AM,343.74,11:00 PM,366.36
Tacos Gavilan South Gate,2025-01-20,Lunes,9:00 AM,126.67,11:00 PM,338.76
Tacos Gavilan Bell,2025-01-20,Lunes,9:00 AM,24.56,11:00 PM,180.53
Tacos Gavilan Downey,2025-01-20,Lunes,12:00 AM,12.95,11:00 PM,424.40
Tacos Gavilan Huntington Park,2025-01-20,Lunes,10:00 AM,424.96,11:00 PM,314.01
Tacos Gavilan Norwalk,2025-01-20,Lunes,12:00 AM,610.27,11:00 PM,549.14
Tacos Gavilan Slauson,2025-01-20,Lunes,12:00 AM,256.36,11:00 PM,576.06
Tacos Gavilan Hollywood,2025-01-20,Lunes,9:00 AM,331.03,11:00 PM,323.53
Tacos Gavilan LA Broadway,2025-01-20,Lunes,12:00 AM,450.45,11:00 PM,303.15
Tacos Gavilan Lynwood,2025-01-20,Lunes,12:00 AM,735.90,11:00 PM,730.44
Tacos Gavilan West Covina,2025-01-21,Martes,12:00 AM,353.84,11:00 PM,415.80
Tacos Gavilan Santa Ana,2025-01-21,Martes,10:00 AM,554.31,11:00 PM,328.38
Tacos Gavilan La Puente,2025-01-21,Martes,10:00 AM,378.26,11:00 PM,265.09
Tacos Gavilan Azusa,2025-01-21,Martes,10:00 AM,250.66,11:00 PM,171.73
Tacos Gavilan Rialto,2025-01-21,Martes,9:00 AM,183.91,11:00 PM,324.86
Tacos Gavilan LA Central,2025-01-21,Martes,12:00 AM,610.84,11:00 PM,385.41
Tacos Gavilan South Gate,2025-01-21,Martes,9:00 AM,100.95,11:00 PM,206.60
Tacos Gavilan Bell,2025-01-21,Martes,12:00 AM,14.17,11:00 PM,294.53
Tacos Gavilan Downey,2025-01-21,Martes,9:00 AM,249.52,11:00 PM,148.80
Tacos Gavilan Huntington Park,2025-01-21,Martes,9:00 AM,8.59,11:00 PM,200.39
Tacos Gavilan Lynwood,2025-01-21,Martes,12:00 AM,642.40,11:00 PM,702.13
Tacos Gavilan Norwalk,2025-01-21,Martes,12:00 AM,478.38,11:00 PM,297.15
Tacos Gavilan Slauson,2025-01-21,Martes,12:00 AM,421.80,11:00 PM,686.64
Tacos Gavilan Hollywood,2025-01-21,Martes,8:00 AM,27.34,11:00 PM,361.80
Tacos Gavilan LA Broadway,2025-01-21,Martes,12:00 AM,447.79,11:00 PM,427.78
Tacos Gavilan West Covina,2025-01-22,Miércoles,12:00 AM,284.19,11:00 PM,539.98
Tacos Gavilan Santa Ana,2025-01-22,Miércoles,10:00 AM,508.86,11:00 PM,487.52
Tacos Gavilan La Puente,2025-01-22,Miércoles,9:00 AM,82.94,11:00 PM,198.59
Tacos Gavilan Azusa,2025-01-22,Miércoles,9:00 AM,35.64,11:00 PM,72.05
Tacos Gavilan Rialto,2025-01-22,Miércoles,9:00 AM,195.76,11:00 PM,470.47
Tacos Gavilan LA Central,2025-01-22,Miércoles,12:00 AM,485.53,11:00 PM,583.57
Tacos Gavilan South Gate,2025-01-22,Miércoles,9:00 AM,90.83,11:00 PM,229.94
Tacos Gavilan Bell,2025-01-22,Miércoles,10:00 AM,98.66,11:00 PM,201.15
Tacos Gavilan Downey,2025-01-22,Miércoles,9:00 AM,210.89,11:00 PM,239.86
Tacos Gavilan Huntington Park,2025-01-22,Miércoles,9:00 AM,77.77,11:00 PM,377.01
Tacos Gavilan Lynwood,2025-01-22,Miércoles,12:00 AM,570.79,11:00 PM,751.33
Tacos Gavilan Norwalk,2025-01-22,Miércoles,12:00 AM,314.38,11:00 PM,665.47
Tacos Gavilan Slauson,2025-01-22,Miércoles,12:00 AM,510.68,11:00 PM,400.22
Tacos Gavilan Hollywood,2025-01-22,Miércoles,9:00 AM,234.90,11:00 PM,397.64
Tacos Gavilan LA Broadway,2025-01-22,Miércoles,12:00 AM,300.19,11:00 PM,578.29
Tacos Gavilan West Covina,2025-01-23,Jueves,12:00 AM,507.59,11:00 PM,437.76
Tacos Gavilan Santa Ana,2025-01-23,Jueves,10:00 AM,473.17,11:00 PM,268.79
Tacos Gavilan La Puente,2025-01-23,Jueves,9:00 AM,45.51,11:00 PM,154.59
Tacos Gavilan Azusa,2025-01-23,Jueves,9:00 AM,7.87,11:00 PM,101.33
Tacos Gavilan Rialto,2025-01-23,Jueves,12:00 AM,145.55,11:00 PM,346.09
Tacos Gavilan LA Central,2025-01-23,Jueves,12:00 AM,832.65,11:00 PM,703.33
Tacos Gavilan South Gate,2025-01-23,Jueves,9:00 AM,122.60,11:00 PM,478.92
Tacos Gavilan Bell,2025-01-23,Jueves,10:00 AM,248.50,11:00 PM,252.96
Tacos Gavilan Downey,2025-01-23,Jueves,12:00 AM,177.31,11:00 PM,399.66
Tacos Gavilan Huntington Park,2025-01-23,Jueves,12:00 AM,232.90,11:00 PM,353.21
Tacos Gavilan Lynwood,2025-01-23,Jueves,12:00 AM,591.57,11:00 PM,817.56
Tacos Gavilan Norwalk,2025-01-23,Jueves,12:00 AM,415.69,11:00 PM,401.82
Tacos Gavilan Slauson,2025-01-23,Jueves,12:00 AM,226.57,11:00 PM,436.72
Tacos Gavilan Hollywood,2025-01-23,Jueves,8:00 AM,42.84,11:00 PM,245.68
Tacos Gavilan LA Broadway,2025-01-23,Jueves,12:00 AM,595.07,11:00 PM,387.55
Tacos Gavilan West Covina,2025-01-24,Viernes,12:00 AM,479.55,11:00 PM,774.04
Tacos Gavilan Santa Ana,2025-01-24,Viernes,12:00 AM,357.36,11:00 PM,504.78
Tacos Gavilan La Puente,2025-01-24,Viernes,12:00 AM,316.67,11:00 PM,400.97
Tacos Gavilan Azusa,2025-01-24,Viernes,12:00 AM,201.74,11:00 PM,560.09
Tacos Gavilan Rialto,2025-01-24,Viernes,12:00 AM,711.47,11:00 PM,443.06
Tacos Gavilan LA Central,2025-01-24,Viernes,12:00 AM,834.21,11:00 PM,1153.21
Tacos Gavilan South Gate,2025-01-24,Viernes,12:00 AM,527.67,11:00 PM,702.22
Tacos Gavilan Bell,2025-01-24,Viernes,12:00 AM,272.03,11:00 PM,442.05
Tacos Gavilan Downey,2025-01-24,Viernes,12:00 AM,634.24,11:00 PM,517.93
Tacos Gavilan Huntington Park,2025-01-24,Viernes,12:00 AM,393.66,11:00 PM,521.32
Tacos Gavilan Lynwood,2025-01-24,Viernes,12:00 AM,1383.05,11:00 PM,1081.23
Tacos Gavilan Norwalk,2025-01-24,Viernes,12:00 AM,698.60,11:00 PM,841.02
Tacos Gavilan Slauson,2025-01-24,Viernes,12:00 AM,416.92,11:00 PM,722.78
Tacos Gavilan Hollywood,2025-01-24,Viernes,12:00 AM,425.58,11:00 PM,496.44
Tacos Gavilan LA Broadway,2025-01-24,Viernes,12:00 AM,544.57,11:00 PM,833.79
Tacos Gavilan West Covina,2025-01-25,Sábado,12:00 AM,483.56,11:00 PM,544.31
Tacos Gavilan Santa Ana,2025-01-25,Sábado,12:00 AM,596.79,11:00 PM,624.66
Tacos Gavilan La Puente,2025-01-25,Sábado,12:00 AM,299.70,11:00 PM,468.34
Tacos Gavilan Azusa,2025-01-25,Sábado,12:00 AM,286.17,11:00 PM,262.08
Tacos Gavilan Rialto,2025-01-25,Sábado,12:00 AM,713.06,11:00 PM,631.75
Tacos Gavilan LA Central,2025-01-25,Sábado,12:00 AM,1310.00,11:00 PM,1146.87
Tacos Gavilan South Gate,2025-01-25,Sábado,12:00 AM,352.89,11:00 PM,445.96
Tacos Gavilan Bell,2025-01-25,Sábado,12:00 AM,232.27,11:00 PM,329.91
Tacos Gavilan Downey,2025-01-25,Sábado,12:00 AM,694.36,11:00 PM,701.73
Tacos Gavilan Huntington Park,2025-01-25,Sábado,12:00 AM,499.57,11:00 PM,728.00
Tacos Gavilan Lynwood,2025-01-25,Sábado,12:00 AM,640.04,11:00 PM,1294.54
Tacos Gavilan Norwalk,2025-01-25,Sábado,12:00 AM,1008.78,11:00 PM,716.07
Tacos Gavilan Slauson,2025-01-25,Sábado,12:00 AM,579.52,11:00 PM,742.32
Tacos Gavilan Hollywood,2025-01-25,Sábado,12:00 AM,451.74,11:00 PM,456.28
Tacos Gavilan LA Broadway,2025-01-25,Sábado,12:00 AM,610.57,11:00 PM,919.69
Tacos Gavilan West Covina,2025-01-26,Domingo,12:00 AM,321.38,11:00 PM,376.32
Tacos Gavilan Santa Ana,2025-01-26,Domingo,10:00 AM,266.35,11:00 PM,306.97
Tacos Gavilan La Puente,2025-01-26,Domingo,9:00 AM,21.47,11:00 PM,144.92
Tacos Gavilan Azusa,2025-01-26,Domingo,10:00 AM,118.19,11:00 PM,225.97
Tacos Gavilan Rialto,2025-01-26,Domingo,12:00 AM,443.82,11:00 PM,288.33
Tacos Gavilan LA Central,2025-01-26,Domingo,12:00 AM,592.30,11:00 PM,760.66
Tacos Gavilan South Gate,2025-01-26,Domingo,9:00 AM,22.27,11:00 PM,226.78
Tacos Gavilan Bell,2025-01-26,Domingo,10:00 AM,291.01,11:00 PM,134.87
Tacos Gavilan Downey,2025-01-26,Domingo,9:00 AM,215.41,11:00 PM,242.89
Tacos Gavilan Huntington Park,2025-01-26,Domingo,10:00 AM,413.74,11:00 PM,179.27
Tacos Gavilan Lynwood,2025-01-26,Domingo,12:00 AM,645.79,11:00 PM,669.05
Tacos Gavilan Norwalk,2025-01-26,Domingo,12:00 AM,254.13,11:00 PM,336.47
Tacos Gavilan Slauson,2025-01-26,Domingo,12:00 AM,209.16,11:00 PM,506.74
Tacos Gavilan Hollywood,2025-01-26,Domingo,8:00 AM,43.59,11:00 PM,630.41
Tacos Gavilan LA Broadway,2025-01-26,Domingo,12:00 AM,325.33,11:00 PM,468.49
Tacos Gavilan West Covina,2025-01-27,Lunes,12:00 AM,305.79,11:00 PM,272.95
Tacos Gavilan Santa Ana,2025-01-27,Lunes,9:00 AM,40.49,11:00 PM,191.35
Tacos Gavilan La Puente,2025-01-27,Lunes,9:00 AM,61.01,11:00 PM,142.59
Tacos Gavilan Azusa,2025-01-27,Lunes,9:00 AM,12.45,11:00 PM,71.21
Tacos Gavilan Rialto,2025-01-27,Lunes,9:00 AM,62.97,11:00 PM,439.92
Tacos Gavilan LA Central,2025-01-27,Lunes,12:00 AM,398.03,11:00 PM,655.44
Tacos Gavilan South Gate,2025-01-27,Lunes,9:00 AM,43.69,11:00 PM,526.90
Tacos Gavilan Bell,2025-01-27,Lunes,10:00 AM,200.24,11:00 PM,170.43
Tacos Gavilan Downey,2025-01-27,Lunes,9:00 AM,116.20,11:00 PM,74.22
Tacos Gavilan Huntington Park,2025-01-27,Lunes,12:00 AM,9.07,11:00 PM,385.27
Tacos Gavilan Lynwood,2025-01-27,Lunes,12:00 AM,532.50,11:00 PM,608.34
Tacos Gavilan Norwalk,2025-01-27,Lunes,12:00 AM,636.63,11:00 PM,421.18
Tacos Gavilan Slauson,2025-01-27,Lunes,12:00 AM,303.95,11:00 PM,363.86
Tacos Gavilan Hollywood,2025-01-27,Lunes,9:00 AM,198.18,11:00 PM,289.60
Tacos Gavilan LA Broadway,2025-01-27,Lunes,12:00 AM,522.47,11:00 PM,470.56
Tacos Gavilan West Covina,2025-01-28,Martes,12:00 AM,266.92,11:00 PM,434.03
Tacos Gavilan Santa Ana,2025-01-28,Martes,10:00 AM,424.42,11:00 PM,437.24
Tacos Gavilan La Puente,2025-01-28,Martes,9:00 AM,11.38,11:00 PM,213.07
Tacos Gavilan Azusa,2025-01-28,Martes,9:00 AM,34.14,11:00 PM,142.30
Tacos Gavilan Rialto,2025-01-28,Martes,9:00 AM,102.45,11:00 PM,256.24
Tacos Gavilan LA Central,2025-01-28,Martes,12:00 AM,613.43,11:00 PM,860.96
Tacos Gavilan South Gate,2025-01-28,Martes,9:00 AM,78.97,11:00 PM,255.76
Tacos Gavilan Bell,2025-01-28,Martes,10:00 AM,204.88,11:00 PM,140.58
Tacos Gavilan Downey,2025-01-28,Martes,9:00 AM,121.41,11:00 PM,153.82
Tacos Gavilan Huntington Park,2025-01-28,Martes,9:00 AM,23.13,11:00 PM,360.26
Tacos Gavilan Lynwood,2025-01-28,Martes,12:00 AM,485.55,11:00 PM,671.54
Tacos Gavilan Norwalk,2025-01-28,Martes,12:00 AM,576.88,11:00 PM,511.31
Tacos Gavilan Slauson,2025-01-28,Martes,12:00 AM,370.99,11:00 PM,621.54
Tacos Gavilan Hollywood,2025-01-28,Martes,9:00 AM,418.49,11:00 PM,263.85
Tacos Gavilan LA Broadway,2025-01-28,Martes,12:00 AM,228.82,11:00 PM,562.40
Tacos Gavilan West Covina,2025-01-29,Miércoles,12:00 AM,425.23,11:00 PM,418.88
Tacos Gavilan Santa Ana,2025-01-29,Miércoles,10:00 AM,396.92,11:00 PM,407.07
Tacos Gavilan La Puente,2025-01-29,Miércoles,9:00 AM,32.92,11:00 PM,158.67
Tacos Gavilan Azusa,2025-01-29,Miércoles,10:00 AM,135.19,11:00 PM,310.54
Tacos Gavilan Rialto,2025-01-29,Miércoles,9:00 AM,274.66,11:00 PM,564.63
Tacos Gavilan LA Central,2025-01-29,Miércoles,12:00 AM,483.88,11:00 PM,557.66
Tacos Gavilan South Gate,2025-01-29,Miércoles,9:00 AM,79.94,11:00 PM,367.76
Tacos Gavilan Bell,2025-01-29,Miércoles,10:00 AM,255.78,11:00 PM,79.52
Tacos Gavilan Downey,2025-01-29,Miércoles,9:00 AM,268.26,11:00 PM,173.02
Tacos Gavilan Huntington Park,2025-01-29,Miércoles,9:00 AM,16.37,11:00 PM,206.38
Tacos Gavilan Lynwood,2025-01-29,Miércoles,12:00 AM,271.79,11:00 PM,582.87
Tacos Gavilan Norwalk,2025-01-29,Miércoles,12:00 AM,381.99,11:00 PM,417.48
Tacos Gavilan Slauson,2025-01-29,Miércoles,12:00 AM,433.52,11:00 PM,383.21
Tacos Gavilan Hollywood,2025-01-29,Miércoles,9:00 AM,303.21,11:00 PM,504.67
Tacos Gavilan LA Broadway,2025-01-29,Miércoles,12:00 AM,484.20,11:00 PM,650.98
Tacos Gavilan West Covina,2025-01-30,Jueves,12:00 AM,310.23,11:00 PM,761.19
Tacos Gavilan Santa Ana,2025-01-30,Jueves,10:00 AM,740.35,11:00 PM,466.57
Tacos Gavilan La Puente,2025-01-30,Jueves,9:00 AM,27.16,11:00 PM,215.40
Tacos Gavilan Azusa,2025-01-30,Jueves,10:00 AM,266.79,11:00 PM,297.43
Tacos Gavilan Rialto,2025-01-30,Jueves,12:00 AM,115.36,11:00 PM,688.77
Tacos Gavilan LA Central,2025-01-30,Jueves,12:00 AM,845.23,11:00 PM,835.41
Tacos Gavilan South Gate,2025-01-30,Jueves,9:00 AM,129.98,11:00 PM,365.92
Tacos Gavilan Bell,2025-01-30,Jueves,10:00 AM,274.70,11:00 PM,276.85
Tacos Gavilan Downey,2025-01-30,Jueves,12:00 AM,110.48,11:00 PM,283.07
Tacos Gavilan Huntington Park,2025-01-30,Jueves,12:00 AM,199.11,11:00 PM,390.06
Tacos Gavilan Lynwood,2025-01-30,Jueves,12:00 AM,674.42,11:00 PM,576.09
Tacos Gavilan Norwalk,2025-01-30,Jueves,12:00 AM,577.30,11:00 PM,658.09
Tacos Gavilan Slauson,2025-01-30,Jueves,12:00 AM,362.14,11:00 PM,398.15
Tacos Gavilan Hollywood,2025-01-30,Jueves,12:00 AM,3.79,11:00 PM,417.53
Tacos Gavilan LA Broadway,2025-01-30,Jueves,12:00 AM,534.80,11:00 PM,554.15
Tacos Gavilan West Covina,2025-01-31,Viernes,12:00 AM,429.84,11:00 PM,570.24
Tacos Gavilan Santa Ana,2025-01-31,Viernes,12:00 AM,329.37,11:00 PM,517.96
Tacos Gavilan La Puente,2025-01-31,Viernes,12:00 AM,543.68,11:00 PM,417.37
Tacos Gavilan Azusa,2025-01-31,Viernes,12:00 AM,241.51,11:00 PM,368.23
Tacos Gavilan Rialto,2025-01-31,Viernes,12:00 AM,596.90,11:00 PM,853.18
Tacos Gavilan LA Central,2025-01-31,Viernes,12:00 AM,1040.23,11:00 PM,1141.48
Tacos Gavilan South Gate,2025-01-31,Viernes,12:00 AM,468.94,11:00 PM,736.14
Tacos Gavilan Bell,2025-01-31,Viernes,12:00 AM,196.28,11:00 PM,257.64
Tacos Gavilan Downey,2025-01-31,Viernes,12:00 AM,506.83,11:00 PM,367.44
Tacos Gavilan Huntington Park,2025-01-31,Viernes,12:00 AM,463.83,11:00 PM,399.99
Tacos Gavilan Lynwood,2025-01-31,Viernes,12:00 AM,980.14,11:00 PM,830.84
Tacos Gavilan Norwalk,2025-01-31,Viernes,12:00 AM,743.94,11:00 PM,1033.50
Tacos Gavilan Slauson,2025-01-31,Viernes,12:00 AM,554.75,11:00 PM,592.32
Tacos Gavilan Hollywood,2025-01-31,Viernes,12:00 AM,869.51,11:00 PM,723.80
Tacos Gavilan LA Broadway,2025-01-31,Viernes,12:00 AM,622.87,11:00 PM,775.12
Tacos Gavilan West Covina,2025-02-01,Sábado,12:00 AM,520.29,11:00 PM,754.61
Tacos Gavilan Santa Ana,2025-02-01,Sábado,12:00 AM,507.55,11:00 PM,551.20
Tacos Gavilan La Puente,2025-02-01,Sábado,12:00 AM,357.79,11:00 PM,513.77
Tacos Gavilan Azusa,2025-02-01,Sábado,12:00 AM,464.17,11:00 PM,696.34
Tacos Gavilan Rialto,2025-02-01,Sábado,12:00 AM,743.52,11:00 PM,653.00
Tacos Gavilan LA Central,2025-02-01,Sábado,12:00 AM,1050.15,11:00 PM,1048.15
Tacos Gavilan South Gate,2025-02-01,Sábado,12:00 AM,652.06,11:00 PM,601.01
Tacos Gavilan Bell,2025-02-01,Sábado,12:00 AM,402.19,11:00 PM,272.31
Tacos Gavilan Downey,2025-02-01,Sábado,12:00 AM,805.33,11:00 PM,427.79
Tacos Gavilan Huntington Park,2025-02-01,Sábado,12:00 AM,676.16,11:00 PM,404.69
Tacos Gavilan Lynwood,2025-02-01,Sábado,12:00 AM,860.25,11:00 PM,1295.91
Tacos Gavilan Norwalk,2025-02-01,Sábado,12:00 AM,816.32,11:00 PM,850.06
Tacos Gavilan Slauson,2025-02-01,Sábado,12:00 AM,806.19,11:00 PM,975.91
Tacos Gavilan Hollywood,2025-02-01,Sábado,12:00 AM,570.76,11:00 PM,731.15
Tacos Gavilan LA Broadway,2025-02-01,Sábado,12:00 AM,788.29,11:00 PM,896.17
Tacos Gavilan West Covina,2025-02-02,Domingo,12:00 AM,359.17,11:00 PM,559.60
Tacos Gavilan Santa Ana,2025-02-02,Domingo,9:00 AM,23.86,11:00 PM,184.05
Tacos Gavilan La Puente,2025-02-02,Domingo,9:00 AM,72.29,11:00 PM,260.42
Tacos Gavilan Azusa,2025-02-02,Domingo,9:00 AM,19.58,11:00 PM,55.61
Tacos Gavilan Rialto,2025-02-02,Domingo,12:00 AM,249.08,11:00 PM,519.64
Tacos Gavilan LA Central,2025-02-02,Domingo,12:00 AM,495.14,11:00 PM,730.96
Tacos Gavilan South Gate,2025-02-02,Domingo,10:00 AM,420.95,11:00 PM,373.97
Tacos Gavilan Bell,2025-02-02,Domingo,10:00 AM,175.49,11:00 PM,154.41
Tacos Gavilan Downey,2025-02-02,Domingo,9:00 AM,352.35,11:00 PM,363.39
Tacos Gavilan Huntington Park,2025-02-02,Domingo,10:00 AM,504.42,11:00 PM,304.13
Tacos Gavilan Lynwood,2025-02-02,Domingo,12:00 AM,779.96,11:00 PM,1019.32
Tacos Gavilan Norwalk,2025-02-02,Domingo,12:00 AM,100.88,11:00 PM,569.54
Tacos Gavilan Slauson,2025-02-02,Domingo,12:00 AM,347.56,11:00 PM,484.85
Tacos Gavilan Hollywood,2025-02-02,Domingo,8:00 AM,10.38,11:00 PM,675.24
Tacos Gavilan LA Broadway,2025-02-02,Domingo,12:00 AM,556.92,11:00 PM,614.02
Tacos Gavilan West Covina,2025-02-03,Lunes,12:00 AM,290.32,11:00 PM,473.88
Tacos Gavilan Santa Ana,2025-02-03,Lunes,10:00 AM,310.11,11:00 PM,280.24
Tacos Gavilan La Puente,2025-02-03,Lunes,9:00 AM,72.40,11:00 PM,217.71
Tacos Gavilan Azusa,2025-02-03,Lunes,10:00 AM,360.21,11:00 PM,252.01
Tacos Gavilan Rialto,2025-02-03,Lunes,9:00 AM,177.12,11:00 PM,385.69
Tacos Gavilan LA Central,2025-02-03,Lunes,12:00 AM,830.53,11:00 PM,534.12
Tacos Gavilan South Gate,2025-02-03,Lunes,9:00 AM,97.59,11:00 PM,193.97
Tacos Gavilan Bell,2025-02-03,Lunes,9:00 AM,96.56,11:00 PM,196.67
Tacos Gavilan Downey,2025-02-03,Lunes,9:00 AM,178.98,11:00 PM,196.22
Tacos Gavilan Huntington Park,2025-02-03,Lunes,9:00 AM,3.98,11:00 PM,398.00
Tacos Gavilan Lynwood,2025-02-03,Lunes,12:00 AM,517.39,11:00 PM,701.03
Tacos Gavilan Norwalk,2025-02-03,Lunes,12:00 AM,335.72,11:00 PM,371.43
Tacos Gavilan Slauson,2025-02-03,Lunes,12:00 AM,811.70,11:00 PM,751.06
Tacos Gavilan Hollywood,2025-02-03,Lunes,9:00 AM,224.48,11:00 PM,304.65
Tacos Gavilan LA Broadway,2025-02-03,Lunes,12:00 AM,18.97,11:00 PM,393.71
Tacos Gavilan West Covina,2025-02-04,Martes,12:00 AM,203.98,11:00 PM,662.52
Tacos Gavilan Santa Ana,2025-02-04,Martes,9:00 AM,27.52,11:00 PM,366.47
Tacos Gavilan La Puente,2025-02-04,Martes,12:00 AM,2.25,11:00 PM,354.36
Tacos Gavilan Azusa,2025-02-04,Martes,9:00 AM,27.53,11:00 PM,311.51
Tacos Gavilan Rialto,2025-02-04,Martes,9:00 AM,156.79,11:00 PM,333.10
Tacos Gavilan LA Central,2025-02-04,Martes,12:00 AM,758.43,11:00 PM,882.60
Tacos Gavilan South Gate,2025-02-04,Martes,9:00 AM,94.31,11:00 PM,549.50
Tacos Gavilan Bell,2025-02-04,Martes,9:00 AM,18.91,11:00 PM,97.65
Tacos Gavilan Downey,2025-02-04,Martes,8:00 AM,25.60,11:00 PM,245.42
Tacos Gavilan Huntington Park,2025-02-04,Martes,9:00 AM,23.87,11:00 PM,175.47
Tacos Gavilan Lynwood,2025-02-04,Martes,12:00 AM,564.10,11:00 PM,836.47
Tacos Gavilan Norwalk,2025-02-04,Martes,12:00 AM,452.90,11:00 PM,706.53
Tacos Gavilan Slauson,2025-02-04,Martes,12:00 AM,452.22,11:00 PM,695.09
Tacos Gavilan Hollywood,2025-02-04,Martes,8:00 AM,12.28,11:00 PM,348.63
Tacos Gavilan LA Broadway,2025-02-04,Martes,9:00 AM,450.91,11:00 PM,425.46
Tacos Gavilan West Covina,2025-02-05,Miércoles,12:00 AM,327.66,11:00 PM,650.58
Tacos Gavilan Santa Ana,2025-02-05,Miércoles,10:00 AM,421.04,11:00 PM,290.07
Tacos Gavilan La Puente,2025-02-05,Miércoles,9:00 AM,74.27,11:00 PM,221.48
Tacos Gavilan Azusa,2025-02-05,Miércoles,9:00 AM,38.64,11:00 PM,141.09
Tacos Gavilan Rialto,2025-02-05,Miércoles,8:00 AM,9.89,11:00 PM,281.96
Tacos Gavilan LA Central,2025-02-05,Miércoles,12:00 AM,729.44,11:00 PM,585.67
Tacos Gavilan South Gate,2025-02-05,Miércoles,9:00 AM,88.30,11:00 PM,137.90
Tacos Gavilan Bell,2025-02-05,Miércoles,10:00 AM,185.95,11:00 PM,146.09
Tacos Gavilan Downey,2025-02-05,Miércoles,9:00 AM,304.31,11:00 PM,227.62
Tacos Gavilan Huntington Park,2025-02-05,Miércoles,9:00 AM,33.14,11:00 PM,170.70
Tacos Gavilan Lynwood,2025-02-05,Miércoles,12:00 AM,608.01,11:00 PM,904.81
Tacos Gavilan Norwalk,2025-02-05,Miércoles,12:00 AM,250.09,11:00 PM,662.73
Tacos Gavilan Slauson,2025-02-05,Miércoles,12:00 AM,504.48,11:00 PM,570.35
Tacos Gavilan Hollywood,2025-02-05,Miércoles,9:00 AM,293.35,11:00 PM,306.47
Tacos Gavilan LA Broadway,2025-02-05,Miércoles,12:00 AM,31.49,11:00 PM,293.58
Tacos Gavilan West Covina,2025-02-06,Jueves,12:00 AM,485.60,11:00 PM,674.01
Tacos Gavilan Santa Ana,2025-02-06,Jueves,10:00 AM,592.16,11:00 PM,295.32
Tacos Gavilan La Puente,2025-02-06,Jueves,9:00 AM,43.10,11:00 PM,438.75
Tacos Gavilan Azusa,2025-02-06,Jueves,9:00 AM,12.95,11:00 PM,158.69
Tacos Gavilan Rialto,2025-02-06,Jueves,12:00 AM,161.73,11:00 PM,543.13
Tacos Gavilan LA Central,2025-02-06,Jueves,12:00 AM,886.21,11:00 PM,915.29
Tacos Gavilan South Gate,2025-02-06,Jueves,9:00 AM,73.24,11:00 PM,551.01
Tacos Gavilan Bell,2025-02-06,Jueves,10:00 AM,297.60,11:00 PM,212.80
Tacos Gavilan Downey,2025-02-06,Jueves,12:00 AM,171.20,11:00 PM,385.43
Tacos Gavilan Huntington Park,2025-02-06,Jueves,12:00 AM,223.81,11:00 PM,271.30
Tacos Gavilan Lynwood,2025-02-06,Jueves,12:00 AM,752.82,11:00 PM,801.05
Tacos Gavilan Norwalk,2025-02-06,Jueves,12:00 AM,618.90,11:00 PM,696.61
Tacos Gavilan Slauson,2025-02-06,Jueves,12:00 AM,465.99,11:00 PM,487.84
Tacos Gavilan Hollywood,2025-02-06,Jueves,9:00 AM,538.20,11:00 PM,477.10
Tacos Gavilan LA Broadway,2025-02-06,Jueves,8:00 AM,290.47,11:00 PM,481.62
Tacos Gavilan West Covina,2025-02-07,Viernes,12:00 AM,563.62,11:00 PM,859.50
Tacos Gavilan Santa Ana,2025-02-07,Viernes,12:00 AM,591.21,11:00 PM,650.57
Tacos Gavilan La Puente,2025-02-07,Viernes,12:00 AM,576.18,11:00 PM,469.13
Tacos Gavilan Azusa,2025-02-07,Viernes,12:00 AM,265.38,11:00 PM,183.88
Tacos Gavilan Rialto,2025-02-07,Viernes,12:00 AM,670.09,11:00 PM,619.90
Tacos Gavilan LA Central,2025-02-07,Viernes,12:00 AM,1324.61,11:00 PM,974.46
Tacos Gavilan South Gate,2025-02-07,Viernes,12:00 AM,255.84,11:00 PM,595.09
Tacos Gavilan Bell,2025-02-07,Viernes,12:00 AM,264.95,11:00 PM,200.43
Tacos Gavilan Downey,2025-02-07,Viernes,12:00 AM,577.23,11:00 PM,650.62
Tacos Gavilan Huntington Park,2025-02-07,Viernes,12:00 AM,313.45,11:00 PM,536.99
Tacos Gavilan Lynwood,2025-02-07,Viernes,12:00 AM,876.72,11:00 PM,1400.85
Tacos Gavilan Norwalk,2025-02-07,Viernes,12:00 AM,838.36,11:00 PM,861.52
Tacos Gavilan Slauson,2025-02-07,Viernes,12:00 AM,847.87,11:00 PM,1092.60
Tacos Gavilan Hollywood,2025-02-07,Viernes,12:00 AM,603.25,11:00 PM,615.28
Tacos Gavilan LA Broadway,2025-02-07,Viernes,12:00 AM,775.00,11:00 PM,752.38
Tacos Gavilan West Covina,2025-02-08,Sábado,12:00 AM,523.26,11:00 PM,594.07
Tacos Gavilan Santa Ana,2025-02-08,Sábado,12:00 AM,588.97,11:00 PM,642.25
Tacos Gavilan La Puente,2025-02-08,Sábado,12:00 AM,351.25,11:00 PM,424.49
Tacos Gavilan Azusa,2025-02-08,Sábado,12:00 AM,81.14,11:00 PM,249.13
Tacos Gavilan Rialto,2025-02-08,Sábado,12:00 AM,885.14,11:00 PM,820.79
Tacos Gavilan LA Central,2025-02-08,Sábado,12:00 AM,1003.89,11:00 PM,1180.12
Tacos Gavilan South Gate,2025-02-08,Sábado,12:00 AM,599.95,11:00 PM,706.27
Tacos Gavilan Bell,2025-02-08,Sábado,12:00 AM,354.26,11:00 PM,330.34
Tacos Gavilan Downey,2025-02-08,Sábado,12:00 AM,965.35,11:00 PM,939.90
Tacos Gavilan Huntington Park,2025-02-08,Sábado,12:00 AM,548.63,11:00 PM,638.07
Tacos Gavilan Lynwood,2025-02-08,Sábado,12:00 AM,951.23,11:00 PM,1017.87
Tacos Gavilan Norwalk,2025-02-08,Sábado,12:00 AM,973.63,11:00 PM,796.07
Tacos Gavilan Slauson,2025-02-08,Sábado,12:00 AM,476.26,11:00 PM,429.84
Tacos Gavilan Hollywood,2025-02-08,Sábado,12:00 AM,644.48,11:00 PM,406.59
Tacos Gavilan LA Broadway,2025-02-08,Sábado,12:00 AM,721.60,11:00 PM,919.58
Tacos Gavilan West Covina,2025-02-09,Domingo,12:00 AM,438.67,11:00 PM,721.10
Tacos Gavilan Santa Ana,2025-02-09,Domingo,10:00 AM,259.90,11:00 PM,302.58
Tacos Gavilan La Puente,2025-02-09,Domingo,9:00 AM,39.85,11:00 PM,263.32
Tacos Gavilan Azusa,2025-02-09,Domingo,10:00 AM,199.23,11:00 PM,154.81
Tacos Gavilan Rialto,2025-02-09,Domingo,12:00 AM,463.67,11:00 PM,411.44
Tacos Gavilan LA Central,2025-02-09,Domingo,12:00 AM,591.33,11:00 PM,511.60
Tacos Gavilan South Gate,2025-02-09,Domingo,9:00 AM,1.89,11:00 PM,398.36
Tacos Gavilan Bell,2025-02-09,Domingo,10:00 AM,261.97,11:00 PM,169.25
Tacos Gavilan Downey,2025-02-09,Domingo,9:00 AM,352.60,11:00 PM,177.93
Tacos Gavilan Huntington Park,2025-02-09,Domingo,10:00 AM,456.99,11:00 PM,343.13
Tacos Gavilan Lynwood,2025-02-09,Domingo,12:00 AM,673.54,11:00 PM,675.77
Tacos Gavilan Norwalk,2025-02-09,Domingo,12:00 AM,441.16,11:00 PM,611.06
Tacos Gavilan Slauson,2025-02-09,Domingo,12:00 AM,390.43,11:00 PM,457.83
Tacos Gavilan Hollywood,2025-02-09,Domingo,8:00 AM,11.48,11:00 PM,485.93
Tacos Gavilan LA Broadway,2025-02-09,Domingo,12:00 AM,464.29,11:00 PM,630.36
Tacos Gavilan West Covina,2025-02-10,Lunes,12:00 AM,373.67,11:00 PM,465.68
Tacos Gavilan Santa Ana,2025-02-10,Lunes,10:00 AM,427.70,11:00 PM,339.16
Tacos Gavilan La Puente,2025-02-10,Lunes,9:00 AM,111.28,11:00 PM,237.44
Tacos Gavilan Azusa,2025-02-10,Lunes,10:00 AM,263.05,11:00 PM,229.73
Tacos Gavilan Rialto,2025-02-10,Lunes,9:00 AM,141.57,11:00 PM,372.74
Tacos Gavilan LA Central,2025-02-10,Lunes,12:00 AM,472.43,11:00 PM,516.53
Tacos Gavilan South Gate,2025-02-10,Lunes,9:00 AM,86.46,11:00 PM,480.69
Tacos Gavilan Bell,2025-02-10,Lunes,10:00 AM,132.21,11:00 PM,208.43
Tacos Gavilan Downey,2025-02-10,Lunes,9:00 AM,213.12,11:00 PM,161.16
Tacos Gavilan Huntington Park,2025-02-10,Lunes,10:00 AM,515.11,11:00 PM,255.74
Tacos Gavilan Lynwood,2025-02-10,Lunes,12:00 AM,585.03,11:00 PM,774.17
Tacos Gavilan Norwalk,2025-02-10,Lunes,12:00 AM,360.57,11:00 PM,544.21
Tacos Gavilan Slauson,2025-02-10,Lunes,12:00 AM,595.27,11:00 PM,814.00
Tacos Gavilan Hollywood,2025-02-10,Lunes,9:00 AM,256.48,11:00 PM,443.57
Tacos Gavilan LA Broadway,2025-02-10,Lunes,12:00 AM,13.19,11:00 PM,387.36
Tacos Gavilan West Covina,2025-02-11,Martes,12:00 AM,273.50,11:00 PM,474.91
Tacos Gavilan Santa Ana,2025-02-11,Martes,10:00 AM,468.08,11:00 PM,590.44
Tacos Gavilan La Puente,2025-02-11,Martes,9:00 AM,93.02,11:00 PM,245.13
Tacos Gavilan Azusa,2025-02-11,Martes,10:00 AM,439.43,11:00 PM,238.06
Tacos Gavilan Rialto,2025-02-11,Martes,8:00 AM,10.99,11:00 PM,415.24
Tacos Gavilan LA Central,2025-02-11,Martes,12:00 AM,544.29,11:00 PM,722.83
Tacos Gavilan South Gate,2025-02-11,Martes,8:00 AM,3.78,11:00 PM,514.16
Tacos Gavilan Bell,2025-02-11,Martes,9:00 AM,8.59,11:00 PM,189.81
Tacos Gavilan Downey,2025-02-11,Martes,9:00 AM,329.72,11:00 PM,338.25
Tacos Gavilan Huntington Park,2025-02-11,Martes,9:00 AM,46.31,11:00 PM,179.70
Tacos Gavilan Lynwood,2025-02-11,Martes,12:00 AM,577.19,11:00 PM,812.04
Tacos Gavilan Norwalk,2025-02-11,Martes,12:00 AM,361.87,11:00 PM,637.16
Tacos Gavilan Slauson,2025-02-11,Martes,12:00 AM,461.78,11:00 PM,545.67
Tacos Gavilan Hollywood,2025-02-11,Martes,9:00 AM,311.78,11:00 PM,627.48
Tacos Gavilan LA Broadway,2025-02-11,Martes,8:00 AM,23.36,11:00 PM,497.29
Tacos Gavilan West Covina,2025-02-12,Miércoles,12:00 AM,497.07,11:00 PM,379.98
Tacos Gavilan Santa Ana,2025-02-12,Miércoles,10:00 AM,523.34,11:00 PM,249.38
Tacos Gavilan La Puente,2025-02-12,Miércoles,9:00 AM,96.97,11:00 PM,277.86
Tacos Gavilan Azusa,2025-02-12,Miércoles,9:00 AM,25.44,11:00 PM,177.67
Tacos Gavilan Rialto,2025-02-12,Miércoles,9:00 AM,183.39,11:00 PM,453.38
Tacos Gavilan LA Central,2025-02-12,Miércoles,12:00 AM,532.96,11:00 PM,716.08
Tacos Gavilan South Gate,2025-02-12,Miércoles,9:00 AM,89.43,11:00 PM,120.18
Tacos Gavilan Bell,2025-02-12,Miércoles,10:00 AM,260.19,11:00 PM,144.24
Tacos Gavilan Downey,2025-02-12,Miércoles,9:00 AM,116.01,11:00 PM,232.55
Tacos Gavilan Huntington Park,2025-02-12,Miércoles,9:00 AM,25.54,11:00 PM,281.38
Tacos Gavilan Lynwood,2025-02-12,Miércoles,12:00 AM,709.99,11:00 PM,770.54
Tacos Gavilan Norwalk,2025-02-12,Miércoles,12:00 AM,584.47,11:00 PM,636.65
Tacos Gavilan Slauson,2025-02-12,Miércoles,12:00 AM,615.09,11:00 PM,360.97
Tacos Gavilan Hollywood,2025-02-12,Miércoles,9:00 AM,932.51,11:00 PM,539.53
Tacos Gavilan LA Broadway,2025-02-12,Miércoles,12:00 AM,26.57,11:00 PM,399.86
Tacos Gavilan West Covina,2025-02-13,Jueves,12:00 AM,528.21,11:00 PM,749.21
Tacos Gavilan Santa Ana,2025-02-13,Jueves,12:00 AM,1.09,11:00 PM,372.94
Tacos Gavilan La Puente,2025-02-13,Jueves,9:00 AM,4.95,11:00 PM,202.60
Tacos Gavilan Azusa,2025-02-13,Jueves,10:00 AM,135.78,11:00 PM,149.69
Tacos Gavilan Rialto,2025-02-13,Jueves,12:00 AM,123.63,11:00 PM,392.25
Tacos Gavilan LA Central,2025-02-13,Jueves,12:00 AM,839.29,11:00 PM,842.01
Tacos Gavilan South Gate,2025-02-13,Jueves,12:00 AM,7.58,11:00 PM,434.63
Tacos Gavilan Bell,2025-02-13,Jueves,12:00 AM,18.24,11:00 PM,231.19
Tacos Gavilan Downey,2025-02-13,Jueves,12:00 AM,183.11,11:00 PM,524.42
Tacos Gavilan Huntington Park,2025-02-13,Jueves,12:00 AM,395.12,11:00 PM,371.51
Tacos Gavilan Lynwood,2025-02-13,Jueves,12:00 AM,662.21,11:00 PM,1039.70
Tacos Gavilan Norwalk,2025-02-13,Jueves,12:00 AM,598.04,11:00 PM,828.73
Tacos Gavilan Slauson,2025-02-13,Jueves,12:00 AM,942.29,11:00 PM,845.59
Tacos Gavilan Hollywood,2025-02-13,Jueves,8:00 AM,46.80,11:00 PM,397.42
Tacos Gavilan LA Broadway,2025-02-13,Jueves,8:00 AM,59.98,11:00 PM,496.16
Tacos Gavilan West Covina,2025-02-14,Viernes,12:00 AM,681.76,11:00 PM,834.81
Tacos Gavilan Santa Ana,2025-02-14,Viernes,12:00 AM,604.20,11:00 PM,668.20
Tacos Gavilan La Puente,2025-02-14,Viernes,12:00 AM,551.09,11:00 PM,436.30
Tacos Gavilan Azusa,2025-02-14,Viernes,12:00 AM,240.31,11:00 PM,158.74
Tacos Gavilan Rialto,2025-02-14,Viernes,12:00 AM,606.22,11:00 PM,826.55
Tacos Gavilan LA Central,2025-02-14,Viernes,12:00 AM,964.80,11:00 PM,1619.73
Tacos Gavilan South Gate,2025-02-14,Viernes,12:00 AM,633.28,11:00 PM,634.82
Tacos Gavilan Bell,2025-02-14,Viernes,12:00 AM,247.93,11:00 PM,537.73
Tacos Gavilan Downey,2025-02-14,Viernes,12:00 AM,733.99,11:00 PM,798.60
Tacos Gavilan Huntington Park,2025-02-14,Viernes,12:00 AM,326.93,11:00 PM,576.29
Tacos Gavilan Lynwood,2025-02-14,Viernes,12:00 AM,1243.99,11:00 PM,1369.67
Tacos Gavilan Norwalk,2025-02-14,Viernes,12:00 AM,952.40,11:00 PM,982.75
Tacos Gavilan Slauson,2025-02-14,Viernes,12:00 AM,818.62,11:00 PM,987.27
Tacos Gavilan Hollywood,2025-02-14,Viernes,12:00 AM,550.99,11:00 PM,463.56
Tacos Gavilan LA Broadway,2025-02-14,Viernes,12:00 AM,588.06,11:00 PM,912.73
Tacos Gavilan West Covina,2025-02-15,Sábado,12:00 AM,715.91,11:00 PM,798.37
Tacos Gavilan Santa Ana,2025-02-15,Sábado,12:00 AM,486.22,11:00 PM,806.26
Tacos Gavilan La Puente,2025-02-15,Sábado,12:00 AM,659.56,11:00 PM,632.49
Tacos Gavilan Azusa,2025-02-15,Sábado,12:00 AM,345.00,11:00 PM,588.74
Tacos Gavilan Rialto,2025-02-15,Sábado,12:00 AM,714.57,11:00 PM,1203.12
Tacos Gavilan LA Central,2025-02-15,Sábado,12:00 AM,1714.18,11:00 PM,1271.53
Tacos Gavilan South Gate,2025-02-15,Sábado,12:00 AM,911.41,11:00 PM,536.97
Tacos Gavilan Bell,2025-02-15,Sábado,12:00 AM,212.77,11:00 PM,146.15
Tacos Gavilan Downey,2025-02-15,Sábado,12:00 AM,1023.50,11:00 PM,581.19
Tacos Gavilan Huntington Park,2025-02-15,Sábado,12:00 AM,697.44,11:00 PM,336.07
Tacos Gavilan Lynwood,2025-02-15,Sábado,12:00 AM,1573.37,11:00 PM,1193.06
Tacos Gavilan Norwalk,2025-02-15,Sábado,12:00 AM,906.77,11:00 PM,1226.49
Tacos Gavilan Slauson,2025-02-15,Sábado,12:00 AM,1186.38,11:00 PM,1179.89
Tacos Gavilan Hollywood,2025-02-15,Sábado,12:00 AM,761.92,11:00 PM,367.71
Tacos Gavilan LA Broadway,2025-02-15,Sábado,12:00 AM,541.60,11:00 PM,1070.23
Tacos Gavilan West Covina,2025-02-16,Domingo,12:00 AM,425.16,11:00 PM,576.92
Tacos Gavilan Santa Ana,2025-02-16,Domingo,10:00 AM,236.40,11:00 PM,572.93
Tacos Gavilan La Puente,2025-02-16,Domingo,9:00 AM,37.21,11:00 PM,426.01
Tacos Gavilan Azusa,2025-02-16,Domingo,10:00 AM,273.31,11:00 PM,283.36
Tacos Gavilan Rialto,2025-02-16,Domingo,12:00 AM,352.05,11:00 PM,582.66
Tacos Gavilan LA Central,2025-02-16,Domingo,12:00 AM,1147.28,11:00 PM,930.63
Tacos Gavilan South Gate,2025-02-16,Domingo,10:00 AM,418.20,11:00 PM,655.51
Tacos Gavilan Bell,2025-02-16,Domingo,10:00 AM,315.11,11:00 PM,257.74
Tacos Gavilan Downey,2025-02-16,Domingo,12:00 AM,76.08,11:00 PM,328.01
Tacos Gavilan Huntington Park,2025-02-16,Domingo,9:00 AM,53.19,11:00 PM,486.32
Tacos Gavilan Lynwood,2025-02-16,Domingo,12:00 AM,635.81,11:00 PM,1029.26
Tacos Gavilan Norwalk,2025-02-16,Domingo,12:00 AM,353.30,11:00 PM,790.61
Tacos Gavilan Slauson,2025-02-16,Domingo,12:00 AM,645.32,11:00 PM,545.32
Tacos Gavilan Hollywood,2025-02-16,Domingo,9:00 AM,112.96,11:00 PM,480.53
Tacos Gavilan LA Broadway,2025-02-16,Domingo,12:00 AM,713.56,11:00 PM,567.19
Tacos Gavilan West Covina,2025-02-17,Lunes,12:00 AM,304.95,11:00 PM,603.87
Tacos Gavilan Santa Ana,2025-02-17,Lunes,10:00 AM,546.62,11:00 PM,326.42
Tacos Gavilan La Puente,2025-02-17,Lunes,9:00 AM,57.88,11:00 PM,192.42
Tacos Gavilan Azusa,2025-02-17,Lunes,8:00 AM,12.45,11:00 PM,113.18
Tacos Gavilan Rialto,2025-02-17,Lunes,9:00 AM,215.20,11:00 PM,415.30
Tacos Gavilan LA Central,2025-02-17,Lunes,12:00 AM,527.07,11:00 PM,869.07
Tacos Gavilan South Gate,2025-02-17,Lunes,9:00 AM,186.40,11:00 PM,428.02
Tacos Gavilan Bell,2025-02-17,Lunes,10:00 AM,329.66,11:00 PM,130.90
Tacos Gavilan Downey,2025-02-17,Lunes,9:00 AM,376.42,11:00 PM,335.35
Tacos Gavilan Huntington Park,2025-02-17,Lunes,10:00 AM,326.08,11:00 PM,316.32
Tacos Gavilan Lynwood,2025-02-17,Lunes,12:00 AM,742.46,11:00 PM,712.93
Tacos Gavilan Norwalk,2025-02-17,Lunes,12:00 AM,474.24,11:00 PM,480.20
Tacos Gavilan Slauson,2025-02-17,Lunes,12:00 AM,254.48,11:00 PM,456.58
Tacos Gavilan Hollywood,2025-02-17,Lunes,9:00 AM,372.35,11:00 PM,160.79
Tacos Gavilan LA Broadway,2025-02-17,Lunes,12:00 AM,553.31,11:00 PM,651.41
Tacos Gavilan West Covina,2025-02-18,Martes,12:00 AM,447.13,11:00 PM,435.90
Tacos Gavilan Santa Ana,2025-02-18,Martes,10:00 AM,356.33,11:00 PM,324.74
Tacos Gavilan La Puente,2025-02-18,Martes,10:00 AM,237.95,11:00 PM,376.52
Tacos Gavilan Azusa,2025-02-18,Martes,9:00 AM,8.59,11:00 PM,264.73
Tacos Gavilan Rialto,2025-02-18,Martes,8:00 AM,28.54,11:00 PM,332.61
Tacos Gavilan LA Central,2025-02-18,Martes,12:00 AM,391.41,11:00 PM,674.74
Tacos Gavilan South Gate,2025-02-18,Martes,9:00 AM,63.85,11:00 PM,299.07
Tacos Gavilan Bell,2025-02-18,Martes,10:00 AM,86.33,11:00 PM,305.46
Tacos Gavilan Downey,2025-02-18,Martes,8:00 AM,13.40,11:00 PM,168.62
Tacos Gavilan Huntington Park,2025-02-18,Martes,9:00 AM,13.18,11:00 PM,241.60
Tacos Gavilan Lynwood,2025-02-18,Martes,12:00 AM,799.80,11:00 PM,601.30
Tacos Gavilan Norwalk,2025-02-18,Martes,12:00 AM,292.08,11:00 PM,529.11
Tacos Gavilan Slauson,2025-02-18,Martes,12:00 AM,411.10,11:00 PM,381.16
Tacos Gavilan Hollywood,2025-02-18,Martes,8:00 AM,17.47,11:00 PM,418.43
Tacos Gavilan LA Broadway,2025-02-18,Martes,12:00 AM,413.81,11:00 PM,356.67
Tacos Gavilan West Covina,2025-02-19,Miércoles,12:00 AM,386.33,11:00 PM,661.90
Tacos Gavilan Santa Ana,2025-02-19,Miércoles,10:00 AM,380.04,11:00 PM,218.70
Tacos Gavilan La Puente,2025-02-19,Miércoles,9:00 AM,79.06,11:00 PM,207.88
Tacos Gavilan Azusa,2025-02-19,Miércoles,9:00 AM,12.88,11:00 PM,69.82
Tacos Gavilan Rialto,2025-02-19,Miércoles,9:00 AM,138.39,11:00 PM,503.03
Tacos Gavilan LA Central,2025-02-19,Miércoles,12:00 AM,837.46,11:00 PM,678.33
Tacos Gavilan South Gate,2025-02-19,Miércoles,9:00 AM,173.33,11:00 PM,394.14
Tacos Gavilan Bell,2025-02-19,Miércoles,10:00 AM,206.61,11:00 PM,234.40
Tacos Gavilan Downey,2025-02-19,Miércoles,9:00 AM,342.77,11:00 PM,179.69
Tacos Gavilan Huntington Park,2025-02-19,Miércoles,12:00 AM,4.49,11:00 PM,362.36
Tacos Gavilan Lynwood,2025-02-19,Miércoles,12:00 AM,510.23,11:00 PM,612.84
Tacos Gavilan Norwalk,2025-02-19,Miércoles,12:00 AM,447.02,11:00 PM,476.42
Tacos Gavilan Slauson,2025-02-19,Miércoles,12:00 AM,383.99,11:00 PM,531.78
Tacos Gavilan Hollywood,2025-02-19,Miércoles,8:00 AM,13.67,11:00 PM,392.85
Tacos Gavilan LA Broadway,2025-02-19,Miércoles,12:00 AM,448.88,11:00 PM,466.92
Tacos Gavilan West Covina,2025-02-20,Jueves,12:00 AM,370.53,11:00 PM,423.30
Tacos Gavilan Santa Ana,2025-02-20,Jueves,10:00 AM,348.37,11:00 PM,357.64
Tacos Gavilan La Puente,2025-02-20,Jueves,12:00 AM,2.25,11:00 PM,266.61
Tacos Gavilan Azusa,2025-02-20,Jueves,9:00 AM,16.35,11:00 PM,132.93
Tacos Gavilan Rialto,2025-02-20,Jueves,12:00 AM,190.02,11:00 PM,441.76
Tacos Gavilan LA Central,2025-02-20,Jueves,12:00 AM,783.12,11:00 PM,1344.46
Tacos Gavilan South Gate,2025-02-20,Jueves,9:00 AM,138.82,11:00 PM,408.94
Tacos Gavilan Bell,2025-02-20,Jueves,10:00 AM,199.13,11:00 PM,166.85
Tacos Gavilan Downey,2025-02-20,Jueves,12:00 AM,192.57,11:00 PM,312.69
Tacos Gavilan Huntington Park,2025-02-20,Jueves,12:00 AM,240.10,11:00 PM,413.79
Tacos Gavilan Lynwood,2025-02-20,Jueves,12:00 AM,683.45,11:00 PM,792.64
Tacos Gavilan Norwalk,2025-02-20,Jueves,12:00 AM,596.09,11:00 PM,578.55
Tacos Gavilan Slauson,2025-02-20,Jueves,12:00 AM,467.54,11:00 PM,557.24
Tacos Gavilan Hollywood,2025-02-20,Jueves,8:00 AM,8.28,11:00 PM,525.90
Tacos Gavilan LA Broadway,2025-02-20,Jueves,12:00 AM,562.24,11:00 PM,377.20
Tacos Gavilan West Covina,2025-02-21,Viernes,12:00 AM,731.53,11:00 PM,685.35
Tacos Gavilan Santa Ana,2025-02-21,Viernes,12:00 AM,466.56,11:00 PM,901.84
Tacos Gavilan La Puente,2025-02-21,Viernes,12:00 AM,324.41,11:00 PM,491.83
Tacos Gavilan Azusa,2025-02-21,Viernes,12:00 AM,232.21,11:00 PM,468.74
Tacos Gavilan Rialto,2025-02-21,Viernes,12:00 AM,692.53,11:00 PM,979.94
Tacos Gavilan LA Central,2025-02-21,Viernes,12:00 AM,1673.50,11:00 PM,1402.36
Tacos Gavilan South Gate,2025-02-21,Viernes,12:00 AM,584.45,11:00 PM,902.79
Tacos Gavilan Bell,2025-02-21,Viernes,12:00 AM,304.80,11:00 PM,273.26
Tacos Gavilan Downey,2025-02-21,Viernes,12:00 AM,842.98,11:00 PM,488.35
Tacos Gavilan Huntington Park,2025-02-21,Viernes,12:00 AM,323.28,11:00 PM,464.17
Tacos Gavilan Lynwood,2025-02-21,Viernes,12:00 AM,971.25,11:00 PM,1273.20
Tacos Gavilan Norwalk,2025-02-21,Viernes,12:00 AM,764.46,11:00 PM,1210.34
Tacos Gavilan Slauson,2025-02-21,Viernes,12:00 AM,500.92,11:00 PM,748.73
Tacos Gavilan Hollywood,2025-02-21,Viernes,12:00 AM,379.30,11:00 PM,622.32
Tacos Gavilan LA Broadway,2025-02-21,Viernes,12:00 AM,877.94,11:00 PM,837.85
Tacos Gavilan West Covina,2025-02-22,Sábado,12:00 AM,470.20,11:00 PM,978.56
Tacos Gavilan Santa Ana,2025-02-22,Sábado,12:00 AM,611.00,11:00 PM,895.37
Tacos Gavilan La Puente,2025-02-22,Sábado,12:00 AM,545.00,11:00 PM,423.35
Tacos Gavilan Azusa,2025-02-22,Sábado,12:00 AM,260.24,11:00 PM,439.14
Tacos Gavilan Rialto,2025-02-22,Sábado,12:00 AM,566.79,11:00 PM,878.47
Tacos Gavilan LA Central,2025-02-22,Sábado,12:00 AM,1312.21,11:00 PM,1396.51
Tacos Gavilan South Gate,2025-02-22,Sábado,12:00 AM,892.49,11:00 PM,819.80
Tacos Gavilan Bell,2025-02-22,Sábado,12:00 AM,262.26,11:00 PM,326.03
Tacos Gavilan Downey,2025-02-22,Sábado,12:00 AM,556.75,11:00 PM,642.50
Tacos Gavilan Huntington Park,2025-02-22,Sábado,12:00 AM,606.00,11:00 PM,554.27
Tacos Gavilan Lynwood,2025-02-22,Sábado,12:00 AM,1361.52,11:00 PM,1652.80
Tacos Gavilan Norwalk,2025-02-22,Sábado,12:00 AM,858.67,11:00 PM,1080.41
Tacos Gavilan Slauson,2025-02-22,Sábado,12:00 AM,849.79,11:00 PM,955.51
Tacos Gavilan Hollywood,2025-02-22,Sábado,12:00 AM,532.51,11:00 PM,808.22
Tacos Gavilan LA Broadway,2025-02-22,Sábado,12:00 AM,983.11,11:00 PM,707.70
Tacos Gavilan West Covina,2025-02-23,Domingo,12:00 AM,255.39,11:00 PM,476.68
Tacos Gavilan Santa Ana,2025-02-23,Domingo,10:00 AM,356.98,11:00 PM,317.49
Tacos Gavilan La Puente,2025-02-23,Domingo,12:00 AM,4.49,11:00 PM,129.81
Tacos Gavilan Azusa,2025-02-23,Domingo,9:00 AM,18.87,11:00 PM,163.85
Tacos Gavilan Rialto,2025-02-23,Domingo,12:00 AM,335.85,11:00 PM,414.39
Tacos Gavilan LA Central,2025-02-23,Domingo,12:00 AM,834.43,11:00 PM,1181.23
Tacos Gavilan South Gate,2025-02-23,Domingo,9:00 AM,30.32,11:00 PM,289.77
Tacos Gavilan Bell,2025-02-23,Domingo,10:00 AM,235.95,11:00 PM,242.03
Tacos Gavilan Downey,2025-02-23,Domingo,9:00 AM,459.75,11:00 PM,316.47
Tacos Gavilan Huntington Park,2025-02-23,Domingo,9:00 AM,7.96,11:00 PM,265.32
Tacos Gavilan Lynwood,2025-02-23,Domingo,12:00 AM,507.68,11:00 PM,919.01
Tacos Gavilan Norwalk,2025-02-23,Domingo,12:00 AM,266.44,11:00 PM,733.19
Tacos Gavilan Slauson,2025-02-23,Domingo,12:00 AM,280.44,11:00 PM,462.01
Tacos Gavilan Hollywood,2025-02-23,Domingo,9:00 AM,155.56,11:00 PM,410.30
Tacos Gavilan LA Broadway,2025-02-23,Domingo,12:00 AM,511.33,11:00 PM,426.15
Tacos Gavilan West Covina,2025-02-24,Lunes,12:00 AM,223.75,11:00 PM,420.69
Tacos Gavilan Santa Ana,2025-02-24,Lunes,10:00 AM,376.21,11:00 PM,398.97
Tacos Gavilan La Puente,2025-02-24,Lunes,12:00 AM,2.25,11:00 PM,93.50
Tacos Gavilan Azusa,2025-02-24,Lunes,8:00 AM,17.18,11:00 PM,116.55
Tacos Gavilan Rialto,2025-02-24,Lunes,9:00 AM,181.91,11:00 PM,226.35
Tacos Gavilan LA Central,2025-02-24,Lunes,12:00 AM,720.40,11:00 PM,707.09
Tacos Gavilan South Gate,2025-02-24,Lunes,9:00 AM,109.86,11:00 PM,482.43
Tacos Gavilan Bell,2025-02-24,Lunes,10:00 AM,347.28,11:00 PM,254.33
Tacos Gavilan Downey,2025-02-24,Lunes,8:00 AM,3.89,11:00 PM,262.19
Tacos Gavilan Huntington Park,2025-02-24,Lunes,9:00 AM,7.58,11:00 PM,155.46
Tacos Gavilan Lynwood,2025-02-24,Lunes,12:00 AM,559.93,11:00 PM,772.65
Tacos Gavilan Norwalk,2025-02-24,Lunes,12:00 AM,381.61,11:00 PM,725.35
Tacos Gavilan Slauson,2025-02-24,Lunes,12:00 AM,347.15,11:00 PM,554.15
Tacos Gavilan Hollywood,2025-02-24,Lunes,9:00 AM,433.15,11:00 PM,455.48
Tacos Gavilan LA Broadway,2025-02-24,Lunes,12:00 AM,309.99,11:00 PM,342.12
Tacos Gavilan West Covina,2025-02-25,Martes,12:00 AM,309.98,11:00 PM,464.94
Tacos Gavilan Santa Ana,2025-02-25,Martes,10:00 AM,324.97,11:00 PM,219.27
Tacos Gavilan La Puente,2025-02-25,Martes,9:00 AM,3.13,11:00 PM,350.98
Tacos Gavilan Azusa,2025-02-25,Martes,10:00 AM,340.49,11:00 PM,221.24
Tacos Gavilan Rialto,2025-02-25,Martes,9:00 AM,982.98,11:00 PM,500.91
Tacos Gavilan LA Central,2025-02-25,Martes,12:00 AM,799.71,11:00 PM,798.60
Tacos Gavilan South Gate,2025-02-25,Martes,9:00 AM,103.78,11:00 PM,278.52
Tacos Gavilan Bell,2025-02-25,Martes,9:00 AM,11.88,11:00 PM,70.86
Tacos Gavilan Downey,2025-02-25,Martes,8:00 AM,3.78,11:00 PM,373.36
Tacos Gavilan Huntington Park,2025-02-25,Martes,9:00 AM,13.23,11:00 PM,354.95
Tacos Gavilan Lynwood,2025-02-25,Martes,12:00 AM,766.48,11:00 PM,592.47
Tacos Gavilan Norwalk,2025-02-25,Martes,12:00 AM,441.84,11:00 PM,824.14
Tacos Gavilan Slauson,2025-02-25,Martes,12:00 AM,325.52,11:00 PM,503.91
Tacos Gavilan Hollywood,2025-02-25,Martes,9:00 AM,534.40,11:00 PM,416.26
Tacos Gavilan LA Broadway,2025-02-25,Martes,12:00 AM,455.68,11:00 PM,518.93
Tacos Gavilan West Covina,2025-02-26,Miércoles,12:00 AM,281.28,11:00 PM,485.31
Tacos Gavilan Santa Ana,2025-02-26,Miércoles,10:00 AM,627.98,11:00 PM,285.41
Tacos Gavilan La Puente,2025-02-26,Miércoles,9:00 AM,15.08,11:00 PM,217.57
Tacos Gavilan Azusa,2025-02-26,Miércoles,10:00 AM,365.67,11:00 PM,89.91
Tacos Gavilan Rialto,2025-02-26,Miércoles,9:00 AM,976.38,11:00 PM,298.40
Tacos Gavilan LA Central,2025-02-26,Miércoles,12:00 AM,708.14,11:00 PM,978.64
Tacos Gavilan South Gate,2025-02-26,Miércoles,9:00 AM,178.70,11:00 PM,412.09
Tacos Gavilan Bell,2025-02-26,Miércoles,10:00 AM,288.34,11:00 PM,160.60
Tacos Gavilan Downey,2025-02-26,Miércoles,9:00 AM,173.69,11:00 PM,225.75
Tacos Gavilan Huntington Park,2025-02-26,Miércoles,12:00 AM,16.96,11:00 PM,191.50
Tacos Gavilan Lynwood,2025-02-26,Miércoles,12:00 AM,617.69,11:00 PM,615.79
Tacos Gavilan Norwalk,2025-02-26,Miércoles,12:00 AM,334.05,11:00 PM,702.03
Tacos Gavilan Slauson,2025-02-26,Miércoles,12:00 AM,398.28,11:00 PM,665.95
Tacos Gavilan Hollywood,2025-02-26,Miércoles,8:00 AM,36.63,11:00 PM,413.11
Tacos Gavilan LA Broadway,2025-02-26,Miércoles,12:00 AM,965.57,11:00 PM,381.41
Tacos Gavilan West Covina,2025-02-27,Jueves,12:00 AM,454.11,11:00 PM,471.15
Tacos Gavilan Santa Ana,2025-02-27,Jueves,10:00 AM,382.03,11:00 PM,552.73
Tacos Gavilan La Puente,2025-02-27,Jueves,9:00 AM,103.63,11:00 PM,337.04
Tacos Gavilan Azusa,2025-02-27,Jueves,9:00 AM,14.67,11:00 PM,94.87
Tacos Gavilan Rialto,2025-02-27,Jueves,12:00 AM,173.27,11:00 PM,461.49
Tacos Gavilan LA Central,2025-02-27,Jueves,12:00 AM,971.59,11:00 PM,1248.15
Tacos Gavilan South Gate,2025-02-27,Jueves,12:00 AM,3.79,11:00 PM,453.53
Tacos Gavilan Bell,2025-02-27,Jueves,10:00 AM,209.66,11:00 PM,306.72
Tacos Gavilan Downey,2025-02-27,Jueves,12:00 AM,189.27,11:00 PM,414.98
Tacos Gavilan Huntington Park,2025-02-27,Jueves,12:00 AM,236.74,11:00 PM,285.29
Tacos Gavilan Lynwood,2025-02-27,Jueves,12:00 AM,516.60,11:00 PM,708.13
Tacos Gavilan Norwalk,2025-02-27,Jueves,12:00 AM,422.10,11:00 PM,662.50
Tacos Gavilan Slauson,2025-02-27,Jueves,12:00 AM,330.13,11:00 PM,463.00
Tacos Gavilan Hollywood,2025-02-27,Jueves,8:00 AM,31.04,11:00 PM,340.22
Tacos Gavilan LA Broadway,2025-02-27,Jueves,12:00 AM,351.27,11:00 PM,815.87
Tacos Gavilan West Covina,2025-02-28,Viernes,12:00 AM,549.69,11:00 PM,947.04
Tacos Gavilan Santa Ana,2025-02-28,Viernes,12:00 AM,498.55,11:00 PM,763.59
Tacos Gavilan La Puente,2025-02-28,Viernes,12:00 AM,323.99,11:00 PM,544.10
Tacos Gavilan Azusa,2025-02-28,Viernes,12:00 AM,110.15,11:00 PM,477.27
Tacos Gavilan Rialto,2025-02-28,Viernes,12:00 AM,509.49,11:00 PM,647.57
Tacos Gavilan LA Central,2025-02-28,Viernes,12:00 AM,1094.00,11:00 PM,1535.63
Tacos Gavilan South Gate,2025-02-28,Viernes,12:00 AM,400.33,11:00 PM,845.70
Tacos Gavilan Bell,2025-02-28,Viernes,12:00 AM,153.03,11:00 PM,302.28
Tacos Gavilan Downey,2025-02-28,Viernes,12:00 AM,352.30,11:00 PM,935.13
Tacos Gavilan Huntington Park,2025-02-28,Viernes,12:00 AM,434.14,11:00 PM,518.60
Tacos Gavilan Lynwood,2025-02-28,Viernes,12:00 AM,869.94,11:00 PM,1339.89
Tacos Gavilan Norwalk,2025-02-28,Viernes,12:00 AM,727.16,11:00 PM,1254.93
Tacos Gavilan Slauson,2025-02-28,Viernes,12:00 AM,872.67,11:00 PM,882.24
Tacos Gavilan Hollywood,2025-02-28,Viernes,12:00 AM,567.53,11:00 PM,288.01
Tacos Gavilan LA Broadway,2025-02-28,Viernes,12:00 AM,809.73,11:00 PM,804.75
Tacos Gavilan Santa Ana,2025-03-01,Sábado,12:00 AM,431.69,11:00 PM,894.51
Tacos Gavilan LA Central,2025-03-01,Sábado,12:00 AM,1197.31,11:00 PM,1629.63
Tacos Gavilan Lynwood,2025-03-01,Sábado,12:00 AM,1138.67,11:00 PM,1008.12
Tacos Gavilan Slauson,2025-03-01,Sábado,12:00 AM,805.44,11:00 PM,1075.98
Tacos Gavilan Hollywood,2025-03-01,Sábado,12:00 AM,628.35,11:00 PM,573.30
Tacos Gavilan LA Broadway,2025-03-01,Sábado,12:00 AM,955.85,11:00 PM,664.31
Tacos Gavilan Rialto,2025-03-01,Sábado,12:00 AM,821.54,11:00 PM,630.70
Tacos Gavilan Azusa,2025-03-01,Sábado,12:00 AM,289.76,11:00 PM,314.85
Tacos Gavilan Norwalk,2025-03-01,Sábado,12:00 AM,764.36,11:00 PM,1030.44
Tacos Gavilan Downey,2025-03-01,Sábado,12:00 AM,611.96,11:00 PM,644.59
Tacos Gavilan Bell,2025-03-01,Sábado,12:00 AM,283.47,11:00 PM,553.95
Tacos Gavilan Huntington Park,2025-03-01,Sábado,12:00 AM,509.75,11:00 PM,392.73
Tacos Gavilan La Puente,2025-03-01,Sábado,12:00 AM,401.41,11:00 PM,395.01
Tacos Gavilan South Gate,2025-03-01,Sábado,12:00 AM,753.04,11:00 PM,528.28
Tacos Gavilan West Covina,2025-03-01,Sábado,12:00 AM,619.07,11:00 PM,953.67
Tacos Gavilan La Puente,2025-03-02,Domingo,9:00 AM,8.59,11:00 PM,209.84
Tacos Gavilan South Gate,2025-03-02,Domingo,9:00 AM,21.76,11:00 PM,560.97
Tacos Gavilan Downey,2025-03-02,Domingo,9:00 AM,185.79,11:00 PM,338.48
Tacos Gavilan Huntington Park,2025-03-02,Domingo,9:00 AM,41.83,11:00 PM,441.75
Tacos Gavilan Lynwood,2025-03-02,Domingo,12:00 AM,695.81,11:00 PM,833.27
Tacos Gavilan Hollywood,2025-03-02,Domingo,12:00 AM,6.87,11:00 PM,604.49
Tacos Gavilan Rialto,2025-03-02,Domingo,12:00 AM,240.73,11:00 PM,566.58
Tacos Gavilan Azusa,2025-03-02,Domingo,10:00 AM,217.76,11:00 PM,172.32
Tacos Gavilan Norwalk,2025-03-02,Domingo,12:00 AM,340.91,11:00 PM,569.78
Tacos Gavilan LA Broadway,2025-03-02,Domingo,12:00 AM,331.13,11:00 PM,476.33
Tacos Gavilan Bell,2025-03-02,Domingo,10:00 AM,381.93,11:00 PM,377.56
Tacos Gavilan LA Central,2025-03-02,Domingo,12:00 AM,817.34,11:00 PM,761.49
Tacos Gavilan Santa Ana,2025-03-02,Domingo,10:00 AM,423.79,11:00 PM,375.64
Tacos Gavilan Slauson,2025-03-02,Domingo,12:00 AM,696.55,11:00 PM,488.66
Tacos Gavilan West Covina,2025-03-02,Domingo,12:00 AM,371.51,11:00 PM,415.49
Tacos Gavilan West Covina,2025-03-03,Lunes,12:00 AM,392.24,11:00 PM,450.65
Tacos Gavilan La Puente,2025-03-03,Lunes,9:00 AM,84.72,11:00 PM,179.80
Tacos Gavilan Azusa,2025-03-03,Lunes,9:00 AM,11.16,11:00 PM,50.94
Tacos Gavilan Rialto,2025-03-03,Lunes,9:00 AM,136.64,11:00 PM,267.59
Tacos Gavilan South Gate,2025-03-03,Lunes,9:00 AM,67.12,11:00 PM,329.29
Tacos Gavilan Huntington Park,2025-03-03,Lunes,9:00 AM,42.95,11:00 PM,395.23
Tacos Gavilan Slauson,2025-03-03,Lunes,12:00 AM,500.10,11:00 PM,548.63
Tacos Gavilan Hollywood,2025-03-03,Lunes,9:00 AM,194.49,11:00 PM,591.88
Tacos Gavilan LA Broadway,2025-03-03,Lunes,12:00 AM,324.11,11:00 PM,514.92
Tacos Gavilan Norwalk,2025-03-03,Lunes,12:00 AM,532.66,11:00 PM,514.96
Tacos Gavilan Downey,2025-03-03,Lunes,9:00 AM,250.72,11:00 PM,195.59
Tacos Gavilan Bell,2025-03-03,Lunes,10:00 AM,243.35,11:00 PM,114.25
Tacos Gavilan LA Central,2025-03-03,Lunes,12:00 AM,585.80,11:00 PM,532.21
Tacos Gavilan Lynwood,2025-03-03,Lunes,12:00 AM,464.41,11:00 PM,811.69
Tacos Gavilan Santa Ana,2025-03-03,Lunes,10:00 AM,315.11,11:00 PM,170.02
Tacos Gavilan Santa Ana,2025-03-04,Martes,10:00 AM,547.73,11:00 PM,342.47
Tacos Gavilan La Puente,2025-03-04,Martes,10:00 AM,270.49,11:00 PM,202.85
Tacos Gavilan LA Central,2025-03-04,Martes,12:00 AM,526.51,11:00 PM,869.70
Tacos Gavilan Bell,2025-03-04,Martes,9:00 AM,22.02,11:00 PM,364.05
Tacos Gavilan Norwalk,2025-03-04,Martes,12:00 AM,424.81,11:00 PM,322.21
Tacos Gavilan Slauson,2025-03-04,Martes,12:00 AM,311.79,11:00 PM,714.82
Tacos Gavilan Rialto,2025-03-04,Martes,9:00 AM,266.98,11:00 PM,354.39
Tacos Gavilan Azusa,2025-03-04,Martes,10:00 AM,399.05,11:00 PM,169.09
Tacos Gavilan Downey,2025-03-04,Martes,8:00 AM,9.89,11:00 PM,130.23
Tacos Gavilan LA Broadway,2025-03-04,Martes,12:00 AM,418.19,11:00 PM,579.10
Tacos Gavilan Hollywood,2025-03-04,Martes,9:00 AM,397.82,11:00 PM,468.61
Tacos Gavilan Huntington Park,2025-03-04,Martes,12:00 AM,9.09,11:00 PM,189.67
Tacos Gavilan Lynwood,2025-03-04,Martes,12:00 AM,723.85,11:00 PM,536.44
Tacos Gavilan South Gate,2025-03-04,Martes,9:00 AM,90.91,11:00 PM,307.77
Tacos Gavilan West Covina,2025-03-04,Martes,12:00 AM,403.27,11:00 PM,330.61
Tacos Gavilan West Covina,2025-03-05,Miércoles,12:00 AM,213.44,11:00 PM,373.65
Tacos Gavilan La Puente,2025-03-05,Miércoles,9:00 AM,36.44,11:00 PM,414.54
Tacos Gavilan Rialto,2025-03-05,Miércoles,9:00 AM,117.33,11:00 PM,339.05
Tacos Gavilan South Gate,2025-03-05,Miércoles,9:00 AM,115.55,11:00 PM,401.18
Tacos Gavilan Bell,2025-03-05,Miércoles,10:00 AM,250.21,11:00 PM,122.65
Tacos Gavilan Downey,2025-03-05,Miércoles,9:00 AM,328.39,11:00 PM,203.77
Tacos Gavilan Lynwood,2025-03-05,Miércoles,12:00 AM,957.32,11:00 PM,885.47
Tacos Gavilan Slauson,2025-03-05,Miércoles,12:00 AM,450.93,11:00 PM,420.08
Tacos Gavilan Hollywood,2025-03-05,Miércoles,8:00 AM,26.06,11:00 PM,820.39
Tacos Gavilan Azusa,2025-03-05,Miércoles,9:00 AM,14.78,11:00 PM,137.60
Tacos Gavilan Norwalk,2025-03-05,Miércoles,12:00 AM,433.55,11:00 PM,741.25
Tacos Gavilan LA Broadway,2025-03-05,Miércoles,12:00 AM,442.75,11:00 PM,578.10
Tacos Gavilan Huntington Park,2025-03-05,Miércoles,12:00 AM,4.49,11:00 PM,201.90
Tacos Gavilan LA Central,2025-03-05,Miércoles,12:00 AM,768.08,11:00 PM,809.47
Tacos Gavilan Santa Ana,2025-03-05,Miércoles,9:00 AM,3.79,11:00 PM,177.40
Tacos Gavilan Santa Ana,2025-03-06,Jueves,12:00 AM,42.04,11:00 PM,502.58
Tacos Gavilan Azusa,2025-03-06,Jueves,10:00 AM,655.29,11:00 PM,319.11
Tacos Gavilan South Gate,2025-03-06,Jueves,12:00 AM,5.69,11:00 PM,454.17
Tacos Gavilan Huntington Park,2025-03-06,Jueves,12:00 AM,168.80,11:00 PM,514.38
Tacos Gavilan Lynwood,2025-03-06,Jueves,12:00 AM,1068.52,11:00 PM,993.75
Tacos Gavilan Hollywood,2025-03-06,Jueves,9:00 AM,219.79,11:00 PM,478.43
Tacos Gavilan LA Broadway,2025-03-06,Jueves,12:00 AM,502.46,11:00 PM,706.77
Tacos Gavilan Rialto,2025-03-06,Jueves,12:00 AM,171.88,11:00 PM,677.73
Tacos Gavilan Norwalk,2025-03-06,Jueves,12:00 AM,455.61,11:00 PM,728.69
Tacos Gavilan Downey,2025-03-06,Jueves,12:00 AM,158.64,11:00 PM,501.52
Tacos Gavilan Bell,2025-03-06,Jueves,10:00 AM,241.76,9:00 PM,114.70
Tacos Gavilan LA Central,2025-03-06,Jueves,12:00 AM,954.34,11:00 PM,785.65
Tacos Gavilan La Puente,2025-03-06,Jueves,9:00 AM,64.86,11:00 PM,329.37
Tacos Gavilan Slauson,2025-03-06,Jueves,12:00 AM,418.53,11:00 PM,494.84
Tacos Gavilan West Covina,2025-03-06,Jueves,12:00 AM,480.24,11:00 PM,406.79
Tacos Gavilan West Covina,2025-03-07,Viernes,12:00 AM,827.95,11:00 PM,579.84
Tacos Gavilan Santa Ana,2025-03-07,Viernes,12:00 AM,236.95,11:00 PM,884.01
Tacos Gavilan La Puente,2025-03-07,Viernes,12:00 AM,312.23,11:00 PM,406.23
Tacos Gavilan South Gate,2025-03-07,Viernes,12:00 AM,550.33,11:00 PM,645.31
Tacos Gavilan Bell,2025-03-07,Viernes,12:00 AM,310.90,11:00 PM,278.91
Tacos Gavilan Huntington Park,2025-03-07,Viernes,12:00 AM,252.02,11:00 PM,523.26
Tacos Gavilan Norwalk,2025-03-07,Viernes,12:00 AM,883.74,11:00 PM,766.47
Tacos Gavilan Slauson,2025-03-07,Viernes,12:00 AM,900.35,11:00 PM,771.09
Tacos Gavilan Rialto,2025-03-07,Viernes,12:00 AM,753.07,11:00 PM,981.05
Tacos Gavilan Azusa,2025-03-07,Viernes,12:00 AM,298.99,11:00 PM,363.76
Tacos Gavilan Downey,2025-03-07,Viernes,12:00 AM,430.12,11:00 PM,996.79
Tacos Gavilan LA Broadway,2025-03-07,Viernes,12:00 AM,964.44,11:00 PM,576.44
Tacos Gavilan Hollywood,2025-03-07,Viernes,12:00 AM,548.25,11:00 PM,758.43
Tacos Gavilan LA Central,2025-03-07,Viernes,12:00 AM,1702.74,11:00 PM,1250.20
Tacos Gavilan Lynwood,2025-03-07,Viernes,12:00 AM,964.63,11:00 PM,1164.04
Tacos Gavilan West Covina,2025-03-08,Sábado,12:00 AM,659.30,11:00 PM,778.78
Tacos Gavilan La Puente,2025-03-08,Sábado,12:00 AM,552.30,11:00 PM,462.50
Tacos Gavilan Azusa,2025-03-08,Sábado,12:00 AM,272.24,11:00 PM,435.85
Tacos Gavilan South Gate,2025-03-08,Sábado,12:00 AM,553.99,11:00 PM,724.56
Tacos Gavilan Bell,2025-03-08,Sábado,12:00 AM,419.64,11:00 PM,485.44
Tacos Gavilan Huntington Park,2025-03-08,Sábado,12:00 AM,380.51,11:00 PM,428.97
Tacos Gavilan Lynwood,2025-03-08,Sábado,12:00 AM,1118.25,11:00 PM,1134.42
Tacos Gavilan LA Broadway,2025-03-08,Sábado,12:00 AM,730.18,11:00 PM,1022.11
Tacos Gavilan Rialto,2025-03-08,Sábado,12:00 AM,696.62,11:00 PM,1358.55
Tacos Gavilan Norwalk,2025-03-08,Sábado,12:00 AM,863.96,11:00 PM,1060.96
Tacos Gavilan Downey,2025-03-08,Sábado,12:00 AM,581.37,11:00 PM,603.83
Tacos Gavilan Hollywood,2025-03-08,Sábado,12:00 AM,740.28,11:00 PM,748.24
Tacos Gavilan LA Central,2025-03-08,Sábado,12:00 AM,1051.29,11:00 PM,1320.40
Tacos Gavilan Slauson,2025-03-08,Sábado,12:00 AM,602.22,11:00 PM,468.72
Tacos Gavilan Santa Ana,2025-03-08,Sábado,12:00 AM,424.14,11:00 PM,940.99
Tacos Gavilan West Covina,2025-03-09,Domingo,12:00 AM,543.48,11:00 PM,524.12
Tacos Gavilan Santa Ana,2025-03-09,Domingo,10:00 AM,290.10,11:00 PM,293.94
Tacos Gavilan Azusa,2025-03-09,Domingo,9:00 AM,17.53,11:00 PM,247.19
Tacos Gavilan LA Central,2025-03-09,Domingo,12:00 AM,467.05,11:00 PM,1067.02
Tacos Gavilan Bell,2025-03-09,Domingo,10:00 AM,132.47,11:00 PM,227.08
Tacos Gavilan Downey,2025-03-09,Domingo,9:00 AM,229.73,11:00 PM,349.90
Tacos Gavilan Slauson,2025-03-09,Domingo,12:00 AM,407.36,11:00 PM,919.93
Tacos Gavilan Hollywood,2025-03-09,Domingo,9:00 AM,68.81,11:00 PM,599.66
Tacos Gavilan Norwalk,2025-03-09,Domingo,12:00 AM,425.80,11:00 PM,651.89
Tacos Gavilan Rialto,2025-03-09,Domingo,12:00 AM,183.82,11:00 PM,642.76
Tacos Gavilan LA Broadway,2025-03-09,Domingo,12:00 AM,584.72,11:00 PM,1006.91
Tacos Gavilan La Puente,2025-03-09,Domingo,9:00 AM,108.15,11:00 PM,349.36
Tacos Gavilan Huntington Park,2025-03-09,Domingo,12:00 AM,7.78,11:00 PM,343.99
Tacos Gavilan Lynwood,2025-03-09,Domingo,12:00 AM,729.81,11:00 PM,793.67
Tacos Gavilan South Gate,2025-03-09,Domingo,12:00 AM,29.56,11:00 PM,332.66
Tacos Gavilan La Puente,2025-03-10,Lunes,9:00 AM,23.09,11:00 PM,183.84
Tacos Gavilan South Gate,2025-03-10,Lunes,9:00 AM,7.58,11:00 PM,247.50
Tacos Gavilan Downey,2025-03-10,Lunes,9:00 AM,225.78,11:00 PM,375.42
Tacos Gavilan Huntington Park,2025-03-10,Lunes,12:00 AM,2.25,11:00 PM,348.94
Tacos Gavilan Lynwood,2025-03-10,Lunes,12:00 AM,350.34,11:00 PM,929.26
Tacos Gavilan Hollywood,2025-03-10,Lunes,9:00 AM,238.43,11:00 PM,259.94
Tacos Gavilan Bell,2025-03-10,Lunes,10:00 AM,191.47,11:00 PM,224.38
Tacos Gavilan LA Broadway,2025-03-10,Lunes,12:00 AM,449.69,11:00 PM,889.59
Tacos Gavilan West Covina,2025-03-10,Lunes,12:00 AM,334.47,11:00 PM,416.88
Tacos Gavilan Rialto,2025-03-10,Lunes,9:00 AM,123.06,11:00 PM,493.56
Tacos Gavilan Norwalk,2025-03-10,Lunes,12:00 AM,440.83,11:00 PM,627.01
Tacos Gavilan Azusa,2025-03-10,Lunes,10:00 AM,348.32,11:00 PM,259.73
Tacos Gavilan LA Central,2025-03-10,Lunes,12:00 AM,748.58,11:00 PM,947.71
Tacos Gavilan Santa Ana,2025-03-10,Lunes,10:00 AM,276.60,11:00 PM,411.96
Tacos Gavilan Slauson,2025-03-10,Lunes,12:00 AM,352.78,11:00 PM,572.99
Tacos Gavilan La Puente,2025-03-11,Martes,9:00 AM,50.65,11:00 PM,160.69
Tacos Gavilan South Gate,2025-03-11,Martes,9:00 AM,119.24,11:00 PM,378.47
Tacos Gavilan Downey,2025-03-11,Martes,9:00 AM,268.82,11:00 PM,224.08
Tacos Gavilan Huntington Park,2025-03-11,Martes,9:00 AM,45.44,11:00 PM,206.43
Tacos Gavilan Lynwood,2025-03-11,Martes,12:00 AM,648.53,11:00 PM,654.86
Tacos Gavilan Hollywood,2025-03-11,Martes,9:00 AM,352.67,11:00 PM,256.93
Tacos Gavilan LA Broadway,2025-03-11,Martes,12:00 AM,448.05,11:00 PM,590.60
Tacos Gavilan Rialto,2025-03-11,Martes,9:00 AM,267.71,11:00 PM,450.55
Tacos Gavilan Santa Ana,2025-03-11,Martes,10:00 AM,467.32,11:00 PM,380.96
Tacos Gavilan Bell,2025-03-11,Martes,10:00 AM,272.33,11:00 PM,282.73
Tacos Gavilan LA Central,2025-03-11,Martes,12:00 AM,862.22,11:00 PM,889.14
Tacos Gavilan Slauson,2025-03-11,Martes,12:00 AM,200.00,11:00 PM,560.99
Tacos Gavilan Azusa,2025-03-11,Martes,10:00 AM,363.28,11:00 PM,305.71
Tacos Gavilan Norwalk,2025-03-11,Martes,12:00 AM,524.12,11:00 PM,496.12
Tacos Gavilan West Covina,2025-03-11,Martes,12:00 AM,229.02,11:00 PM,451.01
Tacos Gavilan La Puente,2025-03-12,Miércoles,9:00 AM,29.82,11:00 PM,168.10
Tacos Gavilan Azusa,2025-03-12,Miércoles,9:00 AM,44.38,11:00 PM,339.96
Tacos Gavilan Rialto,2025-03-12,Miércoles,12:00 AM,4.49,11:00 PM,554.78
Tacos Gavilan South Gate,2025-03-12,Miércoles,9:00 AM,156.94,11:00 PM,490.55
Tacos Gavilan Huntington Park,2025-03-12,Miércoles,9:00 AM,10.25,11:00 PM,324.28
Tacos Gavilan Slauson,2025-03-12,Miércoles,12:00 AM,360.94,11:00 PM,685.12
Tacos Gavilan Hollywood,2025-03-12,Miércoles,12:00 AM,10.99,11:00 PM,439.55
Tacos Gavilan LA Broadway,2025-03-12,Miércoles,12:00 AM,327.88,11:00 PM,624.75
Tacos Gavilan West Covina,2025-03-12,Miércoles,12:00 AM,453.37,11:00 PM,645.94
Tacos Gavilan Norwalk,2025-03-12,Miércoles,12:00 AM,394.02,11:00 PM,713.24
Tacos Gavilan LA Central,2025-03-12,Miércoles,12:00 AM,585.28,11:00 PM,858.19
Tacos Gavilan Downey,2025-03-12,Miércoles,9:00 AM,142.80,11:00 PM,322.34
Tacos Gavilan Bell,2025-03-12,Miércoles,10:00 AM,175.68,11:00 PM,224.64
Tacos Gavilan Santa Ana,2025-03-12,Miércoles,10:00 AM,284.82,11:00 PM,260.18
Tacos Gavilan Lynwood,2025-03-12,Miércoles,12:00 AM,387.29,11:00 PM,1072.26
Tacos Gavilan Santa Ana,2025-03-13,Jueves,10:00 AM,335.24,11:00 PM,541.27
Tacos Gavilan LA Central,2025-03-13,Jueves,12:00 AM,630.39,11:00 PM,942.32
Tacos Gavilan Bell,2025-03-13,Jueves,10:00 AM,372.39,11:00 PM,459.19
Tacos Gavilan Huntington Park,2025-03-13,Jueves,12:00 AM,350.92,11:00 PM,480.08
Tacos Gavilan Norwalk,2025-03-13,Jueves,12:00 AM,741.80,11:00 PM,618.81
Tacos Gavilan Slauson,2025-03-13,Jueves,12:00 AM,317.50,11:00 PM,599.59
Tacos Gavilan Azusa,2025-03-13,Jueves,10:00 AM,211.87,11:00 PM,278.60
Tacos Gavilan Rialto,2025-03-13,Jueves,12:00 AM,144.73,11:00 PM,545.05
Tacos Gavilan La Puente,2025-03-13,Jueves,9:00 AM,177.71,11:00 PM,275.73
Tacos Gavilan Hollywood,2025-03-13,Jueves,12:00 AM,26.06,11:00 PM,454.46
Tacos Gavilan Lynwood,2025-03-13,Jueves,12:00 AM,785.47,11:00 PM,597.94
Tacos Gavilan South Gate,2025-03-13,Jueves,9:00 AM,139.80,11:00 PM,433.74
Tacos Gavilan Downey,2025-03-13,Jueves,12:00 AM,234.51,11:00 PM,468.32
Tacos Gavilan LA Broadway,2025-03-13,Jueves,12:00 AM,596.99,11:00 PM,711.43
Tacos Gavilan West Covina,2025-03-13,Jueves,12:00 AM,264.47,11:00 PM,461.09
Tacos Gavilan La Puente,2025-03-14,Viernes,12:00 AM,273.83,11:00 PM,410.54
Tacos Gavilan South Gate,2025-03-14,Viernes,12:00 AM,558.99,11:00 PM,666.47
Tacos Gavilan Bell,2025-03-14,Viernes,12:00 AM,212.69,11:00 PM,451.66
Tacos Gavilan Huntington Park,2025-03-14,Viernes,12:00 AM,395.29,11:00 PM,589.43
Tacos Gavilan Norwalk,2025-03-14,Viernes,12:00 AM,759.54,11:00 PM,1119.45
Tacos Gavilan Slauson,2025-03-14,Viernes,12:00 AM,615.33,11:00 PM,718.82
Tacos Gavilan Downey,2025-03-14,Viernes,12:00 AM,762.81,11:00 PM,555.62
Tacos Gavilan Azusa,2025-03-14,Viernes,12:00 AM,334.65,11:00 PM,277.77
Tacos Gavilan Lynwood,2025-03-14,Viernes,12:00 AM,1001.68,11:00 PM,1047.14
Tacos Gavilan Rialto,2025-03-14,Viernes,12:00 AM,554.50,11:00 PM,868.28
Tacos Gavilan LA Broadway,2025-03-14,Viernes,12:00 AM,570.80,11:00 PM,929.91
Tacos Gavilan Hollywood,2025-03-14,Viernes,12:00 AM,765.76,11:00 PM,593.03
Tacos Gavilan West Covina,2025-03-14,Viernes,12:00 AM,803.98,11:00 PM,789.80
Tacos Gavilan LA Central,2025-03-14,Viernes,12:00 AM,1445.54,11:00 PM,1337.40
Tacos Gavilan Santa Ana,2025-03-14,Viernes,12:00 AM,615.02,11:00 PM,724.14
Tacos Gavilan West Covina,2025-03-15,Sábado,12:00 AM,507.73,11:00 PM,1287.70
Tacos Gavilan Azusa,2025-03-15,Sábado,12:00 AM,328.34,11:00 PM,472.28
Tacos Gavilan Bell,2025-03-15,Sábado,12:00 AM,330.04,11:00 PM,575.02
Tacos Gavilan Lynwood,2025-03-15,Sábado,12:00 AM,1314.18,11:00 PM,1630.40
Tacos Gavilan Slauson,2025-03-15,Sábado,12:00 AM,1318.44,11:00 PM,1638.83
Tacos Gavilan LA Broadway,2025-03-15,Sábado,12:00 AM,1101.33,11:00 PM,1092.84
Tacos Gavilan Santa Ana,2025-03-15,Sábado,12:00 AM,905.31,11:00 PM,1396.86
Tacos Gavilan Huntington Park,2025-03-15,Sábado,12:00 AM,658.04,11:00 PM,478.72
Tacos Gavilan LA Central,2025-03-15,Sábado,12:00 AM,1471.14,11:00 PM,1701.92
Tacos Gavilan South Gate,2025-03-15,Sábado,12:00 AM,749.82,11:00 PM,1194.01
Tacos Gavilan Downey,2025-03-15,Sábado,12:00 AM,533.80,11:00 PM,992.09
Tacos Gavilan La Puente,2025-03-15,Sábado,12:00 AM,507.78,11:00 PM,556.09
Tacos Gavilan Rialto,2025-03-15,Sábado,12:00 AM,865.08,11:00 PM,894.58
Tacos Gavilan Norwalk,2025-03-15,Sábado,12:00 AM,1304.85,11:00 PM,1372.40
Tacos Gavilan Hollywood,2025-03-15,Sábado,12:00 AM,703.96,11:00 PM,681.76
Tacos Gavilan West Covina,2025-03-16,Domingo,12:00 AM,473.40,11:00 PM,506.23
Tacos Gavilan Azusa,2025-03-16,Domingo,10:00 AM,494.55,11:00 PM,235.35
Tacos Gavilan South Gate,2025-03-16,Domingo,10:00 AM,405.54,11:00 PM,504.87
Tacos Gavilan Lynwood,2025-03-16,Domingo,12:00 AM,679.15,11:00 PM,748.91
Tacos Gavilan Hollywood,2025-03-16,Domingo,8:00 AM,3.29,11:00 PM,497.24
Tacos Gavilan Slauson,2025-03-16,Domingo,12:00 AM,481.35,11:00 PM,755.74
Tacos Gavilan LA Central,2025-03-16,Domingo,12:00 AM,827.88,11:00 PM,986.23
Tacos Gavilan La Puente,2025-03-16,Domingo,9:00 AM,74.88,11:00 PM,287.07
Tacos Gavilan Downey,2025-03-16,Domingo,9:00 AM,145.15,11:00 PM,333.96
Tacos Gavilan Norwalk,2025-03-16,Domingo,12:00 AM,401.72,11:00 PM,924.71
Tacos Gavilan LA Broadway,2025-03-16,Domingo,12:00 AM,931.12,11:00 PM,477.05
Tacos Gavilan Rialto,2025-03-16,Domingo,12:00 AM,403.34,11:00 PM,430.99
Tacos Gavilan Bell,2025-03-16,Domingo,10:00 AM,151.35,11:00 PM,274.08
Tacos Gavilan Huntington Park,2025-03-16,Domingo,9:00 AM,8.59,11:00 PM,347.34
Tacos Gavilan Santa Ana,2025-03-16,Domingo,10:00 AM,475.64,11:00 PM,445.44
Tacos Gavilan West Covina,2025-03-17,Lunes,12:00 AM,247.04,11:00 PM,471.22
Tacos Gavilan Santa Ana,2025-03-17,Lunes,10:00 AM,505.08,11:00 PM,342.10
Tacos Gavilan South Gate,2025-03-17,Lunes,9:00 AM,79.25,11:00 PM,408.82
Tacos Gavilan Bell,2025-03-17,Lunes,10:00 AM,201.77,11:00 PM,108.79
Tacos Gavilan Huntington Park,2025-03-17,Lunes,12:00 AM,6.74,11:00 PM,170.10
Tacos Gavilan Hollywood,2025-03-17,Lunes,9:00 AM,316.12,11:00 PM,397.14
Tacos Gavilan Rialto,2025-03-17,Lunes,9:00 AM,153.23,11:00 PM,192.53
Tacos Gavilan Azusa,2025-03-17,Lunes,10:00 AM,348.34,11:00 PM,160.29
Tacos Gavilan LA Broadway,2025-03-17,Lunes,12:00 AM,510.11,11:00 PM,517.92
Tacos Gavilan Slauson,2025-03-17,Lunes,12:00 AM,325.95,11:00 PM,462.07
Tacos Gavilan Norwalk,2025-03-17,Lunes,12:00 AM,363.62,11:00 PM,401.67
Tacos Gavilan La Puente,2025-03-17,Lunes,12:00 AM,5.63,11:00 PM,98.53
Tacos Gavilan LA Central,2025-03-17,Lunes,12:00 AM,860.04,11:00 PM,1203.51
Tacos Gavilan Downey,2025-03-17,Lunes,12:00 AM,39.42,11:00 PM,443.12
Tacos Gavilan Lynwood,2025-03-17,Lunes,12:00 AM,479.03,11:00 PM,805.53
Tacos Gavilan West Covina,2025-03-18,Martes,12:00 AM,383.30,11:00 PM,557.67
Tacos Gavilan La Puente,2025-03-18,Martes,12:00 AM,3.39,11:00 PM,199.39
Tacos Gavilan Azusa,2025-03-18,Martes,8:00 AM,11.70,11:00 PM,220.55
Tacos Gavilan Lynwood,2025-03-18,Martes,12:00 AM,617.17,11:00 PM,712.96
Tacos Gavilan Hollywood,2025-03-18,Martes,8:00 AM,5.67,11:00 PM,589.36
Tacos Gavilan Santa Ana,2025-03-18,Martes,10:00 AM,356.44,11:00 PM,395.67
Tacos Gavilan Downey,2025-03-18,Martes,8:00 AM,10.99,11:00 PM,259.72
Tacos Gavilan South Gate,2025-03-18,Martes,9:00 AM,74.28,11:00 PM,327.02
Tacos Gavilan Huntington Park,2025-03-18,Martes,10:00 AM,401.89,11:00 PM,219.22
Tacos Gavilan Norwalk,2025-03-18,Martes,12:00 AM,616.48,11:00 PM,562.32
Tacos Gavilan LA Broadway,2025-03-18,Martes,12:00 AM,206.53,11:00 PM,437.17
Tacos Gavilan Bell,2025-03-18,Martes,10:00 AM,198.67,11:00 PM,192.39
Tacos Gavilan LA Central,2025-03-18,Martes,12:00 AM,634.94,11:00 PM,929.45
Tacos Gavilan Rialto,2025-03-18,Martes,9:00 AM,277.23,11:00 PM,516.54
Tacos Gavilan Slauson,2025-03-18,Martes,12:00 AM,464.78,11:00 PM,601.59
Tacos Gavilan Santa Ana,2025-03-19,Miércoles,10:00 AM,341.81,11:00 PM,306.93
Tacos Gavilan LA Central,2025-03-19,Miércoles,12:00 AM,891.92,11:00 PM,840.43
Tacos Gavilan South Gate,2025-03-19,Miércoles,9:00 AM,139.82,11:00 PM,412.00
Tacos Gavilan Bell,2025-03-19,Miércoles,12:00 AM,33.88,11:00 PM,252.54
Tacos Gavilan Hollywood,2025-03-19,Miércoles,12:00 AM,3.19,11:00 PM,430.22
Tacos Gavilan La Puente,2025-03-19,Miércoles,12:00 AM,12.47,11:00 PM,170.70
Tacos Gavilan Huntington Park,2025-03-19,Miércoles,10:00 AM,230.40,11:00 PM,422.30
Tacos Gavilan Lynwood,2025-03-19,Miércoles,12:00 AM,761.72,11:00 PM,927.33
Tacos Gavilan West Covina,2025-03-19,Miércoles,12:00 AM,243.87,11:00 PM,618.68
Tacos Gavilan Azusa,2025-03-19,Miércoles,9:00 AM,36.28,11:00 PM,313.72
Tacos Gavilan Downey,2025-03-19,Miércoles,9:00 AM,238.06,11:00 PM,196.71
Tacos Gavilan Rialto,2025-03-19,Miércoles,12:00 AM,3.79,11:00 PM,695.29
Tacos Gavilan LA Broadway,2025-03-19,Miércoles,12:00 AM,370.38,11:00 PM,560.82
Tacos Gavilan Slauson,2025-03-19,Miércoles,12:00 AM,610.00,11:00 PM,908.75
Tacos Gavilan Norwalk,2025-03-19,Miércoles,12:00 AM,587.71,11:00 PM,781.65
Tacos Gavilan West Covina,2025-03-20,Jueves,12:00 AM,405.07,11:00 PM,738.34
Tacos Gavilan La Puente,2025-03-20,Jueves,12:00 AM,3.39,11:00 PM,336.08
Tacos Gavilan LA Central,2025-03-20,Jueves,12:00 AM,636.31,11:00 PM,692.68
Tacos Gavilan South Gate,2025-03-20,Jueves,12:00 AM,5.69,11:00 PM,453.74
Tacos Gavilan Slauson,2025-03-20,Jueves,12:00 AM,383.71,11:00 PM,763.52
Tacos Gavilan Azusa,2025-03-20,Jueves,10:00 AM,165.47,11:00 PM,349.00
Tacos Gavilan Downey,2025-03-20,Jueves,12:00 AM,158.44,11:00 PM,515.16
Tacos Gavilan Bell,2025-03-20,Jueves,9:00 AM,20.29,11:00 PM,189.18
Tacos Gavilan Lynwood,2025-03-20,Jueves,12:00 AM,810.62,11:00 PM,1222.31
Tacos Gavilan Norwalk,2025-03-20,Jueves,12:00 AM,585.88,11:00 PM,511.41
Tacos Gavilan Huntington Park,2025-03-20,Jueves,12:00 AM,388.08,11:00 PM,606.93
Tacos Gavilan Santa Ana,2025-03-20,Jueves,10:00 AM,404.56,11:00 PM,658.85
Tacos Gavilan Rialto,2025-03-20,Jueves,12:00 AM,156.86,11:00 PM,661.45
Tacos Gavilan Hollywood,2025-03-20,Jueves,12:00 AM,18.47,11:00 PM,595.12
Tacos Gavilan LA Broadway,2025-03-20,Jueves,12:00 AM,643.35,11:00 PM,836.18
Tacos Gavilan West Covina,2025-03-21,Viernes,12:00 AM,693.70,11:00 PM,875.90
Tacos Gavilan Santa Ana,2025-03-21,Viernes,12:00 AM,378.66,11:00 PM,698.66
Tacos Gavilan La Puente,2025-03-21,Viernes,12:00 AM,369.90,11:00 PM,604.92
Tacos Gavilan South Gate,2025-03-21,Viernes,12:00 AM,564.12,11:00 PM,933.24
Tacos Gavilan Huntington Park,2025-03-21,Viernes,12:00 AM,397.01,11:00 PM,502.88
Tacos Gavilan Norwalk,2025-03-21,Viernes,12:00 AM,730.58,11:00 PM,615.14
Tacos Gavilan Hollywood,2025-03-21,Viernes,12:00 AM,436.23,11:00 PM,663.06
Tacos Gavilan Bell,2025-03-21,Viernes,12:00 AM,107.62,11:00 PM,390.42
Tacos Gavilan Slauson,2025-03-21,Viernes,12:00 AM,1105.27,11:00 PM,827.12
Tacos Gavilan LA Central,2025-03-21,Viernes,12:00 AM,1299.50,11:00 PM,1794.94
Tacos Gavilan LA Broadway,2025-03-21,Viernes,12:00 AM,559.60,11:00 PM,922.58
Tacos Gavilan Lynwood,2025-03-21,Viernes,12:00 AM,1029.64,11:00 PM,1341.07
Tacos Gavilan Downey,2025-03-21,Viernes,12:00 AM,711.75,11:00 PM,770.40
Tacos Gavilan Azusa,2025-03-21,Viernes,12:00 AM,381.90,11:00 PM,385.51
Tacos Gavilan Rialto,2025-03-21,Viernes,12:00 AM,594.92,11:00 PM,845.95
Tacos Gavilan Santa Ana,2025-03-22,Sábado,12:00 AM,450.80,11:00 PM,865.40
Tacos Gavilan La Puente,2025-03-22,Sábado,12:00 AM,385.28,11:00 PM,567.94
Tacos Gavilan South Gate,2025-03-22,Sábado,12:00 AM,557.75,11:00 PM,938.59
Tacos Gavilan Bell,2025-03-22,Sábado,12:00 AM,520.10,11:00 PM,383.16
Tacos Gavilan Huntington Park,2025-03-22,Sábado,12:00 AM,346.85,11:00 PM,563.25
Tacos Gavilan Lynwood,2025-03-22,Sábado,12:00 AM,1399.13,11:00 PM,1344.20
Tacos Gavilan Norwalk,2025-03-22,Sábado,12:00 AM,1127.67,11:00 PM,858.67
Tacos Gavilan Azusa,2025-03-22,Sábado,12:00 AM,202.25,11:00 PM,507.39
Tacos Gavilan Hollywood,2025-03-22,Sábado,12:00 AM,702.63,11:00 PM,766.06
Tacos Gavilan LA Broadway,2025-03-22,Sábado,12:00 AM,721.28,11:00 PM,955.28
Tacos Gavilan Slauson,2025-03-22,Sábado,12:00 AM,676.21,11:00 PM,952.55
Tacos Gavilan Rialto,2025-03-22,Sábado,12:00 AM,880.87,11:00 PM,936.78
Tacos Gavilan LA Central,2025-03-22,Sábado,12:00 AM,1401.36,11:00 PM,1356.10
Tacos Gavilan Downey,2025-03-22,Sábado,12:00 AM,680.01,11:00 PM,511.47
Tacos Gavilan West Covina,2025-03-22,Sábado,12:00 AM,990.36,11:00 PM,880.78
Tacos Gavilan West Covina,2025-03-23,Domingo,12:00 AM,308.99,11:00 PM,793.60
Tacos Gavilan La Puente,2025-03-23,Domingo,9:00 AM,61.98,11:00 PM,381.77
Tacos Gavilan Huntington Park,2025-03-23,Domingo,10:00 AM,358.73,11:00 PM,604.27
Tacos Gavilan Lynwood,2025-03-23,Domingo,12:00 AM,927.33,11:00 PM,1032.71
Tacos Gavilan Slauson,2025-03-23,Domingo,12:00 AM,490.90,11:00 PM,778.77
Tacos Gavilan LA Broadway,2025-03-23,Domingo,12:00 AM,427.17,11:00 PM,872.13
Tacos Gavilan Norwalk,2025-03-23,Domingo,12:00 AM,369.11,11:00 PM,698.05
Tacos Gavilan Rialto,2025-03-23,Domingo,12:00 AM,169.59,11:00 PM,860.49
Tacos Gavilan Azusa,2025-03-23,Domingo,10:00 AM,298.08,11:00 PM,198.53
Tacos Gavilan Downey,2025-03-23,Domingo,9:00 AM,149.88,11:00 PM,316.92
Tacos Gavilan Hollywood,2025-03-23,Domingo,8:00 AM,8.41,11:00 PM,535.15
Tacos Gavilan Bell,2025-03-23,Domingo,10:00 AM,209.84,11:00 PM,429.05
Tacos Gavilan Santa Ana,2025-03-23,Domingo,10:00 AM,483.59,11:00 PM,662.43
Tacos Gavilan South Gate,2025-03-23,Domingo,10:00 AM,370.57,11:00 PM,501.14
Tacos Gavilan LA Central,2025-03-23,Domingo,12:00 AM,926.06,11:00 PM,1075.82
Tacos Gavilan Santa Ana,2025-03-24,Lunes,10:00 AM,245.59,11:00 PM,205.38
Tacos Gavilan Rialto,2025-03-24,Lunes,9:00 AM,96.99,11:00 PM,468.32
Tacos Gavilan Bell,2025-03-24,Lunes,10:00 AM,213.41,11:00 PM,101.81
Tacos Gavilan Downey,2025-03-24,Lunes,9:00 AM,143.73,11:00 PM,303.17
Tacos Gavilan Lynwood,2025-03-24,Lunes,12:00 AM,572.78,11:00 PM,778.35
Tacos Gavilan Slauson,2025-03-24,Lunes,12:00 AM,399.70,11:00 PM,639.80
Tacos Gavilan Hollywood,2025-03-24,Lunes,8:00 AM,8.59,11:00 PM,334.33
Tacos Gavilan Norwalk,2025-03-24,Lunes,12:00 AM,549.70,11:00 PM,451.94
Tacos Gavilan South Gate,2025-03-24,Lunes,9:00 AM,137.75,11:00 PM,320.95
Tacos Gavilan West Covina,2025-03-24,Lunes,12:00 AM,371.65,11:00 PM,494.07
Tacos Gavilan Azusa,2025-03-24,Lunes,10:00 AM,244.62,11:00 PM,165.95
Tacos Gavilan La Puente,2025-03-24,Lunes,12:00 AM,5.68,11:00 PM,362.43
Tacos Gavilan LA Central,2025-03-24,Lunes,12:00 AM,659.99,11:00 PM,675.63
Tacos Gavilan LA Broadway,2025-03-24,Lunes,12:00 AM,316.88,11:00 PM,789.23
Tacos Gavilan Huntington Park,2025-03-24,Lunes,10:00 AM,321.56,11:00 PM,431.99
Tacos Gavilan LA Central,2025-03-25,Martes,12:00 AM,954.27,11:00 PM,938.52
Tacos Gavilan Bell,2025-03-25,Martes,10:00 AM,333.57,11:00 PM,213.22
Tacos Gavilan Huntington Park,2025-03-25,Martes,10:00 AM,243.35,11:00 PM,341.96
Tacos Gavilan Lynwood,2025-03-25,Martes,12:00 AM,440.82,11:00 PM,896.60
Tacos Gavilan Norwalk,2025-03-25,Martes,12:00 AM,310.06,11:00 PM,432.26
Tacos Gavilan Rialto,2025-03-25,Martes,9:00 AM,84.00,11:00 PM,453.11
Tacos Gavilan Santa Ana,2025-03-25,Martes,10:00 AM,294.06,11:00 PM,247.64
Tacos Gavilan West Covina,2025-03-25,Martes,12:00 AM,312.35,11:00 PM,240.37
Tacos Gavilan Azusa,2025-03-25,Martes,9:00 AM,10.98,11:00 PM,182.72
Tacos Gavilan Slauson,2025-03-25,Martes,12:00 AM,264.23,11:00 PM,599.86
Tacos Gavilan Downey,2025-03-25,Martes,12:00 AM,1.89,11:00 PM,291.81
Tacos Gavilan Hollywood,2025-03-25,Martes,8:00 AM,11.78,11:00 PM,695.10
Tacos Gavilan South Gate,2025-03-25,Martes,12:00 AM,9.46,11:00 PM,414.74
Tacos Gavilan LA Broadway,2025-03-25,Martes,12:00 AM,419.76,11:00 PM,669.61
Tacos Gavilan La Puente,2025-03-25,Martes,9:00 AM,0.02,11:00 PM,163.73
Tacos Gavilan West Covina,2025-03-26,Miércoles,12:00 AM,571.71,11:00 PM,551.76
Tacos Gavilan Rialto,2025-03-26,Miércoles,9:00 AM,526.83,11:00 PM,441.78
Tacos Gavilan LA Central,2025-03-26,Miércoles,12:00 AM,669.50,11:00 PM,678.93
Tacos Gavilan South Gate,2025-03-26,Miércoles,9:00 AM,223.17,11:00 PM,347.93
Tacos Gavilan Lynwood,2025-03-26,Miércoles,12:00 AM,571.29,11:00 PM,852.50
Tacos Gavilan Norwalk,2025-03-26,Miércoles,12:00 AM,467.39,11:00 PM,591.53
Tacos Gavilan Hollywood,2025-03-26,Miércoles,9:00 AM,383.81,11:00 PM,293.12
Tacos Gavilan Downey,2025-03-26,Miércoles,9:00 AM,176.63,11:00 PM,222.30
Tacos Gavilan Huntington Park,2025-03-26,Miércoles,10:00 AM,347.85,11:00 PM,349.13
Tacos Gavilan Azusa,2025-03-26,Miércoles,10:00 AM,375.47,11:00 PM,181.17
Tacos Gavilan Santa Ana,2025-03-26,Miércoles,10:00 AM,232.17,11:00 PM,431.42
Tacos Gavilan LA Broadway,2025-03-26,Miércoles,12:00 AM,553.91,11:00 PM,412.20
Tacos Gavilan Bell,2025-03-26,Miércoles,10:00 AM,156.02,11:00 PM,215.82
Tacos Gavilan Slauson,2025-03-26,Miércoles,12:00 AM,556.09,11:00 PM,824.60
Tacos Gavilan La Puente,2025-03-26,Miércoles,9:00 AM,35.05,11:00 PM,187.45
Tacos Gavilan Santa Ana,2025-03-27,Jueves,10:00 AM,376.54,11:00 PM,501.68
Tacos Gavilan Azusa,2025-03-27,Jueves,10:00 AM,316.49,11:00 PM,197.64
Tacos Gavilan LA Central,2025-03-27,Jueves,12:00 AM,886.24,11:00 PM,952.98
Tacos Gavilan Huntington Park,2025-03-27,Jueves,12:00 AM,280.52,11:00 PM,434.87
Tacos Gavilan Lynwood,2025-03-27,Jueves,12:00 AM,782.22,11:00 PM,819.02
Tacos Gavilan Slauson,2025-03-27,Jueves,12:00 AM,521.82,11:00 PM,888.10
Tacos Gavilan Bell,2025-03-27,Jueves,9:00 AM,3.79,11:00 PM,115.84
Tacos Gavilan South Gate,2025-03-27,Jueves,9:00 AM,208.21,11:00 PM,436.28
Tacos Gavilan Norwalk,2025-03-27,Jueves,12:00 AM,431.20,11:00 PM,643.22
Tacos Gavilan LA Broadway,2025-03-27,Jueves,12:00 AM,840.90,11:00 PM,497.00
Tacos Gavilan La Puente,2025-03-27,Jueves,9:00 AM,4.84,11:00 PM,232.03
Tacos Gavilan Hollywood,2025-03-27,Jueves,8:00 AM,15.24,11:00 PM,407.17
Tacos Gavilan Downey,2025-03-27,Jueves,12:00 AM,117.79,11:00 PM,293.05
Tacos Gavilan Rialto,2025-03-27,Jueves,12:00 AM,84.70,11:00 PM,699.52
Tacos Gavilan West Covina,2025-03-27,Jueves,12:00 AM,570.73,11:00 PM,774.52
Tacos Gavilan West Covina,2025-03-28,Viernes,12:00 AM,980.08,11:00 PM,994.70
Tacos Gavilan Santa Ana,2025-03-28,Viernes,12:00 AM,553.96,11:00 PM,838.85
Tacos Gavilan La Puente,2025-03-28,Viernes,12:00 AM,221.08,11:00 PM,492.78
Tacos Gavilan Huntington Park,2025-03-28,Viernes,12:00 AM,360.24,11:00 PM,560.66
Tacos Gavilan Lynwood,2025-03-28,Viernes,12:00 AM,993.42,11:00 PM,1456.91
Tacos Gavilan LA Central,2025-03-28,Viernes,12:00 AM,1232.62,11:00 PM,1480.64
Tacos Gavilan LA Broadway,2025-03-28,Viernes,12:00 AM,1088.89,11:00 PM,916.83
Tacos Gavilan Azusa,2025-03-28,Viernes,12:00 AM,215.72,11:00 PM,600.36
Tacos Gavilan Downey,2025-03-28,Viernes,12:00 AM,566.14,11:00 PM,890.70
Tacos Gavilan Rialto,2025-03-28,Viernes,12:00 AM,595.83,11:00 PM,934.54
Tacos Gavilan Hollywood,2025-03-28,Viernes,12:00 AM,421.99,11:00 PM,772.38
Tacos Gavilan South Gate,2025-03-28,Viernes,12:00 AM,789.46,11:00 PM,837.96
Tacos Gavilan Norwalk,2025-03-28,Viernes,12:00 AM,609.02,11:00 PM,942.78
Tacos Gavilan Bell,2025-03-28,Viernes,12:00 AM,454.13,11:00 PM,418.61
Tacos Gavilan Slauson,2025-03-28,Viernes,12:00 AM,713.39,11:00 PM,865.58
Tacos Gavilan West Covina,2025-03-29,Sábado,12:00 AM,558.34,11:00 PM,1233.42
Tacos Gavilan Rialto,2025-03-29,Sábado,12:00 AM,685.11,11:00 PM,1061.18
Tacos Gavilan Huntington Park,2025-03-29,Sábado,12:00 AM,477.45,11:00 PM,762.49
Tacos Gavilan Lynwood,2025-03-29,Sábado,12:00 AM,987.21,11:00 PM,1389.87
Tacos Gavilan Hollywood,2025-03-29,Sábado,12:00 AM,678.96,11:00 PM,906.04
Tacos Gavilan Bell,2025-03-29,Sábado,12:00 AM,271.02,11:00 PM,442.53
Tacos Gavilan La Puente,2025-03-29,Sábado,12:00 AM,457.08,11:00 PM,552.59
Tacos Gavilan Downey,2025-03-29,Sábado,12:00 AM,881.95,11:00 PM,870.38
Tacos Gavilan LA Broadway,2025-03-29,Sábado,12:00 AM,874.53,11:00 PM,1213.39
Tacos Gavilan South Gate,2025-03-29,Sábado,12:00 AM,831.03,11:00 PM,966.77
Tacos Gavilan Norwalk,2025-03-29,Sábado,12:00 AM,1289.68,11:00 PM,1530.64
Tacos Gavilan Santa Ana,2025-03-29,Sábado,12:00 AM,719.36,11:00 PM,1246.09
Tacos Gavilan Slauson,2025-03-29,Sábado,12:00 AM,624.13,11:00 PM,962.47
Tacos Gavilan Azusa,2025-03-29,Sábado,12:00 AM,156.73,11:00 PM,314.98
Tacos Gavilan LA Central,2025-03-29,Sábado,12:00 AM,1622.62,11:00 PM,1698.30
Tacos Gavilan West Covina,2025-03-30,Domingo,12:00 AM,324.61,11:00 PM,602.28
Tacos Gavilan Santa Ana,2025-03-30,Domingo,10:00 AM,324.29,11:00 PM,412.73
Tacos Gavilan LA Central,2025-03-30,Domingo,12:00 AM,790.17,11:00 PM,1155.53
Tacos Gavilan South Gate,2025-03-30,Domingo,9:00 AM,22.11,11:00 PM,258.91
Tacos Gavilan Huntington Park,2025-03-30,Domingo,9:00 AM,20.47,11:00 PM,506.46
Tacos Gavilan Lynwood,2025-03-30,Domingo,12:00 AM,699.89,11:00 PM,763.53
Tacos Gavilan Rialto,2025-03-30,Domingo,12:00 AM,334.79,11:00 PM,548.06
Tacos Gavilan Bell,2025-03-30,Domingo,10:00 AM,328.87,11:00 PM,410.95
Tacos Gavilan Downey,2025-03-30,Domingo,9:00 AM,214.33,11:00 PM,243.68
Tacos Gavilan Norwalk,2025-03-30,Domingo,12:00 AM,246.40,11:00 PM,613.25
Tacos Gavilan Azusa,2025-03-30,Domingo,10:00 AM,118.19,11:00 PM,227.89
Tacos Gavilan Hollywood,2025-03-30,Domingo,12:00 AM,18.08,11:00 PM,492.28
Tacos Gavilan Slauson,2025-03-30,Domingo,12:00 AM,463.79,11:00 PM,576.79
Tacos Gavilan La Puente,2025-03-30,Domingo,9:00 AM,38.12,11:00 PM,231.03
Tacos Gavilan LA Broadway,2025-03-30,Domingo,12:00 AM,507.60,11:00 PM,779.35
Tacos Gavilan La Puente,2025-03-31,Lunes,9:00 AM,21.12,11:00 PM,309.57
Tacos Gavilan LA Central,2025-03-31,Lunes,12:00 AM,1020.23,11:00 PM,912.59
Tacos Gavilan South Gate,2025-03-31,Lunes,9:00 AM,53.22,11:00 PM,301.71
Tacos Gavilan Bell,2025-03-31,Lunes,10:00 AM,256.29,11:00 PM,119.44
Tacos Gavilan Downey,2025-03-31,Lunes,8:00 AM,17.18,11:00 PM,249.57
Tacos Gavilan Slauson,2025-03-31,Lunes,12:00 AM,447.33,11:00 PM,725.24
Tacos Gavilan Hollywood,2025-03-31,Lunes,9:00 AM,487.67,11:00 PM,476.17
Tacos Gavilan LA Broadway,2025-03-31,Lunes,12:00 AM,515.28,11:00 PM,628.64
Tacos Gavilan Azusa,2025-03-31,Lunes,10:00 AM,297.71,11:00 PM,272.71
Tacos Gavilan Rialto,2025-03-31,Lunes,9:00 AM,144.60,11:00 PM,306.92
Tacos Gavilan West Covina,2025-03-31,Lunes,12:00 AM,354.55,11:00 PM,492.44
Tacos Gavilan Santa Ana,2025-03-31,Lunes,10:00 AM,316.06,11:00 PM,261.37
Tacos Gavilan Lynwood,2025-03-31,Lunes,12:00 AM,347.51,11:00 PM,786.72
Tacos Gavilan Norwalk,2025-03-31,Lunes,12:00 AM,642.97,11:00 PM,571.11
Tacos Gavilan Huntington Park,2025-03-31,Lunes,7:00 AM,0.01,11:00 PM,260.25
Tacos Gavilan La Puente,2025-04-01,Martes,12:00 AM,6.78,11:00 PM,411.30
Tacos Gavilan Azusa,2025-04-01,Martes,9:00 AM,14.63,11:00 PM,237.49
Tacos Gavilan Lynwood,2025-04-01,Martes,12:00 AM,697.54,11:00 PM,626.96
Tacos Gavilan Norwalk,2025-04-01,Martes,12:00 AM,264.01,11:00 PM,712.25
Tacos Gavilan Hollywood,2025-04-01,Martes,9:00 AM,236.28,11:00 PM,691.03
Tacos Gavilan Bell,2025-04-01,Martes,12:00 AM,8.59,11:00 PM,264.75
Tacos Gavilan Rialto,2025-04-01,Martes,8:00 AM,8.59,11:00 PM,437.75
Tacos Gavilan LA Broadway,2025-04-01,Martes,12:00 AM,304.96,11:00 PM,544.92
Tacos Gavilan Santa Ana,2025-04-01,Martes,10:00 AM,451.23,11:00 PM,340.97
Tacos Gavilan Downey,2025-04-01,Martes,9:00 AM,301.68,11:00 PM,295.28
Tacos Gavilan Huntington Park,2025-04-01,Martes,9:00 AM,31.15,11:00 PM,299.98
Tacos Gavilan LA Central,2025-04-01,Martes,12:00 AM,912.13,11:00 PM,852.49
Tacos Gavilan Slauson,2025-04-01,Martes,12:00 AM,343.01,11:00 PM,419.06
Tacos Gavilan West Covina,2025-04-01,Martes,12:00 AM,472.10,11:00 PM,783.76
Tacos Gavilan South Gate,2025-04-01,Martes,9:00 AM,89.29,11:00 PM,214.58
Tacos Gavilan West Covina,2025-04-02,Miércoles,12:00 AM,477.53,11:00 PM,547.39
Tacos Gavilan South Gate,2025-04-02,Miércoles,9:00 AM,127.70,11:00 PM,373.09
Tacos Gavilan Bell,2025-04-02,Miércoles,10:00 AM,202.27,11:00 PM,248.10
Tacos Gavilan Downey,2025-04-02,Miércoles,9:00 AM,74.47,11:00 PM,265.90
Tacos Gavilan Lynwood,2025-04-02,Miércoles,12:00 AM,540.85,11:00 PM,793.46
Tacos Gavilan Slauson,2025-04-02,Miércoles,12:00 AM,287.30,11:00 PM,604.53
Tacos Gavilan Rialto,2025-04-02,Miércoles,12:00 AM,36.32,11:00 PM,402.19
Tacos Gavilan Hollywood,2025-04-02,Miércoles,8:00 AM,9.89,11:00 PM,351.66
Tacos Gavilan Norwalk,2025-04-02,Miércoles,12:00 AM,577.29,11:00 PM,768.30
Tacos Gavilan LA Broadway,2025-04-02,Miércoles,12:00 AM,426.98,11:00 PM,1046.62
Tacos Gavilan Huntington Park,2025-04-02,Miércoles,12:00 AM,23.07,11:00 PM,229.25
Tacos Gavilan La Puente,2025-04-02,Miércoles,9:00 AM,42.37,11:00 PM,257.97
Tacos Gavilan Azusa,2025-04-02,Miércoles,9:00 AM,54.27,11:00 PM,230.16
Tacos Gavilan Santa Ana,2025-04-02,Miércoles,10:00 AM,316.01,11:00 PM,266.90
Tacos Gavilan LA Central,2025-04-02,Miércoles,12:00 AM,627.16,11:00 PM,1253.36
Tacos Gavilan West Covina,2025-04-03,Jueves,12:00 AM,424.24,11:00 PM,632.97
Tacos Gavilan La Puente,2025-04-03,Jueves,12:00 AM,6.83,11:00 PM,331.26
Tacos Gavilan LA Central,2025-04-03,Jueves,12:00 AM,873.75,11:00 PM,998.61
Tacos Gavilan South Gate,2025-04-03,Jueves,9:00 AM,88.44,11:00 PM,440.17
Tacos Gavilan Bell,2025-04-03,Jueves,10:00 AM,245.71,11:00 PM,144.42
Tacos Gavilan Downey,2025-04-03,Jueves,12:00 AM,170.73,11:00 PM,461.84
Tacos Gavilan Huntington Park,2025-04-03,Jueves,12:00 AM,347.71,11:00 PM,294.25
Tacos Gavilan Santa Ana,2025-04-03,Jueves,10:00 AM,390.93,11:00 PM,483.56
Tacos Gavilan Azusa,2025-04-03,Jueves,9:00 AM,7.79,11:00 PM,68.76
Tacos Gavilan Norwalk,2025-04-03,Jueves,12:00 AM,434.58,11:00 PM,726.77
Tacos Gavilan Slauson,2025-04-03,Jueves,12:00 AM,427.06,11:00 PM,807.07
Tacos Gavilan Hollywood,2025-04-03,Jueves,9:00 AM,193.04,11:00 PM,402.06
Tacos Gavilan Lynwood,2025-04-03,Jueves,12:00 AM,867.34,11:00 PM,657.22
Tacos Gavilan Rialto,2025-04-03,Jueves,12:00 AM,91.49,11:00 PM,610.23
Tacos Gavilan LA Broadway,2025-04-03,Jueves,12:00 AM,354.33,11:00 PM,564.73
Tacos Gavilan West Covina,2025-04-04,Viernes,12:00 AM,782.62,11:00 PM,1166.03
Tacos Gavilan LA Central,2025-04-04,Viernes,12:00 AM,1532.83,11:00 PM,1639.43
Tacos Gavilan South Gate,2025-04-04,Viernes,12:00 AM,696.78,11:00 PM,1039.86
Tacos Gavilan Bell,2025-04-04,Viernes,12:00 AM,358.31,11:00 PM,399.40
Tacos Gavilan Downey,2025-04-04,Viernes,12:00 AM,598.14,11:00 PM,648.17
Tacos Gavilan Huntington Park,2025-04-04,Viernes,12:00 AM,334.29,11:00 PM,595.03
Tacos Gavilan Lynwood,2025-04-04,Viernes,12:00 AM,1025.53,11:00 PM,1240.90
Tacos Gavilan Slauson,2025-04-04,Viernes,12:00 AM,1009.36,11:00 PM,792.87
Tacos Gavilan Norwalk,2025-04-04,Viernes,12:00 AM,1003.16,11:00 PM,1281.19
Tacos Gavilan LA Broadway,2025-04-04,Viernes,12:00 AM,1164.41,11:00 PM,1306.62
Tacos Gavilan Rialto,2025-04-04,Viernes,12:00 AM,599.08,11:00 PM,1339.92
Tacos Gavilan Hollywood,2025-04-04,Viernes,12:00 AM,932.89,11:00 PM,598.91
Tacos Gavilan Santa Ana,2025-04-04,Viernes,12:00 AM,577.77,11:00 PM,628.53
Tacos Gavilan La Puente,2025-04-04,Viernes,12:00 AM,462.68,11:00 PM,308.55
Tacos Gavilan Azusa,2025-04-04,Viernes,12:00 AM,245.62,11:00 PM,220.89
Tacos Gavilan Santa Ana,2025-04-05,Sábado,12:00 AM,438.78,11:00 PM,727.37
Tacos Gavilan Rialto,2025-04-05,Sábado,12:00 AM,605.33,11:00 PM,1115.77
Tacos Gavilan Huntington Park,2025-04-05,Sábado,12:00 AM,625.84,11:00 PM,440.78
Tacos Gavilan Lynwood,2025-04-05,Sábado,12:00 AM,963.73,11:00 PM,1457.34
Tacos Gavilan La Puente,2025-04-05,Sábado,12:00 AM,398.10,11:00 PM,787.26
Tacos Gavilan Norwalk,2025-04-05,Sábado,12:00 AM,835.10,11:00 PM,1064.69
Tacos Gavilan LA Broadway,2025-04-05,Sábado,12:00 AM,690.80,11:00 PM,1220.65
Tacos Gavilan Slauson,2025-04-05,Sábado,12:00 AM,793.37,11:00 PM,829.09
Tacos Gavilan Hollywood,2025-04-05,Sábado,12:00 AM,587.10,11:00 PM,767.89
Tacos Gavilan West Covina,2025-04-05,Sábado,12:00 AM,703.65,11:00 PM,908.35
Tacos Gavilan LA Central,2025-04-05,Sábado,12:00 AM,1666.46,11:00 PM,1857.01
Tacos Gavilan South Gate,2025-04-05,Sábado,12:00 AM,662.63,11:00 PM,1112.04
Tacos Gavilan Bell,2025-04-05,Sábado,12:00 AM,373.55,11:00 PM,407.62
Tacos Gavilan Downey,2025-04-05,Sábado,12:00 AM,813.23,11:00 PM,989.71
Tacos Gavilan Azusa,2025-04-05,Sábado,12:00 AM,360.46,11:00 PM,351.23
Tacos Gavilan Rialto,2025-04-06,Domingo,12:00 AM,426.49,11:00 PM,498.71
Tacos Gavilan LA Central,2025-04-06,Domingo,12:00 AM,781.49,11:00 PM,1255.47
Tacos Gavilan Bell,2025-04-06,Domingo,10:00 AM,137.88,11:00 PM,299.38
Tacos Gavilan Huntington Park,2025-04-06,Domingo,9:00 AM,9.86,11:00 PM,386.53
Tacos Gavilan Lynwood,2025-04-06,Domingo,12:00 AM,664.25,11:00 PM,681.01
Tacos Gavilan Hollywood,2025-04-06,Domingo,8:00 AM,21.47,11:00 PM,331.51
Tacos Gavilan LA Broadway,2025-04-06,Domingo,12:00 AM,604.55,11:00 PM,922.93
Tacos Gavilan Downey,2025-04-06,Domingo,9:00 AM,215.67,11:00 PM,380.22
Tacos Gavilan South Gate,2025-04-06,Domingo,9:00 AM,44.66,11:00 PM,406.63
Tacos Gavilan Norwalk,2025-04-06,Domingo,12:00 AM,337.14,11:00 PM,538.42
Tacos Gavilan La Puente,2025-04-06,Domingo,9:00 AM,60.34,11:00 PM,471.65
Tacos Gavilan Slauson,2025-04-06,Domingo,12:00 AM,508.67,11:00 PM,792.85
Tacos Gavilan Azusa,2025-04-06,Domingo,9:00 AM,53.01,11:00 PM,113.62
Tacos Gavilan Santa Ana,2025-04-06,Domingo,10:00 AM,501.60,11:00 PM,505.45
Tacos Gavilan West Covina,2025-04-06,Domingo,12:00 AM,560.63,11:00 PM,744.66
Tacos Gavilan West Covina,2025-04-07,Lunes,12:00 AM,459.63,11:00 PM,683.33
Tacos Gavilan Santa Ana,2025-04-07,Lunes,10:00 AM,429.81,11:00 PM,531.83
Tacos Gavilan Bell,2025-04-07,Lunes,10:00 AM,269.32,11:00 PM,343.47
Tacos Gavilan Lynwood,2025-04-07,Lunes,12:00 AM,557.02,11:00 PM,611.03
Tacos Gavilan Hollywood,2025-04-07,Lunes,9:00 AM,269.28,11:00 PM,379.04
Tacos Gavilan LA Broadway,2025-04-07,Lunes,12:00 AM,525.72,11:00 PM,634.90
Tacos Gavilan La Puente,2025-04-07,Lunes,12:00 AM,2.25,11:00 PM,223.98
Tacos Gavilan Azusa,2025-04-07,Lunes,8:00 AM,12.38,11:00 PM,129.10
Tacos Gavilan Slauson,2025-04-07,Lunes,12:00 AM,406.76,11:00 PM,585.49
Tacos Gavilan Downey,2025-04-07,Lunes,8:00 AM,26.77,11:00 PM,409.04
Tacos Gavilan Norwalk,2025-04-07,Lunes,12:00 AM,378.76,11:00 PM,677.72
Tacos Gavilan Rialto,2025-04-07,Lunes,9:00 AM,372.37,11:00 PM,611.99
Tacos Gavilan Huntington Park,2025-04-07,Lunes,10:00 AM,238.60,11:00 PM,285.46
Tacos Gavilan LA Central,2025-04-07,Lunes,12:00 AM,646.94,11:00 PM,1030.93
Tacos Gavilan South Gate,2025-04-07,Lunes,9:00 AM,102.45,11:00 PM,330.20
Tacos Gavilan West Covina,2025-04-08,Martes,12:00 AM,118.08,11:00 PM,368.74
Tacos Gavilan Azusa,2025-04-08,Martes,8:00 AM,14.28,11:00 PM,218.45
Tacos Gavilan LA Central,2025-04-08,Martes,12:00 AM,883.50,11:00 PM,1362.28
Tacos Gavilan Bell,2025-04-08,Martes,10:00 AM,172.69,11:00 PM,125.74
Tacos Gavilan Lynwood,2025-04-08,Martes,12:00 AM,473.53,11:00 PM,845.68
Tacos Gavilan Norwalk,2025-04-08,Martes,12:00 AM,471.42,11:00 PM,751.91
Tacos Gavilan Hollywood,2025-04-08,Martes,9:00 AM,193.45,11:00 PM,301.68
Tacos Gavilan Slauson,2025-04-08,Martes,12:00 AM,403.33,11:00 PM,718.00
Tacos Gavilan LA Broadway,2025-04-08,Martes,12:00 AM,379.25,11:00 PM,678.09
Tacos Gavilan Rialto,2025-04-08,Martes,9:00 AM,247.21,11:00 PM,373.15
Tacos Gavilan Huntington Park,2025-04-08,Martes,9:00 AM,8.46,11:00 PM,391.02
Tacos Gavilan Downey,2025-04-08,Martes,9:00 AM,232.75,11:00 PM,250.51
Tacos Gavilan Santa Ana,2025-04-08,Martes,10:00 AM,762.40,11:00 PM,376.62
Tacos Gavilan La Puente,2025-04-08,Martes,12:00 AM,2.25,11:00 PM,195.49
Tacos Gavilan South Gate,2025-04-08,Martes,9:00 AM,123.17,11:00 PM,332.51
Tacos Gavilan West Covina,2025-04-09,Miércoles,12:00 AM,525.65,11:00 PM,594.64
Tacos Gavilan Santa Ana,2025-04-09,Miércoles,9:00 AM,30.05,11:00 PM,296.68
Tacos Gavilan La Puente,2025-04-09,Miércoles,9:00 AM,77.89,11:00 PM,399.58
Tacos Gavilan LA Central,2025-04-09,Miércoles,12:00 AM,903.43,11:00 PM,1077.27
Tacos Gavilan Hollywood,2025-04-09,Miércoles,9:00 AM,298.95,11:00 PM,414.59
Tacos Gavilan Bell,2025-04-09,Miércoles,10:00 AM,299.69,11:00 PM,99.35
Tacos Gavilan LA Broadway,2025-04-09,Miércoles,12:00 AM,569.69,11:00 PM,815.82
Tacos Gavilan Norwalk,2025-04-09,Miércoles,12:00 AM,689.42,11:00 PM,428.07
Tacos Gavilan Huntington Park,2025-04-09,Miércoles,9:00 AM,40.82,11:00 PM,364.41
Tacos Gavilan South Gate,2025-04-09,Miércoles,9:00 AM,53.96,11:00 PM,361.94
Tacos Gavilan Azusa,2025-04-09,Miércoles,9:00 AM,23.74,11:00 PM,171.08
Tacos Gavilan Downey,2025-04-09,Miércoles,8:00 AM,19.78,11:00 PM,253.40
Tacos Gavilan Rialto,2025-04-09,Miércoles,8:00 AM,32.46,11:00 PM,569.35
Tacos Gavilan Lynwood,2025-04-09,Miércoles,12:00 AM,723.51,11:00 PM,753.19
Tacos Gavilan Slauson,2025-04-09,Miércoles,12:00 AM,355.67,11:00 PM,717.28
Tacos Gavilan Azusa,2025-04-10,Jueves,10:00 AM,350.75,11:00 PM,347.83
Tacos Gavilan Rialto,2025-04-10,Jueves,12:00 AM,371.51,11:00 PM,556.25
Tacos Gavilan LA Central,2025-04-10,Jueves,12:00 AM,766.31,11:00 PM,798.88
Tacos Gavilan South Gate,2025-04-10,Jueves,9:00 AM,202.66,11:00 PM,235.52
Tacos Gavilan Downey,2025-04-10,Jueves,12:00 AM,223.83,11:00 PM,383.21
Tacos Gavilan Huntington Park,2025-04-10,Jueves,12:00 AM,299.49,11:00 PM,382.81
Tacos Gavilan Lynwood,2025-04-10,Jueves,12:00 AM,629.48,11:00 PM,756.42
Tacos Gavilan Slauson,2025-04-10,Jueves,12:00 AM,367.78,11:00 PM,447.60
Tacos Gavilan LA Broadway,2025-04-10,Jueves,12:00 AM,551.05,11:00 PM,843.53
Tacos Gavilan Hollywood,2025-04-10,Jueves,12:00 AM,34.53,11:00 PM,422.40
Tacos Gavilan Santa Ana,2025-04-10,Jueves,10:00 AM,733.54,11:00 PM,528.95
Tacos Gavilan Norwalk,2025-04-10,Jueves,12:00 AM,408.20,11:00 PM,640.05
Tacos Gavilan Bell,2025-04-10,Jueves,10:00 AM,427.43,11:00 PM,290.08
Tacos Gavilan La Puente,2025-04-10,Jueves,12:00 AM,4.95,11:00 PM,221.93
Tacos Gavilan West Covina,2025-04-10,Jueves,12:00 AM,651.97,11:00 PM,536.66
Tacos Gavilan Santa Ana,2025-04-11,Viernes,12:00 AM,619.99,11:00 PM,778.89
Tacos Gavilan LA Central,2025-04-11,Viernes,12:00 AM,1471.09,11:00 PM,1361.54
Tacos Gavilan Bell,2025-04-11,Viernes,12:00 AM,191.72,11:00 PM,221.99
Tacos Gavilan Huntington Park,2025-04-11,Viernes,12:00 AM,465.60,11:00 PM,761.75
Tacos Gavilan Lynwood,2025-04-11,Viernes,12:00 AM,1157.21,11:00 PM,1647.43
Tacos Gavilan Slauson,2025-04-11,Viernes,12:00 AM,909.31,11:00 PM,948.40
Tacos Gavilan La Puente,2025-04-11,Viernes,12:00 AM,259.00,11:00 PM,850.41
Tacos Gavilan West Covina,2025-04-11,Viernes,12:00 AM,692.65,11:00 PM,1130.39
Tacos Gavilan South Gate,2025-04-11,Viernes,12:00 AM,445.78,11:00 PM,1014.36
Tacos Gavilan Rialto,2025-04-11,Viernes,12:00 AM,391.74,11:00 PM,1142.25
Tacos Gavilan Azusa,2025-04-11,Viernes,12:00 AM,338.00,11:00 PM,323.47
Tacos Gavilan Hollywood,2025-04-11,Viernes,12:00 AM,673.35,11:00 PM,692.15
Tacos Gavilan Downey,2025-04-11,Viernes,12:00 AM,448.53,11:00 PM,1015.01
Tacos Gavilan Norwalk,2025-04-11,Viernes,12:00 AM,794.05,11:00 PM,1020.71
Tacos Gavilan LA Broadway,2025-04-11,Viernes,12:00 AM,735.68,11:00 PM,1142.98
Tacos Gavilan Santa Ana,2025-04-12,Sábado,12:00 AM,474.22,11:00 PM,795.77
Tacos Gavilan La Puente,2025-04-12,Sábado,12:00 AM,219.03,11:00 PM,422.31
Tacos Gavilan LA Central,2025-04-12,Sábado,12:00 AM,1490.60,11:00 PM,1118.10
Tacos Gavilan South Gate,2025-04-12,Sábado,12:00 AM,492.09,11:00 PM,872.55
Tacos Gavilan Huntington Park,2025-04-12,Sábado,12:00 AM,392.43,11:00 PM,580.98
Tacos Gavilan Lynwood,2025-04-12,Sábado,12:00 AM,1162.48,11:00 PM,1672.14
Tacos Gavilan Norwalk,2025-04-12,Sábado,12:00 AM,922.89,11:00 PM,1574.86
Tacos Gavilan Bell,2025-04-12,Sábado,12:00 AM,337.15,11:00 PM,458.42
Tacos Gavilan Rialto,2025-04-12,Sábado,12:00 AM,820.51,11:00 PM,1084.18
Tacos Gavilan West Covina,2025-04-12,Sábado,12:00 AM,662.56,11:00 PM,1190.68
Tacos Gavilan Azusa,2025-04-12,Sábado,12:00 AM,171.84,11:00 PM,369.51
Tacos Gavilan Downey,2025-04-12,Sábado,12:00 AM,889.64,11:00 PM,981.62
Tacos Gavilan LA Broadway,2025-04-12,Sábado,12:00 AM,777.48,11:00 PM,1209.08
Tacos Gavilan Hollywood,2025-04-12,Sábado,12:00 AM,692.97,11:00 PM,637.77
Tacos Gavilan Slauson,2025-04-12,Sábado,12:00 AM,722.73,11:00 PM,1095.70
Tacos Gavilan West Covina,2025-04-13,Domingo,12:00 AM,294.63,11:00 PM,548.68
Tacos Gavilan Santa Ana,2025-04-13,Domingo,10:00 AM,291.65,11:00 PM,331.12
Tacos Gavilan La Puente,2025-04-13,Domingo,9:00 AM,50.38,11:00 PM,232.03
Tacos Gavilan Azusa,2025-04-13,Domingo,12:00 AM,11.45,11:00 PM,277.01
Tacos Gavilan Huntington Park,2025-04-13,Domingo,10:00 AM,371.60,11:00 PM,489.68
Tacos Gavilan Downey,2025-04-13,Domingo,9:00 AM,310.83,11:00 PM,333.73
Tacos Gavilan Rialto,2025-04-13,Domingo,12:00 AM,557.41,11:00 PM,551.00
Tacos Gavilan Lynwood,2025-04-13,Domingo,12:00 AM,578.12,11:00 PM,1057.45
Tacos Gavilan LA Broadway,2025-04-13,Domingo,12:00 AM,428.15,11:00 PM,530.87
Tacos Gavilan Norwalk,2025-04-13,Domingo,12:00 AM,242.34,11:00 PM,597.41
Tacos Gavilan LA Central,2025-04-13,Domingo,12:00 AM,609.34,11:00 PM,817.94
Tacos Gavilan South Gate,2025-04-13,Domingo,9:00 AM,20.86,11:00 PM,500.07
Tacos Gavilan Bell,2025-04-13,Domingo,10:00 AM,112.71,11:00 PM,196.77
Tacos Gavilan Hollywood,2025-04-13,Domingo,8:00 AM,8.59,11:00 PM,364.34
Tacos Gavilan Slauson,2025-04-13,Domingo,12:00 AM,484.89,11:00 PM,670.42
Tacos Gavilan Santa Ana,2025-04-14,Lunes,10:00 AM,287.85,11:00 PM,297.62
Tacos Gavilan La Puente,2025-04-14,Lunes,9:00 AM,80.90,11:00 PM,379.48
Tacos Gavilan Rialto,2025-04-14,Lunes,9:00 AM,165.27,11:00 PM,647.23
Tacos Gavilan LA Central,2025-04-14,Lunes,12:00 AM,587.62,11:00 PM,806.05
Tacos Gavilan South Gate,2025-04-14,Lunes,9:00 AM,92.53,11:00 PM,479.35
Tacos Gavilan Bell,2025-04-14,Lunes,10:00 AM,201.81,11:00 PM,229.36
Tacos Gavilan Lynwood,2025-04-14,Lunes,12:00 AM,566.62,11:00 PM,1030.78
Tacos Gavilan LA Broadway,2025-04-14,Lunes,12:00 AM,707.23,11:00 PM,811.63
Tacos Gavilan Azusa,2025-04-14,Lunes,10:00 AM,187.46,11:00 PM,293.01
Tacos Gavilan Norwalk,2025-04-14,Lunes,12:00 AM,232.44,11:00 PM,747.31
Tacos Gavilan Hollywood,2025-04-14,Lunes,8:00 AM,12.38,11:00 PM,227.63
Tacos Gavilan Slauson,2025-04-14,Lunes,12:00 AM,337.63,11:00 PM,805.79
Tacos Gavilan Downey,2025-04-14,Lunes,9:00 AM,498.83,11:00 PM,344.13
Tacos Gavilan Huntington Park,2025-04-14,Lunes,9:00 AM,8.59,11:00 PM,410.23
Tacos Gavilan West Covina,2025-04-14,Lunes,12:00 AM,387.31,11:00 PM,532.27
Tacos Gavilan West Covina,2025-04-15,Martes,12:00 AM,336.63,11:00 PM,716.08
Tacos Gavilan Azusa,2025-04-15,Martes,9:00 AM,12.38,11:00 PM,334.87
Tacos Gavilan Rialto,2025-04-15,Martes,9:00 AM,111.15,11:00 PM,388.11
Tacos Gavilan LA Central,2025-04-15,Martes,12:00 AM,638.55,11:00 PM,994.76
Tacos Gavilan Bell,2025-04-15,Martes,10:00 AM,156.38,11:00 PM,356.95
Tacos Gavilan Huntington Park,2025-04-15,Martes,10:00 AM,259.75,11:00 PM,308.66
Tacos Gavilan Lynwood,2025-04-15,Martes,12:00 AM,474.75,11:00 PM,934.18
Tacos Gavilan Slauson,2025-04-15,Martes,12:00 AM,469.61,11:00 PM,607.12
Tacos Gavilan South Gate,2025-04-15,Martes,9:00 AM,42.15,11:00 PM,329.69
Tacos Gavilan Downey,2025-04-15,Martes,9:00 AM,222.80,11:00 PM,332.57
Tacos Gavilan Norwalk,2025-04-15,Martes,12:00 AM,394.99,11:00 PM,548.43
Tacos Gavilan La Puente,2025-04-15,Martes,10:00 AM,316.05,11:00 PM,251.16
Tacos Gavilan LA Broadway,2025-04-15,Martes,12:00 AM,479.35,11:00 PM,410.78
Tacos Gavilan Hollywood,2025-04-15,Martes,9:00 AM,612.08,11:00 PM,360.42
Tacos Gavilan Santa Ana,2025-04-15,Martes,10:00 AM,432.26,11:00 PM,237.66
Tacos Gavilan Santa Ana,2025-04-16,Miércoles,10:00 AM,387.45,11:00 PM,383.61
Tacos Gavilan Rialto,2025-04-16,Miércoles,9:00 AM,237.83,11:00 PM,326.76
Tacos Gavilan South Gate,2025-04-16,Miércoles,9:00 AM,86.50,11:00 PM,368.49
Tacos Gavilan Huntington Park,2025-04-16,Miércoles,9:00 AM,12.45,11:00 PM,479.09
Tacos Gavilan Lynwood,2025-04-16,Miércoles,12:00 AM,639.84,11:00 PM,973.03
Tacos Gavilan Hollywood,2025-04-16,Miércoles,9:00 AM,301.07,11:00 PM,398.07
Tacos Gavilan LA Broadway,2025-04-16,Miércoles,12:00 AM,310.53,11:00 PM,558.43
Tacos Gavilan Slauson,2025-04-16,Miércoles,12:00 AM,446.84,11:00 PM,453.52
Tacos Gavilan LA Central,2025-04-16,Miércoles,12:00 AM,808.87,11:00 PM,980.12
Tacos Gavilan La Puente,2025-04-16,Miércoles,9:00 AM,103.82,11:00 PM,195.86
Tacos Gavilan Bell,2025-04-16,Miércoles,10:00 AM,268.92,11:00 PM,461.15
Tacos Gavilan Azusa,2025-04-16,Miércoles,9:00 AM,9.89,11:00 PM,192.12
Tacos Gavilan Downey,2025-04-16,Miércoles,9:00 AM,198.46,11:00 PM,539.33
Tacos Gavilan Norwalk,2025-04-16,Miércoles,12:00 AM,550.46,11:00 PM,505.28
Tacos Gavilan West Covina,2025-04-16,Miércoles,12:00 AM,581.23,11:00 PM,451.42
Tacos Gavilan La Puente,2025-04-17,Jueves,9:00 AM,61.72,11:00 PM,332.34
Tacos Gavilan LA Central,2025-04-17,Jueves,12:00 AM,1641.96,11:00 PM,1476.07
Tacos Gavilan South Gate,2025-04-17,Jueves,9:00 AM,222.89,11:00 PM,601.04
Tacos Gavilan Bell,2025-04-17,Jueves,10:00 AM,205.19,11:00 PM,265.71
Tacos Gavilan Norwalk,2025-04-17,Jueves,12:00 AM,1040.08,11:00 PM,923.06
Tacos Gavilan Slauson,2025-04-17,Jueves,12:00 AM,851.84,11:00 PM,868.99
Tacos Gavilan Downey,2025-04-17,Jueves,12:00 AM,489.04,11:00 PM,581.67
Tacos Gavilan Hollywood,2025-04-17,Jueves,9:00 AM,214.59,11:00 PM,389.28
Tacos Gavilan Huntington Park,2025-04-17,Jueves,12:00 AM,726.94,11:00 PM,516.86
Tacos Gavilan Santa Ana,2025-04-17,Jueves,10:00 AM,563.08,11:00 PM,562.66
Tacos Gavilan Lynwood,2025-04-17,Jueves,12:00 AM,1774.80,11:00 PM,1443.01
Tacos Gavilan LA Broadway,2025-04-17,Jueves,12:00 AM,969.94,11:00 PM,612.22
Tacos Gavilan Rialto,2025-04-17,Jueves,12:00 AM,166.31,11:00 PM,580.03
Tacos Gavilan Azusa,2025-04-17,Jueves,10:00 AM,219.03,11:00 PM,329.39
Tacos Gavilan West Covina,2025-04-17,Jueves,12:00 AM,546.05,11:00 PM,707.42
Tacos Gavilan Huntington Park,2025-04-18,Viernes,12:00 AM,55.31,11:00 PM,123.14
Tacos Gavilan LA Broadway,2025-04-18,Viernes,3:00 AM,10.57,8:00 AM,44.24
Tacos Gavilan Santa Ana,2025-04-19,Sábado,12:00 AM,759.96,11:00 PM,1033.92
Tacos Gavilan Rialto,2025-04-19,Sábado,12:00 AM,878.22,11:00 PM,1651.92
Tacos Gavilan LA Central,2025-04-19,Sábado,12:00 AM,1738.26,11:00 PM,1690.64
Tacos Gavilan Bell,2025-04-19,Sábado,12:00 AM,357.79,11:00 PM,304.63
Tacos Gavilan Huntington Park,2025-04-19,Sábado,12:00 AM,546.40,11:00 PM,646.04
Tacos Gavilan Lynwood,2025-04-19,Sábado,12:00 AM,1961.22,11:00 PM,1636.67
Tacos Gavilan La Puente,2025-04-19,Sábado,12:00 AM,570.45,11:00 PM,608.61
Tacos Gavilan Norwalk,2025-04-19,Sábado,12:00 AM,1432.21,11:00 PM,1396.86
Tacos Gavilan Azusa,2025-04-19,Sábado,12:00 AM,301.58,11:00 PM,372.48
Tacos Gavilan Downey,2025-04-19,Sábado,12:00 AM,743.99,11:00 PM,764.54
Tacos Gavilan LA Broadway,2025-04-19,Sábado,12:00 AM,1432.63,11:00 PM,1235.05
Tacos Gavilan Hollywood,2025-04-19,Sábado,12:00 AM,588.20,11:00 PM,807.62
Tacos Gavilan Slauson,2025-04-19,Sábado,12:00 AM,1847.95,11:00 PM,878.64
Tacos Gavilan West Covina,2025-04-19,Sábado,12:00 AM,1208.86,11:00 PM,868.19
Tacos Gavilan South Gate,2025-04-19,Sábado,12:00 AM,926.02,11:00 PM,1279.08
Tacos Gavilan West Covina,2025-04-20,Domingo,12:00 AM,377.00,11:00 PM,495.44
Tacos Gavilan Santa Ana,2025-04-20,Domingo,9:00 AM,28.41,11:00 PM,455.89
Tacos Gavilan Rialto,2025-04-20,Domingo,12:00 AM,268.16,11:00 PM,695.12
Tacos Gavilan LA Central,2025-04-20,Domingo,12:00 AM,656.59,11:00 PM,759.82
Tacos Gavilan Bell,2025-04-20,Domingo,10:00 AM,166.14,11:00 PM,401.12
Tacos Gavilan Slauson,2025-04-20,Domingo,12:00 AM,349.35,11:00 PM,552.21
Tacos Gavilan Hollywood,2025-04-20,Domingo,12:00 AM,24.62,11:00 PM,702.26
Tacos Gavilan La Puente,2025-04-20,Domingo,12:00 AM,5.73,11:00 PM,189.78
Tacos Gavilan Huntington Park,2025-04-20,Domingo,10:00 AM,297.25,11:00 PM,365.72
Tacos Gavilan South Gate,2025-04-20,Domingo,10:00 AM,372.19,11:00 PM,333.42
Tacos Gavilan Norwalk,2025-04-20,Domingo,12:00 AM,396.65,11:00 PM,775.54
Tacos Gavilan Azusa,2025-04-20,Domingo,12:00 AM,3.79,11:00 PM,119.81
Tacos Gavilan Downey,2025-04-20,Domingo,9:00 AM,242.42,11:00 PM,361.23
Tacos Gavilan LA Broadway,2025-04-20,Domingo,12:00 AM,382.02,11:00 PM,385.72
Tacos Gavilan Lynwood,2025-04-20,Domingo,12:00 AM,458.72,11:00 PM,999.14
Tacos Gavilan West Covina,2025-04-21,Lunes,12:00 AM,341.01,11:00 PM,374.93
Tacos Gavilan La Puente,2025-04-21,Lunes,9:00 AM,23.97,11:00 PM,219.85
Tacos Gavilan Rialto,2025-04-21,Lunes,9:00 AM,627.69,11:00 PM,346.72
Tacos Gavilan LA Central,2025-04-21,Lunes,12:00 AM,669.91,11:00 PM,849.96
Tacos Gavilan Bell,2025-04-21,Lunes,10:00 AM,313.30,11:00 PM,233.80
Tacos Gavilan Lynwood,2025-04-21,Lunes,12:00 AM,448.33,11:00 PM,780.04
Tacos Gavilan Hollywood,2025-04-21,Lunes,8:00 AM,9.09,11:00 PM,304.12
Tacos Gavilan Norwalk,2025-04-21,Lunes,12:00 AM,315.41,11:00 PM,514.05
Tacos Gavilan LA Broadway,2025-04-21,Lunes,12:00 AM,445.40,11:00 PM,465.11
Tacos Gavilan Slauson,2025-04-21,Lunes,12:00 AM,236.75,11:00 PM,493.07
Tacos Gavilan South Gate,2025-04-21,Lunes,9:00 AM,186.61,11:00 PM,460.63
Tacos Gavilan Azusa,2025-04-21,Lunes,10:00 AM,244.54,11:00 PM,246.26
Tacos Gavilan Huntington Park,2025-04-21,Lunes,9:00 AM,28.25,11:00 PM,157.61
Tacos Gavilan Santa Ana,2025-04-21,Lunes,9:00 AM,39.07,11:00 PM,405.68
Tacos Gavilan Downey,2025-04-21,Lunes,8:00 AM,11.45,11:00 PM,303.36
Tacos Gavilan West Covina,2025-04-22,Martes,12:00 AM,361.26,11:00 PM,574.92
Tacos Gavilan La Puente,2025-04-22,Martes,9:00 AM,66.28,11:00 PM,165.47
Tacos Gavilan Azusa,2025-04-22,Martes,9:00 AM,60.40,11:00 PM,167.26
Tacos Gavilan Bell,2025-04-22,Martes,10:00 AM,201.48,11:00 PM,51.53
Tacos Gavilan Norwalk,2025-04-22,Martes,12:00 AM,559.86,11:00 PM,606.13
Tacos Gavilan Slauson,2025-04-22,Martes,12:00 AM,348.10,11:00 PM,666.83
Tacos Gavilan Hollywood,2025-04-22,Martes,12:00 AM,10.99,11:00 PM,466.26
Tacos Gavilan South Gate,2025-04-22,Martes,9:00 AM,49.50,11:00 PM,319.13
Tacos Gavilan Downey,2025-04-22,Martes,9:00 AM,213.45,11:00 PM,318.43
Tacos Gavilan Rialto,2025-04-22,Martes,9:00 AM,261.02,11:00 PM,225.49
Tacos Gavilan LA Central,2025-04-22,Martes,12:00 AM,698.23,11:00 PM,831.67
Tacos Gavilan LA Broadway,2025-04-22,Martes,12:00 AM,448.74,11:00 PM,527.12
Tacos Gavilan Santa Ana,2025-04-22,Martes,10:00 AM,527.00,11:00 PM,270.57
Tacos Gavilan Huntington Park,2025-04-22,Martes,9:00 AM,33.08,11:00 PM,241.15
Tacos Gavilan Lynwood,2025-04-22,Martes,12:00 AM,494.05,11:00 PM,839.90
Tacos Gavilan Santa Ana,2025-04-23,Miércoles,10:00 AM,224.40,11:00 PM,452.78
Tacos Gavilan Rialto,2025-04-23,Miércoles,12:00 AM,20.47,11:00 PM,602.61
Tacos Gavilan LA Central,2025-04-23,Miércoles,12:00 AM,629.67,11:00 PM,979.02
Tacos Gavilan South Gate,2025-04-23,Miércoles,9:00 AM,123.65,11:00 PM,416.41
Tacos Gavilan Bell,2025-04-23,Miércoles,10:00 AM,192.23,11:00 PM,174.24
Tacos Gavilan Azusa,2025-04-23,Miércoles,9:00 AM,43.45,11:00 PM,109.30
Tacos Gavilan Huntington Park,2025-04-23,Miércoles,10:00 AM,209.12,11:00 PM,482.92
Tacos Gavilan Lynwood,2025-04-23,Miércoles,12:00 AM,583.75,11:00 PM,800.35
Tacos Gavilan La Puente,2025-04-23,Miércoles,12:00 AM,2.25,11:00 PM,138.26
Tacos Gavilan Hollywood,2025-04-23,Miércoles,9:00 AM,261.02,11:00 PM,444.74
Tacos Gavilan West Covina,2025-04-23,Miércoles,12:00 AM,423.52,11:00 PM,715.63
Tacos Gavilan Norwalk,2025-04-23,Miércoles,12:00 AM,600.92,11:00 PM,993.48
Tacos Gavilan LA Broadway,2025-04-23,Miércoles,12:00 AM,244.67,11:00 PM,504.84
Tacos Gavilan Slauson,2025-04-23,Miércoles,12:00 AM,309.01,11:00 PM,528.46
Tacos Gavilan Downey,2025-04-23,Miércoles,9:00 AM,198.12,11:00 PM,310.95
Tacos Gavilan Santa Ana,2025-04-24,Jueves,12:00 AM,3.79,11:00 PM,403.70
Tacos Gavilan Rialto,2025-04-24,Jueves,12:00 AM,202.82,11:00 PM,808.38
Tacos Gavilan South Gate,2025-04-24,Jueves,8:00 AM,15.58,11:00 PM,514.60
Tacos Gavilan Huntington Park,2025-04-24,Jueves,12:00 AM,290.12,11:00 PM,349.32
Tacos Gavilan Downey,2025-04-24,Jueves,12:00 AM,132.79,11:00 PM,370.27
Tacos Gavilan LA Broadway,2025-04-24,Jueves,12:00 AM,688.91,11:00 PM,548.38
Tacos Gavilan Lynwood,2025-04-24,Jueves,12:00 AM,984.04,11:00 PM,1117.19
Tacos Gavilan La Puente,2025-04-24,Jueves,9:00 AM,74.62,11:00 PM,272.06
Tacos Gavilan Azusa,2025-04-24,Jueves,10:00 AM,159.97,11:00 PM,193.82
Tacos Gavilan Norwalk,2025-04-24,Jueves,12:00 AM,490.89,11:00 PM,707.24
Tacos Gavilan Slauson,2025-04-24,Jueves,12:00 AM,547.74,11:00 PM,585.13
Tacos Gavilan Bell,2025-04-24,Jueves,10:00 AM,169.57,11:00 PM,177.74
Tacos Gavilan Hollywood,2025-04-24,Jueves,9:00 AM,176.07,11:00 PM,584.16
Tacos Gavilan LA Central,2025-04-24,Jueves,12:00 AM,716.81,11:00 PM,772.34
Tacos Gavilan West Covina,2025-04-24,Jueves,12:00 AM,487.16,11:00 PM,692.68
Tacos Gavilan West Covina,2025-04-25,Viernes,12:00 AM,831.55,11:00 PM,789.94
Tacos Gavilan Azusa,2025-04-25,Viernes,12:00 AM,325.71,11:00 PM,279.60
Tacos Gavilan Rialto,2025-04-25,Viernes,12:00 AM,608.43,11:00 PM,992.14
Tacos Gavilan LA Central,2025-04-25,Viernes,12:00 AM,1304.48,11:00 PM,1263.33
Tacos Gavilan South Gate,2025-04-25,Viernes,12:00 AM,831.46,11:00 PM,1055.07
Tacos Gavilan Huntington Park,2025-04-25,Viernes,12:00 AM,541.47,11:00 PM,525.87
Tacos Gavilan Lynwood,2025-04-25,Viernes,12:00 AM,1461.93,11:00 PM,1142.20
Tacos Gavilan Slauson,2025-04-25,Viernes,12:00 AM,1051.24,11:00 PM,875.79
Tacos Gavilan LA Broadway,2025-04-25,Viernes,12:00 AM,1005.04,11:00 PM,881.32
Tacos Gavilan Downey,2025-04-25,Viernes,12:00 AM,528.19,11:00 PM,975.47
Tacos Gavilan Bell,2025-04-25,Viernes,12:00 AM,277.88,11:00 PM,384.67
Tacos Gavilan Norwalk,2025-04-25,Viernes,12:00 AM,963.83,11:00 PM,956.02
Tacos Gavilan La Puente,2025-04-25,Viernes,12:00 AM,675.61,11:00 PM,595.75
Tacos Gavilan Hollywood,2025-04-25,Viernes,12:00 AM,869.22,11:00 PM,654.68
Tacos Gavilan Santa Ana,2025-04-25,Viernes,12:00 AM,350.18,11:00 PM,860.12
Tacos Gavilan Santa Ana,2025-04-26,Sábado,12:00 AM,850.62,11:00 PM,912.99
Tacos Gavilan Rialto,2025-04-26,Sábado,12:00 AM,639.16,11:00 PM,775.50
Tacos Gavilan LA Central,2025-04-26,Sábado,12:00 AM,1503.96,11:00 PM,1546.71
Tacos Gavilan South Gate,2025-04-26,Sábado,12:00 AM,787.46,11:00 PM,917.78
Tacos Gavilan Bell,2025-04-26,Sábado,12:00 AM,341.00,11:00 PM,242.48
Tacos Gavilan Huntington Park,2025-04-26,Sábado,12:00 AM,890.30,11:00 PM,620.28
Tacos Gavilan Azusa,2025-04-26,Sábado,12:00 AM,243.82,11:00 PM,464.60
Tacos Gavilan LA Broadway,2025-04-26,Sábado,12:00 AM,1284.10,11:00 PM,937.12
Tacos Gavilan Lynwood,2025-04-26,Sábado,12:00 AM,1582.61,11:00 PM,1250.38
Tacos Gavilan Norwalk,2025-04-26,Sábado,12:00 AM,952.78,11:00 PM,1442.75
Tacos Gavilan Downey,2025-04-26,Sábado,12:00 AM,922.65,11:00 PM,649.04
Tacos Gavilan La Puente,2025-04-26,Sábado,12:00 AM,579.75,11:00 PM,645.08
Tacos Gavilan Hollywood,2025-04-26,Sábado,12:00 AM,841.61,11:00 PM,822.57
Tacos Gavilan Slauson,2025-04-26,Sábado,12:00 AM,806.00,11:00 PM,973.83
Tacos Gavilan West Covina,2025-04-26,Sábado,12:00 AM,976.52,11:00 PM,1020.02
Tacos Gavilan West Covina,2025-04-27,Domingo,12:00 AM,359.01,11:00 PM,503.73
Tacos Gavilan LA Central,2025-04-27,Domingo,12:00 AM,592.26,11:00 PM,1100.74
Tacos Gavilan Bell,2025-04-27,Domingo,10:00 AM,177.39,11:00 PM,216.70
Tacos Gavilan Lynwood,2025-04-27,Domingo,12:00 AM,983.16,11:00 PM,814.15
Tacos Gavilan Rialto,2025-04-27,Domingo,12:00 AM,350.94,11:00 PM,599.11
Tacos Gavilan Norwalk,2025-04-27,Domingo,12:00 AM,243.08,11:00 PM,559.34
Tacos Gavilan Slauson,2025-04-27,Domingo,12:00 AM,715.87,11:00 PM,746.80
Tacos Gavilan LA Broadway,2025-04-27,Domingo,12:00 AM,557.82,11:00 PM,630.85
Tacos Gavilan Huntington Park,2025-04-27,Domingo,10:00 AM,299.05,11:00 PM,493.83
Tacos Gavilan Santa Ana,2025-04-27,Domingo,10:00 AM,322.31,11:00 PM,505.86
Tacos Gavilan Azusa,2025-04-27,Domingo,10:00 AM,188.45,11:00 PM,211.21
Tacos Gavilan Downey,2025-04-27,Domingo,9:00 AM,227.91,11:00 PM,374.32
Tacos Gavilan La Puente,2025-04-27,Domingo,12:00 AM,27.27,11:00 PM,231.18
Tacos Gavilan South Gate,2025-04-27,Domingo,9:00 AM,4.29,11:00 PM,329.91
Tacos Gavilan Hollywood,2025-04-27,Domingo,8:00 AM,19.14,11:00 PM,719.26
Tacos Gavilan Santa Ana,2025-04-28,Lunes,9:00 AM,20.61,11:00 PM,429.86
Tacos Gavilan La Puente,2025-04-28,Lunes,9:00 AM,56.16,11:00 PM,242.48
Tacos Gavilan Azusa,2025-04-28,Lunes,9:00 AM,39.12,11:00 PM,205.59
Tacos Gavilan South Gate,2025-04-28,Lunes,9:00 AM,173.14,11:00 PM,301.08
Tacos Gavilan Huntington Park,2025-04-28,Lunes,10:00 AM,414.25,11:00 PM,244.75
Tacos Gavilan Slauson,2025-04-28,Lunes,12:00 AM,682.17,11:00 PM,638.47
Tacos Gavilan LA Broadway,2025-04-28,Lunes,12:00 AM,571.91,11:00 PM,666.95
Tacos Gavilan Rialto,2025-04-28,Lunes,9:00 AM,266.74,11:00 PM,353.78
Tacos Gavilan Bell,2025-04-28,Lunes,9:00 AM,4.58,11:00 PM,98.48
Tacos Gavilan West Covina,2025-04-28,Lunes,12:00 AM,611.22,11:00 PM,605.84
Tacos Gavilan Downey,2025-04-28,Lunes,8:00 AM,12.28,11:00 PM,193.06
Tacos Gavilan LA Central,2025-04-28,Lunes,12:00 AM,902.22,11:00 PM,592.77
Tacos Gavilan Norwalk,2025-04-28,Lunes,12:00 AM,488.56,11:00 PM,739.79
Tacos Gavilan Hollywood,2025-04-28,Lunes,9:00 AM,315.62,11:00 PM,474.31
Tacos Gavilan Lynwood,2025-04-28,Lunes,12:00 AM,594.78,11:00 PM,698.71
Tacos Gavilan Santa Ana,2025-04-29,Martes,10:00 AM,355.44,11:00 PM,612.37
Tacos Gavilan LA Central,2025-04-29,Martes,12:00 AM,846.35,11:00 PM,937.06
Tacos Gavilan South Gate,2025-04-29,Martes,9:00 AM,126.83,11:00 PM,409.59
Tacos Gavilan Bell,2025-04-29,Martes,12:00 AM,22.34,11:00 PM,171.33
Tacos Gavilan Huntington Park,2025-04-29,Martes,12:00 AM,4.29,11:00 PM,372.31
Tacos Gavilan Norwalk,2025-04-29,Martes,12:00 AM,538.73,11:00 PM,673.08
Tacos Gavilan Azusa,2025-04-29,Martes,9:00 AM,20.47,11:00 PM,217.56
Tacos Gavilan La Puente,2025-04-29,Martes,12:00 AM,11.88,11:00 PM,302.04
Tacos Gavilan Slauson,2025-04-29,Martes,12:00 AM,363.08,11:00 PM,515.64
Tacos Gavilan Rialto,2025-04-29,Martes,9:00 AM,156.17,11:00 PM,300.63
Tacos Gavilan Downey,2025-04-29,Martes,9:00 AM,302.08,11:00 PM,203.02
Tacos Gavilan West Covina,2025-04-29,Martes,12:00 AM,356.15,11:00 PM,587.38
Tacos Gavilan LA Broadway,2025-04-29,Martes,12:00 AM,297.28,11:00 PM,558.62
Tacos Gavilan Hollywood,2025-04-29,Martes,12:00 AM,6.83,11:00 PM,514.81
Tacos Gavilan Lynwood,2025-04-29,Martes,12:00 AM,527.75,11:00 PM,777.15
Tacos Gavilan Santa Ana,2025-04-30,Miércoles,10:00 AM,293.63,11:00 PM,521.81
Tacos Gavilan Rialto,2025-04-30,Miércoles,9:00 AM,133.48,11:00 PM,552.60
Tacos Gavilan LA Central,2025-04-30,Miércoles,12:00 AM,779.42,11:00 PM,698.18
Tacos Gavilan South Gate,2025-04-30,Miércoles,9:00 AM,43.21,11:00 PM,250.05
Tacos Gavilan Bell,2025-04-30,Miércoles,10:00 AM,137.67,11:00 PM,190.69
Tacos Gavilan Lynwood,2025-04-30,Miércoles,12:00 AM,793.05,11:00 PM,1038.54
Tacos Gavilan Slauson,2025-04-30,Miércoles,12:00 AM,481.83,11:00 PM,665.27
Tacos Gavilan Downey,2025-04-30,Miércoles,12:00 AM,13.78,11:00 PM,243.92
Tacos Gavilan Azusa,2025-04-30,Miércoles,10:00 AM,304.87,11:00 PM,208.94
Tacos Gavilan Huntington Park,2025-04-30,Miércoles,10:00 AM,364.86,11:00 PM,225.48
Tacos Gavilan Norwalk,2025-04-30,Miércoles,12:00 AM,483.24,11:00 PM,722.70
Tacos Gavilan La Puente,2025-04-30,Miércoles,9:00 AM,14.38,11:00 PM,202.37
Tacos Gavilan Hollywood,2025-04-30,Miércoles,8:00 AM,12.28,11:00 PM,328.48
Tacos Gavilan LA Broadway,2025-04-30,Miércoles,12:00 AM,434.60,11:00 PM,776.43
Tacos Gavilan West Covina,2025-04-30,Miércoles,12:00 AM,439.37,11:00 PM,601.03
Tacos Gavilan West Covina,2025-05-01,Jueves,12:00 AM,371.18,11:00 PM,722.26
Tacos Gavilan Huntington Park,2025-05-01,Jueves,12:00 AM,478.57,11:00 PM,562.69
Tacos Gavilan Slauson,2025-05-01,Jueves,12:00 AM,651.05,11:00 PM,738.10
Tacos Gavilan Azusa,2025-05-01,Jueves,9:00 AM,26.65,11:00 PM,273.01
Tacos Gavilan Rialto,2025-05-01,Jueves,12:00 AM,247.93,11:00 PM,445.67
Tacos Gavilan Santa Ana,2025-05-01,Jueves,10:00 AM,268.90,11:00 PM,529.27
Tacos Gavilan Norwalk,2025-05-01,Jueves,12:00 AM,618.25,11:00 PM,541.96
Tacos Gavilan Downey,2025-05-01,Jueves,12:00 AM,117.85,11:00 PM,434.31
Tacos Gavilan Hollywood,2025-05-01,Jueves,9:00 AM,273.19,11:00 PM,400.82
Tacos Gavilan LA Central,2025-05-01,Jueves,12:00 AM,1054.02,11:00 PM,1111.68
Tacos Gavilan South Gate,2025-05-01,Jueves,12:00 AM,5.69,11:00 PM,511.44
Tacos Gavilan Lynwood,2025-05-01,Jueves,12:00 AM,736.45,11:00 PM,1009.28
Tacos Gavilan LA Broadway,2025-05-01,Jueves,12:00 AM,618.26,11:00 PM,873.12
Tacos Gavilan Bell,2025-05-01,Jueves,9:00 AM,20.47,11:00 PM,119.84
Tacos Gavilan La Puente,2025-05-01,Jueves,9:00 AM,7.78,11:00 PM,286.99
Tacos Gavilan West Covina,2025-05-02,Viernes,12:00 AM,740.55,11:00 PM,571.14
Tacos Gavilan Santa Ana,2025-05-02,Viernes,12:00 AM,553.46,11:00 PM,887.85
Tacos Gavilan Azusa,2025-05-02,Viernes,12:00 AM,276.71,11:00 PM,357.18
Tacos Gavilan South Gate,2025-05-02,Viernes,12:00 AM,523.73,11:00 PM,935.24
Tacos Gavilan Hollywood,2025-05-02,Viernes,12:00 AM,779.62,11:00 PM,581.27
Tacos Gavilan La Puente,2025-05-02,Viernes,12:00 AM,540.61,11:00 PM,565.88
Tacos Gavilan Slauson,2025-05-02,Viernes,12:00 AM,710.16,11:00 PM,977.14
Tacos Gavilan Norwalk,2025-05-02,Viernes,12:00 AM,799.36,11:00 PM,1127.69
Tacos Gavilan Downey,2025-05-02,Viernes,12:00 AM,499.99,11:00 PM,423.75
Tacos Gavilan Rialto,2025-05-02,Viernes,12:00 AM,418.92,11:00 PM,1105.30
Tacos Gavilan LA Broadway,2025-05-02,Viernes,12:00 AM,833.47,11:00 PM,695.41
Tacos Gavilan Lynwood,2025-05-02,Viernes,12:00 AM,963.82,11:00 PM,1159.31
Tacos Gavilan Bell,2025-05-02,Viernes,12:00 AM,164.42,11:00 PM,610.99
Tacos Gavilan Huntington Park,2025-05-02,Viernes,12:00 AM,439.70,11:00 PM,577.45
Tacos Gavilan LA Central,2025-05-02,Viernes,12:00 AM,1422.93,11:00 PM,1046.84
Tacos Gavilan Santa Ana,2025-05-03,Sábado,12:00 AM,578.01,11:00 PM,558.40
Tacos Gavilan La Puente,2025-05-03,Sábado,12:00 AM,320.19,11:00 PM,559.15
Tacos Gavilan Rialto,2025-05-03,Sábado,12:00 AM,873.25,11:00 PM,1180.32
Tacos Gavilan LA Central,2025-05-03,Sábado,12:00 AM,1160.56,11:00 PM,1541.35
Tacos Gavilan South Gate,2025-05-03,Sábado,12:00 AM,834.05,11:00 PM,811.31
Tacos Gavilan Downey,2025-05-03,Sábado,12:00 AM,545.57,11:00 PM,582.31
Tacos Gavilan LA Broadway,2025-05-03,Sábado,12:00 AM,823.12,11:00 PM,1239.84
Tacos Gavilan West Covina,2025-05-03,Sábado,12:00 AM,708.65,11:00 PM,1217.11
Tacos Gavilan Lynwood,2025-05-03,Sábado,12:00 AM,1135.06,11:00 PM,1054.16
Tacos Gavilan Bell,2025-05-03,Sábado,12:00 AM,531.78,11:00 PM,297.19
Tacos Gavilan Hollywood,2025-05-03,Sábado,12:00 AM,726.27,11:00 PM,570.93
Tacos Gavilan Norwalk,2025-05-03,Sábado,12:00 AM,726.51,11:00 PM,1176.18
Tacos Gavilan Azusa,2025-05-03,Sábado,12:00 AM,412.57,11:00 PM,243.47
Tacos Gavilan Slauson,2025-05-03,Sábado,12:00 AM,855.59,11:00 PM,976.15
Tacos Gavilan Huntington Park,2025-05-03,Sábado,12:00 AM,538.58,11:00 PM,768.60
Tacos Gavilan West Covina,2025-05-04,Domingo,12:00 AM,630.93,11:00 PM,671.39
Tacos Gavilan Rialto,2025-05-04,Domingo,12:00 AM,307.43,11:00 PM,431.51
Tacos Gavilan LA Central,2025-05-04,Domingo,12:00 AM,666.85,11:00 PM,793.55
Tacos Gavilan South Gate,2025-05-04,Domingo,9:00 AM,141.23,11:00 PM,495.08
Tacos Gavilan Huntington Park,2025-05-04,Domingo,10:00 AM,352.96,11:00 PM,542.46
Tacos Gavilan Lynwood,2025-05-04,Domingo,12:00 AM,505.20,11:00 PM,699.10
Tacos Gavilan Hollywood,2025-05-04,Domingo,9:00 AM,96.43,11:00 PM,666.69
Tacos Gavilan Bell,2025-05-04,Domingo,10:00 AM,154.77,11:00 PM,331.84
Tacos Gavilan Azusa,2025-05-04,Domingo,9:00 AM,3.79,11:00 PM,116.68
Tacos Gavilan LA Broadway,2025-05-04,Domingo,12:00 AM,500.35,11:00 PM,566.55
Tacos Gavilan Downey,2025-05-04,Domingo,9:00 AM,245.48,11:00 PM,325.34
Tacos Gavilan La Puente,2025-05-04,Domingo,12:00 AM,6.83,11:00 PM,210.78
Tacos Gavilan Norwalk,2025-05-04,Domingo,12:00 AM,245.77,11:00 PM,689.77
Tacos Gavilan Santa Ana,2025-05-04,Domingo,10:00 AM,254.81,11:00 PM,494.70
Tacos Gavilan Slauson,2025-05-04,Domingo,12:00 AM,672.46,11:00 PM,915.94
Tacos Gavilan West Covina,2025-05-05,Lunes,12:00 AM,424.91,11:00 PM,622.45
Tacos Gavilan LA Central,2025-05-05,Lunes,12:00 AM,1272.46,11:00 PM,1062.39
Tacos Gavilan South Gate,2025-05-05,Lunes,9:00 AM,91.57,11:00 PM,289.27
Tacos Gavilan Bell,2025-05-05,Lunes,10:00 AM,446.00,11:00 PM,30.27
Tacos Gavilan Huntington Park,2025-05-05,Lunes,9:00 AM,24.76,11:00 PM,322.13
Tacos Gavilan Azusa,2025-05-05,Lunes,10:00 AM,391.92,11:00 PM,172.71
Tacos Gavilan LA Broadway,2025-05-05,Lunes,12:00 AM,538.08,11:00 PM,688.50
Tacos Gavilan Lynwood,2025-05-05,Lunes,12:00 AM,507.80,11:00 PM,989.19
Tacos Gavilan La Puente,2025-05-05,Lunes,8:00 AM,777.31,11:00 PM,231.27
Tacos Gavilan Rialto,2025-05-05,Lunes,9:00 AM,111.37,11:00 PM,764.76
Tacos Gavilan Norwalk,2025-05-05,Lunes,12:00 AM,556.33,11:00 PM,613.42
Tacos Gavilan Downey,2025-05-05,Lunes,8:00 AM,27.48,11:00 PM,274.66
Tacos Gavilan Hollywood,2025-05-05,Lunes,9:00 AM,276.04,11:00 PM,524.52
Tacos Gavilan Santa Ana,2025-05-05,Lunes,10:00 AM,1095.86,11:00 PM,465.48
Tacos Gavilan Slauson,2025-05-05,Lunes,12:00 AM,504.36,11:00 PM,844.29
Tacos Gavilan Rialto,2025-05-06,Martes,9:00 AM,55.98,11:00 PM,328.34
Tacos Gavilan LA Central,2025-05-06,Martes,12:00 AM,1008.93,11:00 PM,1002.78
Tacos Gavilan South Gate,2025-05-06,Martes,9:00 AM,149.03,11:00 PM,498.29
Tacos Gavilan Bell,2025-05-06,Martes,9:00 AM,12.07,11:00 PM,214.80
Tacos Gavilan Huntington Park,2025-05-06,Martes,9:00 AM,32.80,11:00 PM,232.13
Tacos Gavilan Lynwood,2025-05-06,Martes,12:00 AM,317.89,11:00 PM,592.75
Tacos Gavilan Hollywood,2025-05-06,Martes,9:00 AM,673.37,11:00 PM,505.86
Tacos Gavilan Downey,2025-05-06,Martes,9:00 AM,374.43,11:00 PM,253.24
Tacos Gavilan Norwalk,2025-05-06,Martes,12:00 AM,491.69,11:00 PM,535.18
Tacos Gavilan West Covina,2025-05-06,Martes,12:00 AM,428.34,11:00 PM,735.39
Tacos Gavilan Azusa,2025-05-06,Martes,10:00 AM,354.42,11:00 PM,165.39
Tacos Gavilan LA Broadway,2025-05-06,Martes,12:00 AM,437.73,11:00 PM,552.70
Tacos Gavilan La Puente,2025-05-06,Martes,8:00 AM,20.54,11:00 PM,147.83
Tacos Gavilan Slauson,2025-05-06,Martes,12:00 AM,499.24,11:00 PM,750.57
Tacos Gavilan Santa Ana,2025-05-06,Martes,10:00 AM,524.68,11:00 PM,342.44
Tacos Gavilan La Puente,2025-05-07,Miércoles,9:00 AM,25.44,11:00 PM,361.17
Tacos Gavilan Rialto,2025-05-07,Miércoles,9:00 AM,150.82,11:00 PM,412.40
Tacos Gavilan Hollywood,2025-05-07,Miércoles,9:00 AM,178.12,11:00 PM,458.03
Tacos Gavilan Azusa,2025-05-07,Miércoles,9:00 AM,16.56,11:00 PM,236.66
Tacos Gavilan Norwalk,2025-05-07,Miércoles,12:00 AM,609.56,11:00 PM,570.83
Tacos Gavilan Downey,2025-05-07,Miércoles,8:00 AM,6.87,11:00 PM,385.51
Tacos Gavilan Slauson,2025-05-07,Miércoles,12:00 AM,782.01,11:00 PM,846.07
Tacos Gavilan Lynwood,2025-05-07,Miércoles,12:00 AM,856.28,11:00 PM,973.25
Tacos Gavilan Bell,2025-05-07,Miércoles,10:00 AM,265.64,11:00 PM,267.76
Tacos Gavilan LA Broadway,2025-05-07,Miércoles,12:00 AM,432.65,11:00 PM,573.21
Tacos Gavilan South Gate,2025-05-07,Miércoles,8:00 AM,37.64,11:00 PM,413.48
Tacos Gavilan Huntington Park,2025-05-07,Miércoles,12:00 AM,8.59,11:00 PM,391.96
Tacos Gavilan Santa Ana,2025-05-07,Miércoles,10:00 AM,561.07,11:00 PM,294.47
Tacos Gavilan West Covina,2025-05-07,Miércoles,12:00 AM,300.56,11:00 PM,845.05
Tacos Gavilan LA Central,2025-05-07,Miércoles,12:00 AM,1077.23,11:00 PM,795.68
Tacos Gavilan West Covina,2025-05-08,Jueves,12:00 AM,378.58,11:00 PM,688.53
Tacos Gavilan Santa Ana,2025-05-08,Jueves,9:00 AM,12.95,11:00 PM,458.01
Tacos Gavilan La Puente,2025-05-08,Jueves,9:00 AM,33.04,11:00 PM,213.35
Tacos Gavilan LA Central,2025-05-08,Jueves,12:00 AM,1172.45,11:00 PM,1042.33
Tacos Gavilan Lynwood,2025-05-08,Jueves,12:00 AM,808.53,11:00 PM,724.41
Tacos Gavilan Slauson,2025-05-08,Jueves,12:00 AM,787.88,11:00 PM,679.38
Tacos Gavilan Hollywood,2025-05-08,Jueves,9:00 AM,293.75,11:00 PM,275.17
Tacos Gavilan South Gate,2025-05-08,Jueves,9:00 AM,123.99,11:00 PM,345.56
Tacos Gavilan Downey,2025-05-08,Jueves,12:00 AM,300.88,11:00 PM,282.53
Tacos Gavilan Rialto,2025-05-08,Jueves,12:00 AM,180.68,11:00 PM,775.84
Tacos Gavilan Azusa,2025-05-08,Jueves,10:00 AM,356.59,11:00 PM,312.08
Tacos Gavilan Bell,2025-05-08,Jueves,10:00 AM,343.50,11:00 PM,264.34
Tacos Gavilan LA Broadway,2025-05-08,Jueves,12:00 AM,593.03,11:00 PM,1050.50
Tacos Gavilan Norwalk,2025-05-08,Jueves,12:00 AM,570.65,11:00 PM,743.89
Tacos Gavilan Huntington Park,2025-05-08,Jueves,12:00 AM,400.62,11:00 PM,524.21
Tacos Gavilan West Covina,2025-05-09,Viernes,12:00 AM,824.52,11:00 PM,841.48
Tacos Gavilan LA Central,2025-05-09,Viernes,12:00 AM,1488.13,11:00 PM,1716.60
Tacos Gavilan South Gate,2025-05-09,Viernes,12:00 AM,438.91,11:00 PM,935.28
Tacos Gavilan Bell,2025-05-09,Viernes,12:00 AM,298.75,11:00 PM,408.58
Tacos Gavilan Downey,2025-05-09,Viernes,12:00 AM,579.00,11:00 PM,823.29
Tacos Gavilan Lynwood,2025-05-09,Viernes,12:00 AM,1318.08,11:00 PM,1513.81
Tacos Gavilan Slauson,2025-05-09,Viernes,12:00 AM,1287.34,11:00 PM,1303.07
Tacos Gavilan LA Broadway,2025-05-09,Viernes,12:00 AM,759.81,11:00 PM,1361.05
Tacos Gavilan Santa Ana,2025-05-09,Viernes,12:00 AM,663.67,11:00 PM,811.55
Tacos Gavilan Rialto,2025-05-09,Viernes,12:00 AM,505.87,11:00 PM,1160.47
Tacos Gavilan Norwalk,2025-05-09,Viernes,12:00 AM,1064.39,11:00 PM,1889.64
Tacos Gavilan La Puente,2025-05-09,Viernes,12:00 AM,279.85,11:00 PM,618.24
Tacos Gavilan Hollywood,2025-05-09,Viernes,12:00 AM,733.07,11:00 PM,690.57
Tacos Gavilan Azusa,2025-05-09,Viernes,12:00 AM,370.18,11:00 PM,576.20
Tacos Gavilan Huntington Park,2025-05-09,Viernes,12:00 AM,284.79,11:00 PM,626.18
Tacos Gavilan West Covina,2025-05-10,Sábado,12:00 AM,807.96,11:00 PM,1237.81
Tacos Gavilan Rialto,2025-05-10,Sábado,12:00 AM,646.99,11:00 PM,1249.62
Tacos Gavilan Lynwood,2025-05-10,Sábado,12:00 AM,946.39,11:00 PM,1166.16
Tacos Gavilan Hollywood,2025-05-10,Sábado,12:00 AM,725.37,11:00 PM,754.12
Tacos Gavilan Azusa,2025-05-10,Sábado,12:00 AM,157.23,11:00 PM,522.84
Tacos Gavilan La Puente,2025-05-10,Sábado,12:00 AM,442.14,11:00 PM,772.75
Tacos Gavilan Santa Ana,2025-05-10,Sábado,12:00 AM,759.34,11:00 PM,845.97
Tacos Gavilan Downey,2025-05-10,Sábado,12:00 AM,582.80,11:00 PM,752.46
Tacos Gavilan LA Broadway,2025-05-10,Sábado,12:00 AM,849.52,11:00 PM,895.93
Tacos Gavilan Huntington Park,2025-05-10,Sábado,12:00 AM,603.19,11:00 PM,542.04
Tacos Gavilan LA Central,2025-05-10,Sábado,12:00 AM,1236.92,11:00 PM,1826.83
Tacos Gavilan Norwalk,2025-05-10,Sábado,12:00 AM,782.04,11:00 PM,1006.89
Tacos Gavilan Bell,2025-05-10,Sábado,12:00 AM,329.97,11:00 PM,464.41
Tacos Gavilan Slauson,2025-05-10,Sábado,12:00 AM,910.80,11:00 PM,1073.40
Tacos Gavilan South Gate,2025-05-10,Sábado,12:00 AM,760.51,11:00 PM,901.94
Tacos Gavilan La Puente,2025-05-11,Domingo,9:00 AM,123.09,11:00 PM,295.02
Tacos Gavilan LA Central,2025-05-11,Domingo,12:00 AM,740.65,11:00 PM,1001.06
Tacos Gavilan South Gate,2025-05-11,Domingo,9:00 AM,49.03,11:00 PM,318.85
Tacos Gavilan Bell,2025-05-11,Domingo,10:00 AM,249.97,11:00 PM,271.72
Tacos Gavilan Norwalk,2025-05-11,Domingo,12:00 AM,235.98,11:00 PM,1135.00
Tacos Gavilan Azusa,2025-05-11,Domingo,9:00 AM,27.19,11:00 PM,248.70
Tacos Gavilan LA Broadway,2025-05-11,Domingo,12:00 AM,640.33,11:00 PM,520.00
Tacos Gavilan Santa Ana,2025-05-11,Domingo,10:00 AM,508.18,11:00 PM,438.57
Tacos Gavilan Rialto,2025-05-11,Domingo,12:00 AM,546.82,11:00 PM,1040.62
Tacos Gavilan Downey,2025-05-11,Domingo,8:00 AM,16.46,11:00 PM,347.02
Tacos Gavilan Hollywood,2025-05-11,Domingo,9:00 AM,178.32,11:00 PM,523.40
Tacos Gavilan Huntington Park,2025-05-11,Domingo,9:00 AM,55.40,11:00 PM,316.30
Tacos Gavilan Slauson,2025-05-11,Domingo,12:00 AM,409.61,11:00 PM,932.76
Tacos Gavilan West Covina,2025-05-11,Domingo,12:00 AM,408.68,11:00 PM,488.08
Tacos Gavilan Lynwood,2025-05-11,Domingo,12:00 AM,1010.99,11:00 PM,1076.50
Tacos Gavilan West Covina,2025-05-12,Lunes,12:00 AM,253.49,11:00 PM,591.16
Tacos Gavilan Rialto,2025-05-12,Lunes,8:00 AM,9.89,11:00 PM,437.36
Tacos Gavilan LA Central,2025-05-12,Lunes,12:00 AM,506.81,11:00 PM,530.78
Tacos Gavilan South Gate,2025-05-12,Lunes,9:00 AM,111.11,11:00 PM,302.13
Tacos Gavilan Bell,2025-05-12,Lunes,10:00 AM,266.76,11:00 PM,109.32
Tacos Gavilan Lynwood,2025-05-12,Lunes,12:00 AM,444.39,11:00 PM,737.43
Tacos Gavilan Hollywood,2025-05-12,Lunes,9:00 AM,424.46,11:00 PM,278.50
Tacos Gavilan LA Broadway,2025-05-12,Lunes,12:00 AM,253.30,11:00 PM,568.74
Tacos Gavilan Azusa,2025-05-12,Lunes,10:00 AM,197.94,11:00 PM,185.12
Tacos Gavilan Santa Ana,2025-05-12,Lunes,10:00 AM,309.55,11:00 PM,214.63
Tacos Gavilan Slauson,2025-05-12,Lunes,12:00 AM,407.47,11:00 PM,555.99
Tacos Gavilan La Puente,2025-05-12,Lunes,9:00 AM,28.13,11:00 PM,195.66
Tacos Gavilan Norwalk,2025-05-12,Lunes,12:00 AM,439.19,11:00 PM,540.67
Tacos Gavilan Downey,2025-05-12,Lunes,8:00 AM,25.24,11:00 PM,160.76
Tacos Gavilan Huntington Park,2025-05-12,Lunes,10:00 AM,346.34,11:00 PM,330.36
Tacos Gavilan Santa Ana,2025-05-13,Martes,10:00 AM,413.99,11:00 PM,372.99
Tacos Gavilan Azusa,2025-05-13,Martes,9:00 AM,56.89,11:00 PM,230.55
Tacos Gavilan LA Central,2025-05-13,Martes,12:00 AM,581.49,11:00 PM,1080.08
Tacos Gavilan Bell,2025-05-13,Martes,10:00 AM,257.44,11:00 PM,293.34
Tacos Gavilan Lynwood,2025-05-13,Martes,12:00 AM,420.21,11:00 PM,1106.30
Tacos Gavilan Hollywood,2025-05-13,Martes,12:00 AM,3.29,11:00 PM,613.47
Tacos Gavilan LA Broadway,2025-05-13,Martes,12:00 AM,203.74,11:00 PM,699.72
Tacos Gavilan Downey,2025-05-13,Martes,8:00 AM,35.71,11:00 PM,328.44
Tacos Gavilan Huntington Park,2025-05-13,Martes,9:00 AM,7.58,11:00 PM,373.33
Tacos Gavilan West Covina,2025-05-13,Martes,12:00 AM,578.56,11:00 PM,533.92
Tacos Gavilan Rialto,2025-05-13,Martes,9:00 AM,257.97,11:00 PM,379.49
Tacos Gavilan La Puente,2025-05-13,Martes,9:00 AM,17.18,11:00 PM,279.64
Tacos Gavilan Norwalk,2025-05-13,Martes,12:00 AM,274.18,11:00 PM,470.95
Tacos Gavilan Slauson,2025-05-13,Martes,12:00 AM,333.16,11:00 PM,699.90
Tacos Gavilan South Gate,2025-05-13,Martes,9:00 AM,132.14,11:00 PM,445.36
Tacos Gavilan West Covina,2025-05-14,Miércoles,12:00 AM,375.10,11:00 PM,758.46
Tacos Gavilan Santa Ana,2025-05-14,Miércoles,10:00 AM,411.94,11:00 PM,385.58
Tacos Gavilan La Puente,2025-05-14,Miércoles,9:00 AM,105.73,11:00 PM,329.36
Tacos Gavilan Rialto,2025-05-14,Miércoles,9:00 AM,137.48,11:00 PM,530.93
Tacos Gavilan LA Central,2025-05-14,Miércoles,12:00 AM,1014.83,11:00 PM,1150.15
Tacos Gavilan Azusa,2025-05-14,Miércoles,9:00 AM,6.87,11:00 PM,179.45
Tacos Gavilan Norwalk,2025-05-14,Miércoles,12:00 AM,401.01,11:00 PM,632.53
Tacos Gavilan Slauson,2025-05-14,Miércoles,12:00 AM,348.66,11:00 PM,827.24
Tacos Gavilan South Gate,2025-05-14,Miércoles,9:00 AM,220.81,11:00 PM,514.42
Tacos Gavilan Downey,2025-05-14,Miércoles,9:00 AM,723.61,11:00 PM,260.05
Tacos Gavilan Hollywood,2025-05-14,Miércoles,8:00 AM,23.26,11:00 PM,670.73
Tacos Gavilan LA Broadway,2025-05-14,Miércoles,12:00 AM,562.32,11:00 PM,560.57
Tacos Gavilan Huntington Park,2025-05-14,Miércoles,9:00 AM,12.38,11:00 PM,233.88
Tacos Gavilan Bell,2025-05-14,Miércoles,9:00 AM,20.97,11:00 PM,222.42
Tacos Gavilan Lynwood,2025-05-14,Miércoles,12:00 AM,662.84,11:00 PM,1034.87
Tacos Gavilan West Covina,2025-05-15,Jueves,12:00 AM,497.88,11:00 PM,772.51
Tacos Gavilan Azusa,2025-05-15,Jueves,10:00 AM,237.51,11:00 PM,225.72
Tacos Gavilan Rialto,2025-05-15,Jueves,12:00 AM,176.32,11:00 PM,567.17
Tacos Gavilan LA Central,2025-05-15,Jueves,12:00 AM,793.39,11:00 PM,1086.04
Tacos Gavilan South Gate,2025-05-15,Jueves,9:00 AM,98.06,11:00 PM,356.02
Tacos Gavilan Huntington Park,2025-05-15,Jueves,12:00 AM,219.37,11:00 PM,578.66
Tacos Gavilan Lynwood,2025-05-15,Jueves,12:00 AM,640.62,11:00 PM,715.60
Tacos Gavilan Slauson,2025-05-15,Jueves,12:00 AM,526.75,11:00 PM,799.74
Tacos Gavilan LA Broadway,2025-05-15,Jueves,12:00 AM,413.70,11:00 PM,1091.82
Tacos Gavilan Norwalk,2025-05-15,Jueves,12:00 AM,596.16,11:00 PM,660.58
Tacos Gavilan Hollywood,2025-05-15,Jueves,9:00 AM,248.86,11:00 PM,767.31
Tacos Gavilan Downey,2025-05-15,Jueves,12:00 AM,276.74,11:00 PM,541.78
Tacos Gavilan Bell,2025-05-15,Jueves,10:00 AM,242.76,11:00 PM,259.76
Tacos Gavilan La Puente,2025-05-15,Jueves,9:00 AM,52.36,11:00 PM,343.17
Tacos Gavilan Santa Ana,2025-05-15,Jueves,10:00 AM,497.41,11:00 PM,472.96
Tacos Gavilan Santa Ana,2025-05-16,Viernes,12:00 AM,549.69,11:00 PM,866.05
Tacos Gavilan LA Central,2025-05-16,Viernes,12:00 AM,1232.44,11:00 PM,1492.72
Tacos Gavilan South Gate,2025-05-16,Viernes,12:00 AM,659.19,11:00 PM,598.30
Tacos Gavilan Bell,2025-05-16,Viernes,12:00 AM,278.68,11:00 PM,268.78
Tacos Gavilan Huntington Park,2025-05-16,Viernes,12:00 AM,531.52,11:00 PM,679.36
Tacos Gavilan Lynwood,2025-05-16,Viernes,12:00 AM,1096.50,11:00 PM,1481.02
Tacos Gavilan La Puente,2025-05-16,Viernes,12:00 AM,266.43,11:00 PM,732.34
Tacos Gavilan Hollywood,2025-05-16,Viernes,12:00 AM,510.84,11:00 PM,628.22
Tacos Gavilan Downey,2025-05-16,Viernes,12:00 AM,808.95,11:00 PM,819.36
Tacos Gavilan LA Broadway,2025-05-16,Viernes,12:00 AM,739.96,11:00 PM,794.37
Tacos Gavilan Rialto,2025-05-16,Viernes,12:00 AM,509.05,11:00 PM,866.56
Tacos Gavilan Norwalk,2025-05-16,Viernes,12:00 AM,748.41,11:00 PM,1145.40
Tacos Gavilan Azusa,2025-05-16,Viernes,12:00 AM,208.74,11:00 PM,355.32
Tacos Gavilan West Covina,2025-05-16,Viernes,12:00 AM,697.65,11:00 PM,1364.57
Tacos Gavilan Slauson,2025-05-16,Viernes,12:00 AM,774.07,11:00 PM,978.15
Tacos Gavilan West Covina,2025-05-17,Sábado,12:00 AM,579.72,11:00 PM,991.67
Tacos Gavilan LA Central,2025-05-17,Sábado,12:00 AM,1350.42,11:00 PM,1586.25
Tacos Gavilan South Gate,2025-05-17,Sábado,12:00 AM,722.04,11:00 PM,897.26
Tacos Gavilan Bell,2025-05-17,Sábado,12:00 AM,251.05,11:00 PM,316.47
Tacos Gavilan Lynwood,2025-05-17,Sábado,12:00 AM,833.71,11:00 PM,1279.87
Tacos Gavilan Hollywood,2025-05-17,Sábado,12:00 AM,889.27,11:00 PM,640.00
Tacos Gavilan Norwalk,2025-05-17,Sábado,12:00 AM,1222.91,11:00 PM,1551.15
Tacos Gavilan Azusa,2025-05-17,Sábado,12:00 AM,414.21,11:00 PM,417.26
Tacos Gavilan Downey,2025-05-17,Sábado,12:00 AM,779.01,11:00 PM,893.66
Tacos Gavilan LA Broadway,2025-05-17,Sábado,12:00 AM,682.18,11:00 PM,836.52
Tacos Gavilan Rialto,2025-05-17,Sábado,12:00 AM,738.92,11:00 PM,952.23
Tacos Gavilan Huntington Park,2025-05-17,Sábado,12:00 AM,335.50,11:00 PM,796.76
Tacos Gavilan La Puente,2025-05-17,Sábado,12:00 AM,546.93,11:00 PM,527.05
Tacos Gavilan Santa Ana,2025-05-17,Sábado,12:00 AM,592.69,11:00 PM,766.75
Tacos Gavilan Slauson,2025-05-17,Sábado,12:00 AM,625.71,11:00 PM,1074.11
Tacos Gavilan Santa Ana,2025-05-18,Domingo,9:00 AM,13.47,11:00 PM,724.77
Tacos Gavilan La Puente,2025-05-18,Domingo,9:00 AM,17.00,11:00 PM,349.07
Tacos Gavilan Azusa,2025-05-18,Domingo,9:00 AM,11.88,11:00 PM,347.34
Tacos Gavilan Huntington Park,2025-05-18,Domingo,9:00 AM,19.78,11:00 PM,312.65
Tacos Gavilan Downey,2025-05-18,Domingo,12:00 AM,13.74,11:00 PM,378.75
Tacos Gavilan Rialto,2025-05-18,Domingo,12:00 AM,393.55,11:00 PM,666.31
Tacos Gavilan Slauson,2025-05-18,Domingo,12:00 AM,542.47,11:00 PM,523.74
Tacos Gavilan LA Broadway,2025-05-18,Domingo,12:00 AM,529.10,11:00 PM,870.98
Tacos Gavilan Norwalk,2025-05-18,Domingo,12:00 AM,624.04,11:00 PM,1061.11
Tacos Gavilan Bell,2025-05-18,Domingo,10:00 AM,247.57,11:00 PM,233.49
Tacos Gavilan Hollywood,2025-05-18,Domingo,9:00 AM,329.50,11:00 PM,573.64
Tacos Gavilan South Gate,2025-05-18,Domingo,9:00 AM,2.29,11:00 PM,530.21
Tacos Gavilan LA Central,2025-05-18,Domingo,12:00 AM,860.92,11:00 PM,1029.83
Tacos Gavilan Lynwood,2025-05-18,Domingo,12:00 AM,867.04,11:00 PM,1006.88
Tacos Gavilan West Covina,2025-05-18,Domingo,12:00 AM,540.39,11:00 PM,749.23
Tacos Gavilan Santa Ana,2025-05-19,Lunes,10:00 AM,379.66,11:00 PM,196.02
Tacos Gavilan La Puente,2025-05-19,Lunes,9:00 AM,53.04,11:00 PM,183.61
Tacos Gavilan LA Central,2025-05-19,Lunes,12:00 AM,556.31,11:00 PM,1016.16
Tacos Gavilan South Gate,2025-05-19,Lunes,9:00 AM,76.61,11:00 PM,373.23
Tacos Gavilan Bell,2025-05-19,Lunes,10:00 AM,283.88,11:00 PM,85.11
Tacos Gavilan Downey,2025-05-19,Lunes,8:00 AM,4.15,11:00 PM,166.45
Tacos Gavilan Azusa,2025-05-19,Lunes,10:00 AM,176.76,11:00 PM,137.29
Tacos Gavilan Norwalk,2025-05-19,Lunes,12:00 AM,879.32,11:00 PM,631.40
Tacos Gavilan Rialto,2025-05-19,Lunes,9:00 AM,151.80,11:00 PM,538.86
Tacos Gavilan Hollywood,2025-05-19,Lunes,9:00 AM,287.67,11:00 PM,372.77
Tacos Gavilan LA Broadway,2025-05-19,Lunes,12:00 AM,317.72,11:00 PM,641.50
Tacos Gavilan Huntington Park,2025-05-19,Lunes,10:00 AM,651.64,11:00 PM,256.08
Tacos Gavilan West Covina,2025-05-19,Lunes,12:00 AM,417.38,11:00 PM,386.61
Tacos Gavilan Lynwood,2025-05-19,Lunes,12:00 AM,731.97,11:00 PM,797.89
Tacos Gavilan Slauson,2025-05-19,Lunes,12:00 AM,266.94,11:00 PM,553.38
Tacos Gavilan Santa Ana,2025-05-20,Martes,10:00 AM,284.61,11:00 PM,478.64
Tacos Gavilan Azusa,2025-05-20,Martes,10:00 AM,320.11,11:00 PM,206.45
Tacos Gavilan LA Central,2025-05-20,Martes,12:00 AM,566.05,11:00 PM,1384.90
Tacos Gavilan Bell,2025-05-20,Martes,9:00 AM,11.88,11:00 PM,95.78
Tacos Gavilan Downey,2025-05-20,Martes,8:00 AM,20.87,11:00 PM,324.34
Tacos Gavilan Huntington Park,2025-05-20,Martes,9:00 AM,57.69,11:00 PM,437.10
Tacos Gavilan Lynwood,2025-05-20,Martes,12:00 AM,380.70,11:00 PM,759.04
Tacos Gavilan La Puente,2025-05-20,Martes,9:00 AM,111.66,11:00 PM,421.11
Tacos Gavilan Rialto,2025-05-20,Martes,9:00 AM,289.92,11:00 PM,240.50
Tacos Gavilan Norwalk,2025-05-20,Martes,12:00 AM,458.85,11:00 PM,768.04
Tacos Gavilan South Gate,2025-05-20,Martes,9:00 AM,83.13,11:00 PM,502.03
Tacos Gavilan Hollywood,2025-05-20,Martes,9:00 AM,282.05,11:00 PM,511.85
Tacos Gavilan Slauson,2025-05-20,Martes,12:00 AM,272.45,11:00 PM,788.86
Tacos Gavilan West Covina,2025-05-20,Martes,12:00 AM,421.79,11:00 PM,407.44
Tacos Gavilan LA Broadway,2025-05-20,Martes,12:00 AM,549.30,11:00 PM,760.54
Tacos Gavilan Santa Ana,2025-05-21,Miércoles,12:00 AM,3.79,11:00 PM,417.36
Tacos Gavilan Azusa,2025-05-21,Miércoles,9:00 AM,39.10,11:00 PM,317.48
Tacos Gavilan Rialto,2025-05-21,Miércoles,9:00 AM,289.23,11:00 PM,580.98
Tacos Gavilan LA Central,2025-05-21,Miércoles,12:00 AM,1119.50,11:00 PM,845.23
Tacos Gavilan South Gate,2025-05-21,Miércoles,9:00 AM,132.25,11:00 PM,379.38
Tacos Gavilan Huntington Park,2025-05-21,Miércoles,9:00 AM,22.34,11:00 PM,397.88
Tacos Gavilan Lynwood,2025-05-21,Miércoles,12:00 AM,863.41,11:00 PM,757.32
Tacos Gavilan Norwalk,2025-05-21,Miércoles,12:00 AM,848.28,11:00 PM,796.61
Tacos Gavilan Downey,2025-05-21,Miércoles,9:00 AM,387.15,11:00 PM,262.74
Tacos Gavilan Bell,2025-05-21,Miércoles,10:00 AM,224.96,11:00 PM,205.22
Tacos Gavilan Hollywood,2025-05-21,Miércoles,12:00 AM,6.54,11:00 PM,367.58
Tacos Gavilan West Covina,2025-05-21,Miércoles,12:00 AM,646.30,11:00 PM,796.58
Tacos Gavilan LA Broadway,2025-05-21,Miércoles,12:00 AM,392.17,11:00 PM,559.01
Tacos Gavilan La Puente,2025-05-21,Miércoles,9:00 AM,33.56,11:00 PM,221.25
Tacos Gavilan Slauson,2025-05-21,Miércoles,12:00 AM,474.58,11:00 PM,817.74
Tacos Gavilan Rialto,2025-05-22,Jueves,12:00 AM,322.80,11:00 PM,649.06
Tacos Gavilan South Gate,2025-05-22,Jueves,8:00 AM,17.46,11:00 PM,612.56
Tacos Gavilan Bell,2025-05-22,Jueves,10:00 AM,291.79,11:00 PM,377.20
Tacos Gavilan Huntington Park,2025-05-22,Jueves,12:00 AM,471.41,11:00 PM,502.41
Tacos Gavilan Slauson,2025-05-22,Jueves,12:00 AM,290.63,11:00 PM,637.72
Tacos Gavilan Azusa,2025-05-22,Jueves,10:00 AM,152.47,11:00 PM,259.25
Tacos Gavilan LA Broadway,2025-05-22,Jueves,12:00 AM,456.13,11:00 PM,515.31
Tacos Gavilan La Puente,2025-05-22,Jueves,12:00 AM,7.58,11:00 PM,351.52
Tacos Gavilan West Covina,2025-05-22,Jueves,12:00 AM,490.81,11:00 PM,675.42
Tacos Gavilan Lynwood,2025-05-22,Jueves,12:00 AM,829.12,11:00 PM,997.65
Tacos Gavilan Norwalk,2025-05-22,Jueves,12:00 AM,527.93,11:00 PM,523.99
Tacos Gavilan Hollywood,2025-05-22,Jueves,12:00 AM,16.46,11:00 PM,312.75
Tacos Gavilan LA Central,2025-05-22,Jueves,12:00 AM,912.06,11:00 PM,859.75
Tacos Gavilan Santa Ana,2025-05-22,Jueves,10:00 AM,678.97,11:00 PM,385.93
Tacos Gavilan Downey,2025-05-22,Jueves,12:00 AM,148.87,11:00 PM,465.70
Tacos Gavilan Rialto,2025-05-23,Viernes,12:00 AM,764.11,11:00 PM,1021.89
Tacos Gavilan LA Central,2025-05-23,Viernes,12:00 AM,1375.27,11:00 PM,1575.08
Tacos Gavilan South Gate,2025-05-23,Viernes,12:00 AM,945.92,11:00 PM,1304.19
Tacos Gavilan Bell,2025-05-23,Viernes,12:00 AM,399.96,11:00 PM,310.63
Tacos Gavilan Huntington Park,2025-05-23,Viernes,12:00 AM,454.30,11:00 PM,786.14
Tacos Gavilan Slauson,2025-05-23,Viernes,12:00 AM,1104.88,11:00 PM,961.49
Tacos Gavilan Lynwood,2025-05-23,Viernes,12:00 AM,1240.99,11:00 PM,1695.78
Tacos Gavilan Downey,2025-05-23,Viernes,12:00 AM,714.45,11:00 PM,546.86
Tacos Gavilan Hollywood,2025-05-23,Viernes,12:00 AM,484.46,11:00 PM,727.05
Tacos Gavilan Azusa,2025-05-23,Viernes,12:00 AM,200.92,11:00 PM,427.76
Tacos Gavilan Norwalk,2025-05-23,Viernes,12:00 AM,894.81,11:00 PM,924.19
Tacos Gavilan La Puente,2025-05-23,Viernes,12:00 AM,575.73,11:00 PM,682.87
Tacos Gavilan LA Broadway,2025-05-23,Viernes,12:00 AM,672.54,11:00 PM,1091.90
Tacos Gavilan Santa Ana,2025-05-23,Viernes,12:00 AM,558.53,11:00 PM,1059.61
Tacos Gavilan West Covina,2025-05-23,Viernes,12:00 AM,808.02,11:00 PM,1074.87
Tacos Gavilan West Covina,2025-05-24,Sábado,12:00 AM,831.15,11:00 PM,772.61
Tacos Gavilan Santa Ana,2025-05-24,Sábado,12:00 AM,506.60,11:00 PM,978.25
Tacos Gavilan Azusa,2025-05-24,Sábado,12:00 AM,246.12,11:00 PM,509.63
Tacos Gavilan South Gate,2025-05-24,Sábado,12:00 AM,996.13,11:00 PM,1138.66
Tacos Gavilan Hollywood,2025-05-24,Sábado,12:00 AM,456.36,11:00 PM,583.84
Tacos Gavilan Rialto,2025-05-24,Sábado,12:00 AM,1099.11,11:00 PM,1081.35
Tacos Gavilan Slauson,2025-05-24,Sábado,12:00 AM,1331.86,11:00 PM,1394.91
Tacos Gavilan La Puente,2025-05-24,Sábado,12:00 AM,397.61,11:00 PM,927.61
Tacos Gavilan Norwalk,2025-05-24,Sábado,12:00 AM,1127.15,11:00 PM,1252.71
Tacos Gavilan LA Broadway,2025-05-24,Sábado,12:00 AM,1119.24,11:00 PM,1141.49
Tacos Gavilan Bell,2025-05-24,Sábado,12:00 AM,253.27,11:00 PM,256.33
Tacos Gavilan Lynwood,2025-05-24,Sábado,12:00 AM,1462.30,11:00 PM,1582.96
Tacos Gavilan Downey,2025-05-24,Sábado,12:00 AM,793.72,11:00 PM,842.82
Tacos Gavilan Huntington Park,2025-05-24,Sábado,12:00 AM,696.91,11:00 PM,719.67
Tacos Gavilan LA Central,2025-05-24,Sábado,12:00 AM,1615.88,11:00 PM,1260.79
Tacos Gavilan West Covina,2025-05-25,Domingo,12:00 AM,524.67,11:00 PM,988.21
Tacos Gavilan La Puente,2025-05-25,Domingo,10:00 AM,415.25,11:00 PM,417.36
Tacos Gavilan Rialto,2025-05-25,Domingo,12:00 AM,583.08,11:00 PM,671.58
Tacos Gavilan LA Central,2025-05-25,Domingo,12:00 AM,1200.86,11:00 PM,1540.27
Tacos Gavilan Lynwood,2025-05-25,Domingo,12:00 AM,1108.23,11:00 PM,1296.62
Tacos Gavilan Hollywood,2025-05-25,Domingo,9:00 AM,136.29,11:00 PM,625.86
Tacos Gavilan Downey,2025-05-25,Domingo,12:00 AM,24.81,11:00 PM,574.97
Tacos Gavilan Huntington Park,2025-05-25,Domingo,12:00 AM,37.82,11:00 PM,858.29
Tacos Gavilan Azusa,2025-05-25,Domingo,10:00 AM,331.42,11:00 PM,343.10
Tacos Gavilan Slauson,2025-05-25,Domingo,12:00 AM,600.92,11:00 PM,921.71
Tacos Gavilan LA Broadway,2025-05-25,Domingo,12:00 AM,636.78,11:00 PM,748.28
Tacos Gavilan Norwalk,2025-05-25,Domingo,12:00 AM,341.96,11:00 PM,1335.55
Tacos Gavilan Santa Ana,2025-05-25,Domingo,9:00 AM,12.04,11:00 PM,601.65
Tacos Gavilan South Gate,2025-05-25,Domingo,12:00 AM,20.82,11:00 PM,914.15
Tacos Gavilan Bell,2025-05-25,Domingo,9:00 AM,11.78,11:00 PM,529.37
Tacos Gavilan Azusa,2025-05-26,Lunes,10:00 AM,257.66,11:00 PM,108.65
Tacos Gavilan Rialto,2025-05-26,Lunes,9:00 AM,143.23,11:00 PM,398.57
Tacos Gavilan LA Central,2025-05-26,Lunes,12:00 AM,663.16,11:00 PM,833.15
Tacos Gavilan South Gate,2025-05-26,Lunes,9:00 AM,160.53,11:00 PM,386.28
Tacos Gavilan Huntington Park,2025-05-26,Lunes,10:00 AM,443.32,11:00 PM,225.73
Tacos Gavilan Lynwood,2025-05-26,Lunes,12:00 AM,506.88,11:00 PM,779.87
Tacos Gavilan Norwalk,2025-05-26,Lunes,12:00 AM,672.38,11:00 PM,578.72
Tacos Gavilan Hollywood,2025-05-26,Lunes,9:00 AM,118.65,11:00 PM,386.78
Tacos Gavilan Bell,2025-05-26,Lunes,10:00 AM,147.18,11:00 PM,332.92
Tacos Gavilan Santa Ana,2025-05-26,Lunes,10:00 AM,633.22,11:00 PM,387.96
Tacos Gavilan LA Broadway,2025-05-26,Lunes,12:00 AM,414.21,11:00 PM,530.43
Tacos Gavilan Slauson,2025-05-26,Lunes,12:00 AM,273.81,11:00 PM,469.49
Tacos Gavilan West Covina,2025-05-26,Lunes,12:00 AM,426.57,11:00 PM,738.74
Tacos Gavilan Downey,2025-05-26,Lunes,9:00 AM,221.53,11:00 PM,474.63
Tacos Gavilan La Puente,2025-05-26,Lunes,10:00 AM,447.08,11:00 PM,290.10
Tacos Gavilan West Covina,2025-05-27,Martes,12:00 AM,360.75,11:00 PM,502.04
Tacos Gavilan Rialto,2025-05-27,Martes,9:00 AM,143.71,11:00 PM,362.66
Tacos Gavilan LA Central,2025-05-27,Martes,12:00 AM,628.02,11:00 PM,513.26
Tacos Gavilan Bell,2025-05-27,Martes,10:00 AM,298.71,11:00 PM,157.19
Tacos Gavilan Slauson,2025-05-27,Martes,12:00 AM,286.49,11:00 PM,645.10
Tacos Gavilan Norwalk,2025-05-27,Martes,12:00 AM,283.36,11:00 PM,671.95
Tacos Gavilan Downey,2025-05-27,Martes,12:00 AM,10.85,11:00 PM,209.45
Tacos Gavilan Lynwood,2025-05-27,Martes,12:00 AM,804.26,11:00 PM,566.61
Tacos Gavilan Santa Ana,2025-05-27,Martes,10:00 AM,288.11,11:00 PM,280.65
Tacos Gavilan Huntington Park,2025-05-27,Martes,9:00 AM,10.85,11:00 PM,351.42
Tacos Gavilan South Gate,2025-05-27,Martes,9:00 AM,100.36,11:00 PM,463.91
Tacos Gavilan La Puente,2025-05-27,Martes,9:00 AM,19.82,11:00 PM,214.50
Tacos Gavilan Azusa,2025-05-27,Martes,9:00 AM,14.26,11:00 PM,191.93
Tacos Gavilan LA Broadway,2025-05-27,Martes,12:00 AM,297.52,11:00 PM,416.75
Tacos Gavilan Hollywood,2025-05-27,Martes,8:00 AM,9.89,11:00 PM,264.62
Tacos Gavilan La Puente,2025-05-28,Miércoles,9:00 AM,31.93,11:00 PM,87.70
Tacos Gavilan LA Central,2025-05-28,Miércoles,12:00 AM,753.96,11:00 PM,1074.20
Tacos Gavilan South Gate,2025-05-28,Miércoles,9:00 AM,102.22,11:00 PM,474.65
Tacos Gavilan Bell,2025-05-28,Miércoles,10:00 AM,297.33,11:00 PM,75.63
Tacos Gavilan Downey,2025-05-28,Miércoles,9:00 AM,199.89,11:00 PM,247.40
Tacos Gavilan Hollywood,2025-05-28,Miércoles,9:00 AM,236.86,11:00 PM,291.20
Tacos Gavilan Azusa,2025-05-28,Miércoles,12:00 AM,6.87,11:00 PM,226.01
Tacos Gavilan Huntington Park,2025-05-28,Miércoles,10:00 AM,203.05,11:00 PM,275.92
Tacos Gavilan LA Broadway,2025-05-28,Miércoles,12:00 AM,442.37,11:00 PM,433.12
Tacos Gavilan Rialto,2025-05-28,Miércoles,8:00 AM,26.77,11:00 PM,592.84
Tacos Gavilan Santa Ana,2025-05-28,Miércoles,10:00 AM,748.15,11:00 PM,406.72
Tacos Gavilan Slauson,2025-05-28,Miércoles,12:00 AM,541.20,11:00 PM,733.35
Tacos Gavilan Norwalk,2025-05-28,Miércoles,12:00 AM,468.25,11:00 PM,583.44
Tacos Gavilan Lynwood,2025-05-28,Miércoles,12:00 AM,543.45,11:00 PM,695.40
Tacos Gavilan West Covina,2025-05-28,Miércoles,12:00 AM,306.93,11:00 PM,935.46
Tacos Gavilan Santa Ana,2025-05-29,Jueves,10:00 AM,422.21,11:00 PM,579.69
Tacos Gavilan La Puente,2025-05-29,Jueves,9:00 AM,42.17,11:00 PM,358.12
Tacos Gavilan Azusa,2025-05-29,Jueves,10:00 AM,402.43,11:00 PM,183.74
Tacos Gavilan Huntington Park,2025-05-29,Jueves,12:00 AM,246.10,11:00 PM,476.63
Tacos Gavilan Slauson,2025-05-29,Jueves,12:00 AM,425.13,11:00 PM,590.29
Tacos Gavilan Hollywood,2025-05-29,Jueves,9:00 AM,238.35,11:00 PM,483.65
Tacos Gavilan Rialto,2025-05-29,Jueves,12:00 AM,256.95,11:00 PM,558.34
Tacos Gavilan Lynwood,2025-05-29,Jueves,12:00 AM,747.67,11:00 PM,676.06
Tacos Gavilan Bell,2025-05-29,Jueves,10:00 AM,66.16,11:00 PM,237.68
Tacos Gavilan West Covina,2025-05-29,Jueves,12:00 AM,552.14,11:00 PM,706.01
Tacos Gavilan Downey,2025-05-29,Jueves,12:00 AM,104.98,11:00 PM,398.47
Tacos Gavilan LA Broadway,2025-05-29,Jueves,12:00 AM,466.30,11:00 PM,469.94
Tacos Gavilan LA Central,2025-05-29,Jueves,12:00 AM,879.52,11:00 PM,1001.08
Tacos Gavilan South Gate,2025-05-29,Jueves,9:00 AM,131.29,11:00 PM,462.07
Tacos Gavilan Norwalk,2025-05-29,Jueves,12:00 AM,428.12,11:00 PM,727.19
Tacos Gavilan West Covina,2025-05-30,Viernes,12:00 AM,465.47,11:00 PM,1171.50
Tacos Gavilan Santa Ana,2025-05-30,Viernes,12:00 AM,619.37,11:00 PM,574.65
Tacos Gavilan La Puente,2025-05-30,Viernes,12:00 AM,405.98,11:00 PM,555.06
Tacos Gavilan LA Central,2025-05-30,Viernes,12:00 AM,1306.37,11:00 PM,1651.10
Tacos Gavilan Huntington Park,2025-05-30,Viernes,12:00 AM,348.41,11:00 PM,575.02
Tacos Gavilan Lynwood,2025-05-30,Viernes,12:00 AM,1109.18,11:00 PM,1530.17
Tacos Gavilan Slauson,2025-05-30,Viernes,12:00 AM,652.01,11:00 PM,986.48
Tacos Gavilan Downey,2025-05-30,Viernes,12:00 AM,526.28,11:00 PM,702.18
Tacos Gavilan Bell,2025-05-30,Viernes,12:00 AM,357.88,11:00 PM,519.64
Tacos Gavilan Norwalk,2025-05-30,Viernes,12:00 AM,838.90,11:00 PM,1274.82
Tacos Gavilan Azusa,2025-05-30,Viernes,12:00 AM,234.78,11:00 PM,787.98
Tacos Gavilan LA Broadway,2025-05-30,Viernes,12:00 AM,761.09,11:00 PM,996.28
Tacos Gavilan Rialto,2025-05-30,Viernes,12:00 AM,540.19,11:00 PM,950.36
Tacos Gavilan Hollywood,2025-05-30,Viernes,12:00 AM,537.70,11:00 PM,769.59
Tacos Gavilan South Gate,2025-05-30,Viernes,12:00 AM,586.24,11:00 PM,971.82
Tacos Gavilan West Covina,2025-05-31,Sábado,12:00 AM,942.72,11:00 PM,1154.42
Tacos Gavilan Azusa,2025-05-31,Sábado,12:00 AM,345.56,11:00 PM,311.54
Tacos Gavilan LA Central,2025-05-31,Sábado,12:00 AM,1511.89,11:00 PM,2178.85
Tacos Gavilan South Gate,2025-05-31,Sábado,12:00 AM,716.43,11:00 PM,1158.06
Tacos Gavilan Bell,2025-05-31,Sábado,12:00 AM,444.64,11:00 PM,598.07
Tacos Gavilan Huntington Park,2025-05-31,Sábado,12:00 AM,436.89,11:00 PM,900.28
Tacos Gavilan Lynwood,2025-05-31,Sábado,12:00 AM,1545.37,11:00 PM,1813.73
Tacos Gavilan Slauson,2025-05-31,Sábado,12:00 AM,1159.06,11:00 PM,1154.51
Tacos Gavilan LA Broadway,2025-05-31,Sábado,12:00 AM,974.56,11:00 PM,1510.76
Tacos Gavilan La Puente,2025-05-31,Sábado,12:00 AM,899.23,11:00 PM,565.87
Tacos Gavilan Downey,2025-05-31,Sábado,12:00 AM,765.44,11:00 PM,1018.11
Tacos Gavilan Santa Ana,2025-05-31,Sábado,12:00 AM,851.95,11:00 PM,1279.90
Tacos Gavilan Rialto,2025-05-31,Sábado,12:00 AM,811.10,11:00 PM,1282.31
Tacos Gavilan Norwalk,2025-05-31,Sábado,12:00 AM,1002.34,11:00 PM,1829.16
Tacos Gavilan Hollywood,2025-05-31,Sábado,12:00 AM,805.31,11:00 PM,818.20
Tacos Gavilan South Gate,2025-06-01,Domingo,9:00 AM,10.99,11:00 PM,517.41
Tacos Gavilan Bell,2025-06-01,Domingo,10:00 AM,274.47,11:00 PM,162.40
Tacos Gavilan Huntington Park,2025-06-01,Domingo,10:00 AM,418.36,11:00 PM,354.38
Tacos Gavilan Norwalk,2025-06-01,Domingo,12:00 AM,346.57,11:00 PM,996.21
Tacos Gavilan Downey,2025-06-01,Domingo,8:00 AM,21.98,11:00 PM,452.85
Tacos Gavilan Santa Ana,2025-06-01,Domingo,10:00 AM,507.78,11:00 PM,485.77
Tacos Gavilan Slauson,2025-06-01,Domingo,12:00 AM,591.55,11:00 PM,877.47
Tacos Gavilan Lynwood,2025-06-01,Domingo,12:00 AM,833.39,11:00 PM,871.01
Tacos Gavilan LA Broadway,2025-06-01,Domingo,12:00 AM,761.98,11:00 PM,984.29
Tacos Gavilan Azusa,2025-06-01,Domingo,10:00 AM,226.05,11:00 PM,226.01
Tacos Gavilan Rialto,2025-06-01,Domingo,12:00 AM,375.99,11:00 PM,744.07
Tacos Gavilan La Puente,2025-06-01,Domingo,9:00 AM,243.96,11:00 PM,284.41
Tacos Gavilan Hollywood,2025-06-01,Domingo,8:00 AM,29.84,11:00 PM,697.87
Tacos Gavilan LA Central,2025-06-01,Domingo,12:00 AM,668.39,11:00 PM,792.76
Tacos Gavilan West Covina,2025-06-01,Domingo,12:00 AM,422.41,11:00 PM,466.92
Tacos Gavilan Santa Ana,2025-06-02,Lunes,9:00 AM,10.16,11:00 PM,141.98
Tacos Gavilan La Puente,2025-06-02,Lunes,9:00 AM,30.51,11:00 PM,266.29
Tacos Gavilan South Gate,2025-06-02,Lunes,9:00 AM,167.81,11:00 PM,377.91
Tacos Gavilan Bell,2025-06-02,Lunes,12:00 AM,29.41,11:00 PM,182.97
Tacos Gavilan Downey,2025-06-02,Lunes,9:00 AM,399.53,11:00 PM,249.04
Tacos Gavilan Lynwood,2025-06-02,Lunes,12:00 AM,394.82,11:00 PM,815.12
Tacos Gavilan Slauson,2025-06-02,Lunes,12:00 AM,385.44,11:00 PM,662.88
Tacos Gavilan LA Broadway,2025-06-02,Lunes,12:00 AM,547.30,11:00 PM,721.18
Tacos Gavilan West Covina,2025-06-02,Lunes,12:00 AM,533.21,11:00 PM,434.52
Tacos Gavilan Norwalk,2025-06-02,Lunes,12:00 AM,388.02,11:00 PM,702.50
Tacos Gavilan Azusa,2025-06-02,Lunes,9:00 AM,8.59,11:00 PM,120.03
Tacos Gavilan Rialto,2025-06-02,Lunes,9:00 AM,75.12,11:00 PM,569.94
Tacos Gavilan Hollywood,2025-06-02,Lunes,9:00 AM,325.57,11:00 PM,725.19
Tacos Gavilan Huntington Park,2025-06-02,Lunes,10:00 AM,365.28,11:00 PM,312.24
Tacos Gavilan LA Central,2025-06-02,Lunes,12:00 AM,905.22,11:00 PM,932.55
Tacos Gavilan Santa Ana,2025-06-03,Martes,10:00 AM,295.05,11:00 PM,350.87
Tacos Gavilan South Gate,2025-06-03,Martes,9:00 AM,99.02,11:00 PM,279.34
Tacos Gavilan Huntington Park,2025-06-03,Martes,10:00 AM,422.92,11:00 PM,366.56
Tacos Gavilan Slauson,2025-06-03,Martes,12:00 AM,350.43,11:00 PM,797.81
Tacos Gavilan Hollywood,2025-06-03,Martes,12:00 AM,28.73,11:00 PM,403.68
Tacos Gavilan LA Central,2025-06-03,Martes,12:00 AM,625.40,11:00 PM,802.47
Tacos Gavilan Azusa,2025-06-03,Martes,10:00 AM,473.14,11:00 PM,151.83
Tacos Gavilan Downey,2025-06-03,Martes,9:00 AM,269.47,11:00 PM,292.69
Tacos Gavilan Lynwood,2025-06-03,Martes,12:00 AM,674.75,11:00 PM,655.22
Tacos Gavilan Rialto,2025-06-03,Martes,9:00 AM,199.80,11:00 PM,275.84
Tacos Gavilan LA Broadway,2025-06-03,Martes,12:00 AM,383.64,11:00 PM,406.74
Tacos Gavilan La Puente,2025-06-03,Martes,9:00 AM,28.53,11:00 PM,221.17
Tacos Gavilan Norwalk,2025-06-03,Martes,12:00 AM,680.62,11:00 PM,663.04
Tacos Gavilan West Covina,2025-06-03,Martes,12:00 AM,385.54,11:00 PM,610.34
Tacos Gavilan Bell,2025-06-03,Martes,10:00 AM,117.92,11:00 PM,158.27
Tacos Gavilan Rialto,2025-06-04,Miércoles,9:00 AM,629.82,11:00 PM,487.97
Tacos Gavilan LA Central,2025-06-04,Miércoles,12:00 AM,484.75,11:00 PM,702.97
Tacos Gavilan Bell,2025-06-04,Miércoles,10:00 AM,459.34,11:00 PM,489.50
Tacos Gavilan Lynwood,2025-06-04,Miércoles,12:00 AM,698.47,11:00 PM,939.84
Tacos Gavilan Slauson,2025-06-04,Miércoles,12:00 AM,402.25,11:00 PM,628.49
Tacos Gavilan Azusa,2025-06-04,Miércoles,10:00 AM,174.72,11:00 PM,209.43
Tacos Gavilan Downey,2025-06-04,Miércoles,9:00 AM,465.11,11:00 PM,722.87
Tacos Gavilan La Puente,2025-06-04,Miércoles,9:00 AM,17.62,11:00 PM,212.92
Tacos Gavilan South Gate,2025-06-04,Miércoles,9:00 AM,185.43,11:00 PM,398.06
Tacos Gavilan LA Broadway,2025-06-04,Miércoles,12:00 AM,700.21,11:00 PM,704.85
Tacos Gavilan Santa Ana,2025-06-04,Miércoles,10:00 AM,441.19,11:00 PM,208.00
Tacos Gavilan Norwalk,2025-06-04,Miércoles,12:00 AM,458.11,11:00 PM,719.37
Tacos Gavilan Hollywood,2025-06-04,Miércoles,9:00 AM,203.89,11:00 PM,429.61
Tacos Gavilan West Covina,2025-06-04,Miércoles,12:00 AM,229.12,11:00 PM,758.19
Tacos Gavilan Huntington Park,2025-06-04,Miércoles,10:00 AM,565.99,11:00 PM,312.54
Tacos Gavilan West Covina,2025-06-05,Jueves,12:00 AM,586.53,11:00 PM,686.34
Tacos Gavilan LA Central,2025-06-05,Jueves,12:00 AM,1104.22,11:00 PM,1314.63
Tacos Gavilan Bell,2025-06-05,Jueves,10:00 AM,234.00,11:00 PM,244.79
Tacos Gavilan Hollywood,2025-06-05,Jueves,12:00 AM,15.57,11:00 PM,611.38
Tacos Gavilan Azusa,2025-06-05,Jueves,10:00 AM,293.72,11:00 PM,285.21
Tacos Gavilan South Gate,2025-06-05,Jueves,9:00 AM,103.07,11:00 PM,535.56
Tacos Gavilan Norwalk,2025-06-05,Jueves,12:00 AM,696.01,11:00 PM,1043.88
Tacos Gavilan LA Broadway,2025-06-05,Jueves,12:00 AM,615.34,11:00 PM,838.46
Tacos Gavilan Downey,2025-06-05,Jueves,12:00 AM,177.10,11:00 PM,439.76
Tacos Gavilan Santa Ana,2025-06-05,Jueves,10:00 AM,431.21,11:00 PM,565.18
Tacos Gavilan Rialto,2025-06-05,Jueves,12:00 AM,208.88,11:00 PM,674.04
Tacos Gavilan La Puente,2025-06-05,Jueves,8:00 AM,53.92,11:00 PM,176.59
Tacos Gavilan Huntington Park,2025-06-05,Jueves,12:00 AM,126.30,11:00 PM,324.41
Tacos Gavilan Lynwood,2025-06-05,Jueves,12:00 AM,934.47,11:00 PM,1008.71
Tacos Gavilan Slauson,2025-06-05,Jueves,12:00 AM,571.23,11:00 PM,763.93
Tacos Gavilan Santa Ana,2025-06-06,Viernes,12:00 AM,492.70,11:00 PM,781.16
Tacos Gavilan La Puente,2025-06-06,Viernes,12:00 AM,361.11,11:00 PM,761.87
Tacos Gavilan LA Central,2025-06-06,Viernes,12:00 AM,1138.73,11:00 PM,1124.25
Tacos Gavilan South Gate,2025-06-06,Viernes,12:00 AM,492.77,11:00 PM,898.66
Tacos Gavilan Downey,2025-06-06,Viernes,12:00 AM,399.57,11:00 PM,802.32
Tacos Gavilan West Covina,2025-06-06,Viernes,12:00 AM,632.34,11:00 PM,813.97
Tacos Gavilan Azusa,2025-06-06,Viernes,12:00 AM,337.40,11:00 PM,252.69
Tacos Gavilan Rialto,2025-06-06,Viernes,12:00 AM,735.15,11:00 PM,846.91
Tacos Gavilan Huntington Park,2025-06-06,Viernes,12:00 AM,318.95,11:00 PM,668.56
Tacos Gavilan Slauson,2025-06-06,Viernes,12:00 AM,632.99,11:00 PM,895.94
Tacos Gavilan Norwalk,2025-06-06,Viernes,12:00 AM,777.58,11:00 PM,1195.13
Tacos Gavilan Hollywood,2025-06-06,Viernes,12:00 AM,476.39,11:00 PM,648.22
Tacos Gavilan Lynwood,2025-06-06,Viernes,12:00 AM,1063.65,11:00 PM,1259.33
Tacos Gavilan LA Broadway,2025-06-06,Viernes,12:00 AM,572.21,11:00 PM,1067.88
Tacos Gavilan Bell,2025-06-06,Viernes,12:00 AM,400.79,11:00 PM,474.46
Tacos Gavilan West Covina,2025-06-07,Sábado,12:00 AM,696.09,11:00 PM,988.63
Tacos Gavilan Azusa,2025-06-07,Sábado,12:00 AM,290.26,11:00 PM,408.07
Tacos Gavilan Rialto,2025-06-07,Sábado,12:00 AM,700.46,11:00 PM,1285.29
Tacos Gavilan LA Central,2025-06-07,Sábado,12:00 AM,1148.91,11:00 PM,1722.16
Tacos Gavilan South Gate,2025-06-07,Sábado,12:00 AM,537.41,11:00 PM,1045.52
Tacos Gavilan Huntington Park,2025-06-07,Sábado,12:00 AM,507.59,11:00 PM,450.00
Tacos Gavilan Slauson,2025-06-07,Sábado,12:00 AM,1052.17,11:00 PM,914.31
Tacos Gavilan Bell,2025-06-07,Sábado,12:00 AM,404.87,11:00 PM,366.13
Tacos Gavilan Downey,2025-06-07,Sábado,12:00 AM,834.07,11:00 PM,922.09
Tacos Gavilan Norwalk,2025-06-07,Sábado,12:00 AM,1301.87,11:00 PM,981.77
Tacos Gavilan La Puente,2025-06-07,Sábado,12:00 AM,619.44,11:00 PM,543.87
Tacos Gavilan Hollywood,2025-06-07,Sábado,12:00 AM,698.75,11:00 PM,813.15
Tacos Gavilan LA Broadway,2025-06-07,Sábado,12:00 AM,1188.14,11:00 PM,1062.15
Tacos Gavilan Lynwood,2025-06-07,Sábado,12:00 AM,1103.60,11:00 PM,1657.43
Tacos Gavilan Santa Ana,2025-06-07,Sábado,12:00 AM,542.98,11:00 PM,934.00
Tacos Gavilan Santa Ana,2025-06-08,Domingo,10:00 AM,223.94,11:00 PM,395.85
Tacos Gavilan Rialto,2025-06-08,Domingo,12:00 AM,405.25,11:00 PM,537.44
Tacos Gavilan LA Central,2025-06-08,Domingo,12:00 AM,941.81,11:00 PM,990.34
Tacos Gavilan South Gate,2025-06-08,Domingo,9:00 AM,24.33,11:00 PM,468.59
Tacos Gavilan Huntington Park,2025-06-08,Domingo,12:00 AM,4.29,11:00 PM,472.16
Tacos Gavilan Downey,2025-06-08,Domingo,8:00 AM,40.04,11:00 PM,255.40
Tacos Gavilan Norwalk,2025-06-08,Domingo,12:00 AM,457.18,11:00 PM,1136.80
Tacos Gavilan West Covina,2025-06-08,Domingo,12:00 AM,443.88,11:00 PM,657.77
Tacos Gavilan LA Broadway,2025-06-08,Domingo,12:00 AM,415.98,11:00 PM,684.30
Tacos Gavilan Azusa,2025-06-08,Domingo,9:00 AM,18.76,11:00 PM,254.30
Tacos Gavilan Hollywood,2025-06-08,Domingo,9:00 AM,267.09,11:00 PM,575.49
Tacos Gavilan Bell,2025-06-08,Domingo,10:00 AM,313.76,11:00 PM,214.62
Tacos Gavilan La Puente,2025-06-08,Domingo,9:00 AM,134.03,11:00 PM,277.83
Tacos Gavilan Slauson,2025-06-08,Domingo,12:00 AM,443.99,11:00 PM,725.66
Tacos Gavilan Lynwood,2025-06-08,Domingo,12:00 AM,810.76,11:00 PM,1070.28
Tacos Gavilan Azusa,2025-06-09,Lunes,10:00 AM,263.09,11:00 PM,227.96
Tacos Gavilan Rialto,2025-06-09,Lunes,9:00 AM,121.35,11:00 PM,374.19
Tacos Gavilan LA Central,2025-06-09,Lunes,12:00 AM,847.50,11:00 PM,798.77
Tacos Gavilan Downey,2025-06-09,Lunes,8:00 AM,20.97,11:00 PM,311.52
Tacos Gavilan Huntington Park,2025-06-09,Lunes,9:00 AM,7.96,11:00 PM,295.55
Tacos Gavilan Hollywood,2025-06-09,Lunes,9:00 AM,262.16,11:00 PM,392.86
Tacos Gavilan La Puente,2025-06-09,Lunes,9:00 AM,65.31,11:00 PM,486.19
Tacos Gavilan LA Broadway,2025-06-09,Lunes,12:00 AM,462.13,11:00 PM,605.78
Tacos Gavilan Bell,2025-06-09,Lunes,12:00 AM,12.36,11:00 PM,148.64
Tacos Gavilan South Gate,2025-06-09,Lunes,9:00 AM,120.45,11:00 PM,171.32
Tacos Gavilan Norwalk,2025-06-09,Lunes,12:00 AM,638.09,11:00 PM,671.96
Tacos Gavilan Slauson,2025-06-09,Lunes,12:00 AM,590.17,11:00 PM,560.40
Tacos Gavilan Lynwood,2025-06-09,Lunes,12:00 AM,518.32,11:00 PM,605.01
Tacos Gavilan West Covina,2025-06-09,Lunes,12:00 AM,311.73,11:00 PM,582.04
Tacos Gavilan Santa Ana,2025-06-09,Lunes,10:00 AM,336.95,11:00 PM,369.30
Tacos Gavilan Santa Ana,2025-06-10,Martes,10:00 AM,519.04,11:00 PM,478.48
Tacos Gavilan Rialto,2025-06-10,Martes,9:00 AM,317.53,11:00 PM,476.87
Tacos Gavilan LA Central,2025-06-10,Martes,12:00 AM,638.93,11:00 PM,988.05
Tacos Gavilan Bell,2025-06-10,Martes,9:00 AM,4.49,11:00 PM,180.55
Tacos Gavilan Slauson,2025-06-10,Martes,12:00 AM,363.71,11:00 PM,819.79
Tacos Gavilan Hollywood,2025-06-10,Martes,9:00 AM,284.62,11:00 PM,412.97
Tacos Gavilan Azusa,2025-06-10,Martes,10:00 AM,252.42,11:00 PM,230.65
Tacos Gavilan West Covina,2025-06-10,Martes,12:00 AM,285.08,11:00 PM,401.66
Tacos Gavilan South Gate,2025-06-10,Martes,12:00 AM,3.84,11:00 PM,418.68
Tacos Gavilan Downey,2025-06-10,Martes,12:00 AM,17.85,11:00 PM,286.53
Tacos Gavilan La Puente,2025-06-10,Martes,9:00 AM,18.48,11:00 PM,248.13
Tacos Gavilan Norwalk,2025-06-10,Martes,12:00 AM,446.85,11:00 PM,572.31
Tacos Gavilan LA Broadway,2025-06-10,Martes,12:00 AM,222.38,11:00 PM,538.05
Tacos Gavilan Huntington Park,2025-06-10,Martes,10:00 AM,332.32,11:00 PM,267.82
Tacos Gavilan Lynwood,2025-06-10,Martes,12:00 AM,587.37,11:00 PM,621.99
Tacos Gavilan Santa Ana,2025-06-11,Miércoles,10:00 AM,623.25,11:00 PM,293.52
Tacos Gavilan LA Central,2025-06-11,Miércoles,12:00 AM,811.90,11:00 PM,1105.50
Tacos Gavilan Bell,2025-06-11,Miércoles,9:00 AM,1.95,11:00 PM,137.33
Tacos Gavilan Huntington Park,2025-06-11,Miércoles,10:00 AM,347.16,11:00 PM,512.42
Tacos Gavilan Norwalk,2025-06-11,Miércoles,12:00 AM,462.38,11:00 PM,671.95
Tacos Gavilan Slauson,2025-06-11,Miércoles,12:00 AM,617.39,11:00 PM,379.27
Tacos Gavilan Rialto,2025-06-11,Miércoles,8:00 AM,12.45,11:00 PM,318.21
Tacos Gavilan La Puente,2025-06-11,Miércoles,9:00 AM,31.41,11:00 PM,431.95
Tacos Gavilan Hollywood,2025-06-11,Miércoles,9:00 AM,239.41,11:00 PM,691.89
Tacos Gavilan Lynwood,2025-06-11,Miércoles,12:00 AM,721.45,11:00 PM,567.90
Tacos Gavilan Downey,2025-06-11,Miércoles,9:00 AM,214.81,11:00 PM,323.81
Tacos Gavilan LA Broadway,2025-06-11,Miércoles,12:00 AM,511.04,11:00 PM,518.46
Tacos Gavilan South Gate,2025-06-11,Miércoles,9:00 AM,94.15,11:00 PM,498.43
Tacos Gavilan Azusa,2025-06-11,Miércoles,10:00 AM,327.25,11:00 PM,197.87
Tacos Gavilan West Covina,2025-06-11,Miércoles,12:00 AM,399.58,11:00 PM,772.62
Tacos Gavilan Santa Ana,2025-06-12,Jueves,10:00 AM,194.72,11:00 PM,506.99
Tacos Gavilan La Puente,2025-06-12,Jueves,9:00 AM,49.40,11:00 PM,234.58
Tacos Gavilan Rialto,2025-06-12,Jueves,12:00 AM,240.64,11:00 PM,539.01
Tacos Gavilan LA Central,2025-06-12,Jueves,12:00 AM,848.95,11:00 PM,733.81
Tacos Gavilan South Gate,2025-06-12,Jueves,9:00 AM,97.12,11:00 PM,321.06
Tacos Gavilan Hollywood,2025-06-12,Jueves,9:00 AM,251.55,11:00 PM,635.98
Tacos Gavilan Lynwood,2025-06-12,Jueves,12:00 AM,863.11,11:00 PM,1173.11
Tacos Gavilan Downey,2025-06-12,Jueves,12:00 AM,96.03,11:00 PM,338.74
Tacos Gavilan Norwalk,2025-06-12,Jueves,12:00 AM,626.07,11:00 PM,682.01
Tacos Gavilan West Covina,2025-06-12,Jueves,12:00 AM,424.38,11:00 PM,662.92
Tacos Gavilan Azusa,2025-06-12,Jueves,10:00 AM,262.38,11:00 PM,331.11
Tacos Gavilan LA Broadway,2025-06-12,Jueves,12:00 AM,759.23,11:00 PM,528.56
Tacos Gavilan Huntington Park,2025-06-12,Jueves,12:00 AM,338.07,11:00 PM,411.66
Tacos Gavilan Bell,2025-06-12,Jueves,10:00 AM,125.52,11:00 PM,303.26
Tacos Gavilan Slauson,2025-06-12,Jueves,12:00 AM,387.60,11:00 PM,739.70
Tacos Gavilan Rialto,2025-06-13,Viernes,12:00 AM,591.56,11:00 PM,1345.23
Tacos Gavilan LA Central,2025-06-13,Viernes,12:00 AM,1199.88,11:00 PM,1472.13
Tacos Gavilan South Gate,2025-06-13,Viernes,12:00 AM,909.31,11:00 PM,980.95
Tacos Gavilan Lynwood,2025-06-13,Viernes,12:00 AM,903.02,11:00 PM,1451.78
Tacos Gavilan Hollywood,2025-06-13,Viernes,12:00 AM,591.24,11:00 PM,870.39
Tacos Gavilan La Puente,2025-06-13,Viernes,12:00 AM,469.64,11:00 PM,1160.14
Tacos Gavilan Huntington Park,2025-06-13,Viernes,12:00 AM,303.70,11:00 PM,783.56
Tacos Gavilan Slauson,2025-06-13,Viernes,12:00 AM,707.21,11:00 PM,827.25
Tacos Gavilan West Covina,2025-06-13,Viernes,12:00 AM,738.67,11:00 PM,1214.21
Tacos Gavilan Azusa,2025-06-13,Viernes,12:00 AM,262.06,11:00 PM,695.13
Tacos Gavilan Norwalk,2025-06-13,Viernes,12:00 AM,1060.32,11:00 PM,1000.79
Tacos Gavilan Bell,2025-06-13,Viernes,12:00 AM,396.28,11:00 PM,417.55
Tacos Gavilan Downey,2025-06-13,Viernes,12:00 AM,626.97,11:00 PM,741.87
Tacos Gavilan LA Broadway,2025-06-13,Viernes,12:00 AM,709.47,11:00 PM,661.90
Tacos Gavilan Santa Ana,2025-06-13,Viernes,12:00 AM,443.73,11:00 PM,729.59
Tacos Gavilan West Covina,2025-06-14,Sábado,12:00 AM,1040.57,11:00 PM,1600.58
Tacos Gavilan Bell,2025-06-14,Sábado,12:00 AM,329.53,11:00 PM,420.93
Tacos Gavilan Huntington Park,2025-06-14,Sábado,12:00 AM,772.46,11:00 PM,707.61
Tacos Gavilan Lynwood,2025-06-14,Sábado,12:00 AM,946.55,11:00 PM,1107.57
Tacos Gavilan Slauson,2025-06-14,Sábado,12:00 AM,833.90,11:00 PM,1022.80
Tacos Gavilan Hollywood,2025-06-14,Sábado,12:00 AM,954.10,11:00 PM,855.01
Tacos Gavilan Downey,2025-06-14,Sábado,12:00 AM,738.63,11:00 PM,603.53
Tacos Gavilan Azusa,2025-06-14,Sábado,12:00 AM,166.07,11:00 PM,389.29
Tacos Gavilan LA Central,2025-06-14,Sábado,12:00 AM,1015.99,11:00 PM,1431.62
Tacos Gavilan Rialto,2025-06-14,Sábado,12:00 AM,889.06,11:00 PM,1217.40
Tacos Gavilan Norwalk,2025-06-14,Sábado,12:00 AM,1018.85,11:00 PM,1355.05
Tacos Gavilan LA Broadway,2025-06-14,Sábado,12:00 AM,1116.22,11:00 PM,1153.22
Tacos Gavilan La Puente,2025-06-14,Sábado,12:00 AM,524.69,11:00 PM,741.31
Tacos Gavilan Santa Ana,2025-06-14,Sábado,12:00 AM,489.52,11:00 PM,768.09
Tacos Gavilan South Gate,2025-06-14,Sábado,12:00 AM,778.76,11:00 PM,1249.62
Tacos Gavilan La Puente,2025-06-15,Domingo,9:00 AM,174.29,11:00 PM,308.23
Tacos Gavilan LA Central,2025-06-15,Domingo,12:00 AM,924.23,11:00 PM,779.91
Tacos Gavilan Bell,2025-06-15,Domingo,9:00 AM,25.46,11:00 PM,337.38
Tacos Gavilan Downey,2025-06-15,Domingo,9:00 AM,299.05,11:00 PM,674.09
Tacos Gavilan Lynwood,2025-06-15,Domingo,12:00 AM,723.77,11:00 PM,785.03
Tacos Gavilan Hollywood,2025-06-15,Domingo,9:00 AM,150.80,11:00 PM,832.68
Tacos Gavilan Azusa,2025-06-15,Domingo,10:00 AM,336.85,11:00 PM,205.91
Tacos Gavilan LA Broadway,2025-06-15,Domingo,12:00 AM,627.25,11:00 PM,564.44
Tacos Gavilan Santa Ana,2025-06-15,Domingo,10:00 AM,645.98,11:00 PM,398.09
Tacos Gavilan South Gate,2025-06-15,Domingo,9:00 AM,6.87,11:00 PM,474.80
Tacos Gavilan Rialto,2025-06-15,Domingo,12:00 AM,433.40,11:00 PM,671.21
Tacos Gavilan West Covina,2025-06-15,Domingo,12:00 AM,261.84,11:00 PM,576.04
Tacos Gavilan Norwalk,2025-06-15,Domingo,12:00 AM,370.32,11:00 PM,675.72
Tacos Gavilan Huntington Park,2025-06-15,Domingo,9:00 AM,11.88,11:00 PM,444.68
Tacos Gavilan Slauson,2025-06-15,Domingo,12:00 AM,482.69,11:00 PM,457.81
Tacos Gavilan Santa Ana,2025-06-16,Lunes,9:00 AM,19.78,11:00 PM,259.14
Tacos Gavilan Azusa,2025-06-16,Lunes,9:00 AM,48.35,11:00 PM,199.29
Tacos Gavilan LA Central,2025-06-16,Lunes,12:00 AM,795.94,11:00 PM,1348.89
Tacos Gavilan South Gate,2025-06-16,Lunes,9:00 AM,179.84,11:00 PM,558.52
Tacos Gavilan Bell,2025-06-16,Lunes,10:00 AM,252.55,11:00 PM,258.90
Tacos Gavilan Slauson,2025-06-16,Lunes,12:00 AM,501.63,11:00 PM,898.14
Tacos Gavilan LA Broadway,2025-06-16,Lunes,12:00 AM,448.45,11:00 PM,659.51
Tacos Gavilan Norwalk,2025-06-16,Lunes,12:00 AM,495.92,11:00 PM,631.86
Tacos Gavilan Hollywood,2025-06-16,Lunes,12:00 AM,15.83,11:00 PM,671.18
Tacos Gavilan Downey,2025-06-16,Lunes,8:00 AM,10.16,11:00 PM,431.99
Tacos Gavilan La Puente,2025-06-16,Lunes,9:00 AM,33.75,11:00 PM,322.33
Tacos Gavilan Lynwood,2025-06-16,Lunes,12:00 AM,613.38,11:00 PM,1033.42
Tacos Gavilan Rialto,2025-06-16,Lunes,9:00 AM,199.22,11:00 PM,364.55
Tacos Gavilan Huntington Park,2025-06-16,Lunes,10:00 AM,341.05,11:00 PM,414.55
Tacos Gavilan West Covina,2025-06-16,Lunes,12:00 AM,257.94,11:00 PM,685.90
Tacos Gavilan Santa Ana,2025-06-17,Martes,10:00 AM,577.60,11:00 PM,509.39
Tacos Gavilan La Puente,2025-06-17,Martes,9:00 AM,13.24,11:00 PM,464.93
Tacos Gavilan LA Central,2025-06-17,Martes,12:00 AM,698.40,11:00 PM,1030.32
Tacos Gavilan Bell,2025-06-17,Martes,10:00 AM,296.64,11:00 PM,312.33
Tacos Gavilan Downey,2025-06-17,Martes,8:00 AM,7.30,11:00 PM,482.17
Tacos Gavilan Slauson,2025-06-17,Martes,12:00 AM,499.72,11:00 PM,746.63
Tacos Gavilan Norwalk,2025-06-17,Martes,12:00 AM,367.42,11:00 PM,742.48
Tacos Gavilan Azusa,2025-06-17,Martes,9:00 AM,10.98,11:00 PM,384.94
Tacos Gavilan Rialto,2025-06-17,Martes,9:00 AM,228.94,11:00 PM,329.54
Tacos Gavilan Hollywood,2025-06-17,Martes,9:00 AM,142.12,11:00 PM,801.35
Tacos Gavilan West Covina,2025-06-17,Martes,12:00 AM,391.97,11:00 PM,814.70
Tacos Gavilan South Gate,2025-06-17,Martes,9:00 AM,177.45,11:00 PM,570.39
Tacos Gavilan Lynwood,2025-06-17,Martes,12:00 AM,620.79,11:00 PM,902.73
Tacos Gavilan LA Broadway,2025-06-17,Martes,12:00 AM,641.31,11:00 PM,684.18
Tacos Gavilan Huntington Park,2025-06-17,Martes,10:00 AM,433.80,11:00 PM,316.49
Tacos Gavilan Santa Ana,2025-06-18,Miércoles,9:00 AM,6.87,11:00 PM,588.70
Tacos Gavilan LA Central,2025-06-18,Miércoles,12:00 AM,663.85,11:00 PM,1036.81
Tacos Gavilan Downey,2025-06-18,Miércoles,9:00 AM,246.00,11:00 PM,390.06
Tacos Gavilan Huntington Park,2025-06-18,Miércoles,10:00 AM,263.31,11:00 PM,312.87
Tacos Gavilan Lynwood,2025-06-18,Miércoles,12:00 AM,717.80,11:00 PM,1269.00
Tacos Gavilan Hollywood,2025-06-18,Miércoles,8:00 AM,12.38,11:00 PM,427.77
Tacos Gavilan Norwalk,2025-06-18,Miércoles,12:00 AM,636.90,11:00 PM,1026.13
Tacos Gavilan Bell,2025-06-18,Miércoles,10:00 AM,345.50,11:00 PM,202.71
Tacos Gavilan La Puente,2025-06-18,Miércoles,9:00 AM,68.90,11:00 PM,280.79
Tacos Gavilan Slauson,2025-06-18,Miércoles,12:00 AM,644.43,11:00 PM,612.53
Tacos Gavilan West Covina,2025-06-18,Miércoles,12:00 AM,507.74,11:00 PM,741.60
Tacos Gavilan Rialto,2025-06-18,Miércoles,9:00 AM,199.02,11:00 PM,554.57
Tacos Gavilan LA Broadway,2025-06-18,Miércoles,12:00 AM,585.80,11:00 PM,785.45
Tacos Gavilan South Gate,2025-06-18,Miércoles,9:00 AM,105.48,11:00 PM,438.34
Tacos Gavilan Azusa,2025-06-18,Miércoles,10:00 AM,306.41,11:00 PM,329.47
Tacos Gavilan West Covina,2025-06-19,Jueves,12:00 AM,553.57,11:00 PM,605.14
Tacos Gavilan Azusa,2025-06-19,Jueves,9:00 AM,11.88,11:00 PM,336.06
Tacos Gavilan Rialto,2025-06-19,Jueves,12:00 AM,281.99,11:00 PM,510.83
Tacos Gavilan LA Central,2025-06-19,Jueves,12:00 AM,1145.83,11:00 PM,1043.04
Tacos Gavilan South Gate,2025-06-19,Jueves,9:00 AM,77.67,11:00 PM,625.00
Tacos Gavilan Huntington Park,2025-06-19,Jueves,12:00 AM,557.08,11:00 PM,163.93
Tacos Gavilan Lynwood,2025-06-19,Jueves,12:00 AM,776.55,11:00 PM,1112.06
Tacos Gavilan Hollywood,2025-06-19,Jueves,9:00 AM,218.22,11:00 PM,471.37
Tacos Gavilan LA Broadway,2025-06-19,Jueves,12:00 AM,739.27,11:00 PM,674.02
Tacos Gavilan Downey,2025-06-19,Jueves,12:00 AM,347.07,11:00 PM,445.56
Tacos Gavilan Norwalk,2025-06-19,Jueves,12:00 AM,622.09,11:00 PM,1018.48
Tacos Gavilan Bell,2025-06-19,Jueves,10:00 AM,245.60,11:00 PM,158.99
Tacos Gavilan La Puente,2025-06-19,Jueves,10:00 AM,308.25,11:00 PM,396.59
Tacos Gavilan Santa Ana,2025-06-19,Jueves,9:00 AM,292.06,11:00 PM,470.31
Tacos Gavilan Slauson,2025-06-19,Jueves,12:00 AM,722.07,11:00 PM,499.78
Tacos Gavilan West Covina,2025-06-20,Viernes,12:00 AM,717.84,11:00 PM,1111.79
Tacos Gavilan Santa Ana,2025-06-20,Viernes,12:00 AM,421.99,11:00 PM,830.93
Tacos Gavilan LA Central,2025-06-20,Viernes,12:00 AM,1118.04,11:00 PM,1294.76
Tacos Gavilan Bell,2025-06-20,Viernes,12:00 AM,244.98,11:00 PM,440.38
Tacos Gavilan Downey,2025-06-20,Viernes,12:00 AM,520.27,11:00 PM,763.18
Tacos Gavilan Huntington Park,2025-06-20,Viernes,12:00 AM,401.20,11:00 PM,607.99
Tacos Gavilan Lynwood,2025-06-20,Viernes,12:00 AM,802.33,11:00 PM,998.07
Tacos Gavilan Slauson,2025-06-20,Viernes,12:00 AM,669.07,11:00 PM,679.28
Tacos Gavilan LA Broadway,2025-06-20,Viernes,12:00 AM,540.88,11:00 PM,867.30
Tacos Gavilan Norwalk,2025-06-20,Viernes,12:00 AM,1205.21,11:00 PM,697.83
Tacos Gavilan Azusa,2025-06-20,Viernes,12:00 AM,247.56,11:00 PM,320.14
Tacos Gavilan Rialto,2025-06-20,Viernes,12:00 AM,656.80,11:00 PM,1108.17
Tacos Gavilan La Puente,2025-06-20,Viernes,12:00 AM,231.85,11:00 PM,573.89
Tacos Gavilan Hollywood,2025-06-20,Viernes,12:00 AM,546.42,11:00 PM,395.13
Tacos Gavilan South Gate,2025-06-20,Viernes,12:00 AM,485.95,11:00 PM,1094.07
Tacos Gavilan West Covina,2025-06-21,Sábado,12:00 AM,463.94,11:00 PM,1121.20
Tacos Gavilan La Puente,2025-06-21,Sábado,12:00 AM,449.56,11:00 PM,499.29
Tacos Gavilan LA Central,2025-06-21,Sábado,12:00 AM,1171.79,11:00 PM,1351.01
Tacos Gavilan South Gate,2025-06-21,Sábado,12:00 AM,1046.39,11:00 PM,949.30
Tacos Gavilan Bell,2025-06-21,Sábado,12:00 AM,401.80,11:00 PM,484.29
Tacos Gavilan Downey,2025-06-21,Sábado,12:00 AM,1000.52,11:00 PM,958.26
Tacos Gavilan Slauson,2025-06-21,Sábado,12:00 AM,782.13,11:00 PM,1001.69
Tacos Gavilan Hollywood,2025-06-21,Sábado,12:00 AM,812.97,11:00 PM,1096.18
Tacos Gavilan Azusa,2025-06-21,Sábado,12:00 AM,249.18,11:00 PM,434.02
Tacos Gavilan Rialto,2025-06-21,Sábado,12:00 AM,567.91,11:00 PM,1062.53
Tacos Gavilan Huntington Park,2025-06-21,Sábado,12:00 AM,575.85,11:00 PM,577.01
Tacos Gavilan Lynwood,2025-06-21,Sábado,12:00 AM,1211.72,11:00 PM,1586.22
Tacos Gavilan Norwalk,2025-06-21,Sábado,12:00 AM,868.41,11:00 PM,1127.95
Tacos Gavilan LA Broadway,2025-06-21,Sábado,12:00 AM,927.88,11:00 PM,708.37
Tacos Gavilan Santa Ana,2025-06-21,Sábado,12:00 AM,920.13,11:00 PM,631.33
Tacos Gavilan West Covina,2025-06-22,Domingo,12:00 AM,504.01,11:00 PM,449.68
Tacos Gavilan Santa Ana,2025-06-22,Domingo,10:00 AM,707.90,11:00 PM,366.41
Tacos Gavilan La Puente,2025-06-22,Domingo,9:00 AM,150.86,11:00 PM,263.82
Tacos Gavilan Azusa,2025-06-22,Domingo,10:00 AM,323.92,11:00 PM,211.29
Tacos Gavilan Huntington Park,2025-06-22,Domingo,10:00 AM,305.10,11:00 PM,312.27
Tacos Gavilan Slauson,2025-06-22,Domingo,12:00 AM,520.48,11:00 PM,807.51
Tacos Gavilan Hollywood,2025-06-22,Domingo,9:00 AM,235.50,11:00 PM,441.79
Tacos Gavilan LA Broadway,2025-06-22,Domingo,12:00 AM,698.91,11:00 PM,713.52
Tacos Gavilan Norwalk,2025-06-22,Domingo,12:00 AM,304.78,11:00 PM,998.12
Tacos Gavilan Bell,2025-06-22,Domingo,10:00 AM,203.13,11:00 PM,233.16
Tacos Gavilan South Gate,2025-06-22,Domingo,9:00 AM,20.47,11:00 PM,575.68
Tacos Gavilan Downey,2025-06-22,Domingo,9:00 AM,192.38,11:00 PM,490.28
Tacos Gavilan Rialto,2025-06-22,Domingo,12:00 AM,329.12,11:00 PM,588.39
Tacos Gavilan LA Central,2025-06-22,Domingo,12:00 AM,670.07,11:00 PM,944.01
Tacos Gavilan Lynwood,2025-06-22,Domingo,12:00 AM,1063.55,11:00 PM,1266.22
Tacos Gavilan West Covina,2025-06-23,Lunes,12:00 AM,264.91,11:00 PM,593.82
Tacos Gavilan Santa Ana,2025-06-23,Lunes,10:00 AM,390.42,11:00 PM,513.77
Tacos Gavilan La Puente,2025-06-23,Lunes,9:00 AM,85.60,11:00 PM,232.37
Tacos Gavilan Rialto,2025-06-23,Lunes,9:00 AM,380.00,11:00 PM,562.30
Tacos Gavilan South Gate,2025-06-23,Lunes,9:00 AM,64.23,11:00 PM,324.33
Tacos Gavilan Huntington Park,2025-06-23,Lunes,10:00 AM,362.09,11:00 PM,252.82
Tacos Gavilan Hollywood,2025-06-23,Lunes,8:00 AM,11.36,11:00 PM,413.74
Tacos Gavilan Azusa,2025-06-23,Lunes,10:00 AM,254.71,11:00 PM,237.09
Tacos Gavilan LA Broadway,2025-06-23,Lunes,12:00 AM,563.50,11:00 PM,446.56
Tacos Gavilan Bell,2025-06-23,Lunes,10:00 AM,205.35,11:00 PM,162.89
Tacos Gavilan Lynwood,2025-06-23,Lunes,12:00 AM,405.06,11:00 PM,704.62
Tacos Gavilan Downey,2025-06-23,Lunes,8:00 AM,21.54,11:00 PM,137.17
Tacos Gavilan Norwalk,2025-06-23,Lunes,12:00 AM,448.28,11:00 PM,796.63
Tacos Gavilan LA Central,2025-06-23,Lunes,12:00 AM,649.02,11:00 PM,976.96
Tacos Gavilan Slauson,2025-06-23,Lunes,12:00 AM,509.29,11:00 PM,437.96
Tacos Gavilan Azusa,2025-06-24,Martes,10:00 AM,258.84,11:00 PM,461.62
Tacos Gavilan Rialto,2025-06-24,Martes,9:00 AM,64.78,11:00 PM,358.32
Tacos Gavilan LA Central,2025-06-24,Martes,12:00 AM,828.19,11:00 PM,994.59
Tacos Gavilan South Gate,2025-06-24,Martes,8:00 AM,11.88,11:00 PM,255.05
Tacos Gavilan Huntington Park,2025-06-24,Martes,10:00 AM,224.01,11:00 PM,261.53
Tacos Gavilan Lynwood,2025-06-24,Martes,12:00 AM,588.19,11:00 PM,708.46
Tacos Gavilan Norwalk,2025-06-24,Martes,12:00 AM,554.50,11:00 PM,541.04
Tacos Gavilan Hollywood,2025-06-24,Martes,9:00 AM,150.23,11:00 PM,784.95
Tacos Gavilan LA Broadway,2025-06-24,Martes,12:00 AM,413.72,11:00 PM,470.48
Tacos Gavilan Santa Ana,2025-06-24,Martes,10:00 AM,616.15,11:00 PM,472.27
Tacos Gavilan Downey,2025-06-24,Martes,8:00 AM,30.05,11:00 PM,224.51
Tacos Gavilan Bell,2025-06-24,Martes,10:00 AM,174.16,11:00 PM,139.45
Tacos Gavilan La Puente,2025-06-24,Martes,9:00 AM,8.59,11:00 PM,262.06
Tacos Gavilan Slauson,2025-06-24,Martes,12:00 AM,291.56,11:00 PM,372.68
Tacos Gavilan West Covina,2025-06-24,Martes,12:00 AM,165.08,11:00 PM,428.84
Tacos Gavilan Santa Ana,2025-06-25,Miércoles,12:00 AM,2.25,11:00 PM,530.08
Tacos Gavilan LA Central,2025-06-25,Miércoles,12:00 AM,996.69,11:00 PM,865.65
Tacos Gavilan South Gate,2025-06-25,Miércoles,9:00 AM,187.40,11:00 PM,449.48
Tacos Gavilan Bell,2025-06-25,Miércoles,10:00 AM,111.62,11:00 PM,215.56
Tacos Gavilan Downey,2025-06-25,Miércoles,9:00 AM,108.50,11:00 PM,295.87
Tacos Gavilan Hollywood,2025-06-25,Miércoles,9:00 AM,397.91,11:00 PM,403.07
Tacos Gavilan LA Broadway,2025-06-25,Miércoles,12:00 AM,350.30,11:00 PM,484.97
Tacos Gavilan Azusa,2025-06-25,Miércoles,10:00 AM,327.25,11:00 PM,150.24
Tacos Gavilan Rialto,2025-06-25,Miércoles,9:00 AM,195.67,11:00 PM,525.11
Tacos Gavilan Norwalk,2025-06-25,Miércoles,12:00 AM,639.15,11:00 PM,722.89
Tacos Gavilan La Puente,2025-06-25,Miércoles,9:00 AM,96.27,11:00 PM,425.38
Tacos Gavilan Huntington Park,2025-06-25,Miércoles,10:00 AM,154.48,11:00 PM,296.00
Tacos Gavilan West Covina,2025-06-25,Miércoles,12:00 AM,499.07,11:00 PM,537.94
Tacos Gavilan Slauson,2025-06-25,Miércoles,12:00 AM,604.91,11:00 PM,636.65
Tacos Gavilan Lynwood,2025-06-25,Miércoles,12:00 AM,664.90,11:00 PM,822.26
Tacos Gavilan Santa Ana,2025-06-26,Jueves,12:00 AM,5.69,11:00 PM,549.61
Tacos Gavilan La Puente,2025-06-26,Jueves,9:00 AM,107.97,11:00 PM,315.90
Tacos Gavilan LA Central,2025-06-26,Jueves,12:00 AM,808.21,11:00 PM,878.56
Tacos Gavilan South Gate,2025-06-26,Jueves,9:00 AM,71.38,11:00 PM,763.19
Tacos Gavilan Bell,2025-06-26,Jueves,9:00 AM,10.07,11:00 PM,231.70
Tacos Gavilan Downey,2025-06-26,Jueves,12:00 AM,269.96,11:00 PM,562.75
Tacos Gavilan Slauson,2025-06-26,Jueves,12:00 AM,657.90,11:00 PM,773.16
Tacos Gavilan Hollywood,2025-06-26,Jueves,8:00 AM,20.40,11:00 PM,481.14
Tacos Gavilan Azusa,2025-06-26,Jueves,9:00 AM,13.18,11:00 PM,565.10
Tacos Gavilan Rialto,2025-06-26,Jueves,12:00 AM,383.12,11:00 PM,679.22
Tacos Gavilan LA Broadway,2025-06-26,Jueves,12:00 AM,841.32,11:00 PM,644.79
Tacos Gavilan Norwalk,2025-06-26,Jueves,12:00 AM,928.11,11:00 PM,867.23
Tacos Gavilan Huntington Park,2025-06-26,Jueves,12:00 AM,455.31,11:00 PM,514.17
Tacos Gavilan West Covina,2025-06-26,Jueves,12:00 AM,620.17,11:00 PM,783.07
Tacos Gavilan Lynwood,2025-06-26,Jueves,12:00 AM,1245.31,11:00 PM,1010.90
Tacos Gavilan West Covina,2025-06-27,Viernes,12:00 AM,803.44,11:00 PM,995.34
Tacos Gavilan Santa Ana,2025-06-27,Viernes,12:00 AM,345.32,11:00 PM,723.21
Tacos Gavilan La Puente,2025-06-27,Viernes,12:00 AM,173.76,11:00 PM,593.87
Tacos Gavilan Azusa,2025-06-27,Viernes,12:00 AM,184.24,11:00 PM,179.04
Tacos Gavilan Huntington Park,2025-06-27,Viernes,12:00 AM,495.59,11:00 PM,556.91
Tacos Gavilan Lynwood,2025-06-27,Viernes,12:00 AM,1006.55,11:00 PM,1335.04
Tacos Gavilan Slauson,2025-06-27,Viernes,12:00 AM,789.35,11:00 PM,1066.29
Tacos Gavilan LA Broadway,2025-06-27,Viernes,12:00 AM,634.35,11:00 PM,762.12
Tacos Gavilan Downey,2025-06-27,Viernes,12:00 AM,479.29,11:00 PM,588.71
Tacos Gavilan Rialto,2025-06-27,Viernes,12:00 AM,972.51,11:00 PM,853.22
Tacos Gavilan Norwalk,2025-06-27,Viernes,12:00 AM,1350.39,11:00 PM,1304.61
Tacos Gavilan Bell,2025-06-27,Viernes,12:00 AM,318.62,11:00 PM,326.77
Tacos Gavilan LA Central,2025-06-27,Viernes,12:00 AM,1417.81,11:00 PM,1548.70
Tacos Gavilan Hollywood,2025-06-27,Viernes,12:00 AM,483.07,11:00 PM,791.70
Tacos Gavilan South Gate,2025-06-27,Viernes,12:00 AM,437.67,11:00 PM,991.20
Tacos Gavilan Santa Ana,2025-06-28,Sábado,12:00 AM,422.40,11:00 PM,1085.28
Tacos Gavilan La Puente,2025-06-28,Sábado,12:00 AM,446.34,11:00 PM,685.60
Tacos Gavilan Rialto,2025-06-28,Sábado,12:00 AM,927.60,11:00 PM,1100.53
Tacos Gavilan LA Central,2025-06-28,Sábado,12:00 AM,1666.12,11:00 PM,1585.52
Tacos Gavilan Huntington Park,2025-06-28,Sábado,12:00 AM,353.63,11:00 PM,739.68
Tacos Gavilan Slauson,2025-06-28,Sábado,12:00 AM,1358.79,11:00 PM,1008.73
Tacos Gavilan Azusa,2025-06-28,Sábado,12:00 AM,143.56,11:00 PM,584.25
Tacos Gavilan Norwalk,2025-06-28,Sábado,12:00 AM,1295.32,11:00 PM,1436.39
Tacos Gavilan Bell,2025-06-28,Sábado,12:00 AM,402.70,11:00 PM,435.83
Tacos Gavilan Downey,2025-06-28,Sábado,12:00 AM,798.76,11:00 PM,965.69
Tacos Gavilan LA Broadway,2025-06-28,Sábado,12:00 AM,802.84,11:00 PM,956.30
Tacos Gavilan West Covina,2025-06-28,Sábado,12:00 AM,743.74,11:00 PM,784.18
Tacos Gavilan South Gate,2025-06-28,Sábado,12:00 AM,602.13,11:00 PM,1015.32
Tacos Gavilan Lynwood,2025-06-28,Sábado,12:00 AM,1301.61,11:00 PM,1154.02
Tacos Gavilan Hollywood,2025-06-28,Sábado,12:00 AM,690.27,11:00 PM,617.55
Tacos Gavilan West Covina,2025-06-29,Domingo,12:00 AM,487.38,11:00 PM,737.04
Tacos Gavilan Santa Ana,2025-06-29,Domingo,10:00 AM,360.80,11:00 PM,379.84
Tacos Gavilan La Puente,2025-06-29,Domingo,9:00 AM,136.40,11:00 PM,346.34
Tacos Gavilan Rialto,2025-06-29,Domingo,12:00 AM,495.72,11:00 PM,801.98
Tacos Gavilan LA Central,2025-06-29,Domingo,12:00 AM,1239.77,11:00 PM,1453.11
Tacos Gavilan Hollywood,2025-06-29,Domingo,9:00 AM,295.41,11:00 PM,298.91
Tacos Gavilan Bell,2025-06-29,Domingo,10:00 AM,311.13,11:00 PM,183.53
Tacos Gavilan Huntington Park,2025-06-29,Domingo,9:00 AM,16.03,11:00 PM,203.00
Tacos Gavilan Azusa,2025-06-29,Domingo,10:00 AM,326.43,11:00 PM,334.18
Tacos Gavilan Downey,2025-06-29,Domingo,9:00 AM,420.04,11:00 PM,356.38
Tacos Gavilan LA Broadway,2025-06-29,Domingo,12:00 AM,769.06,11:00 PM,515.99
Tacos Gavilan Norwalk,2025-06-29,Domingo,12:00 AM,386.49,11:00 PM,1109.48
Tacos Gavilan South Gate,2025-06-29,Domingo,9:00 AM,24.76,11:00 PM,562.78
Tacos Gavilan Slauson,2025-06-29,Domingo,12:00 AM,981.48,11:00 PM,865.06
Tacos Gavilan Lynwood,2025-06-29,Domingo,12:00 AM,1282.97,11:00 PM,1164.17
Tacos Gavilan West Covina,2025-06-30,Lunes,12:00 AM,317.33,11:00 PM,485.32
Tacos Gavilan Santa Ana,2025-06-30,Lunes,10:00 AM,175.28,11:00 PM,358.44
Tacos Gavilan La Puente,2025-06-30,Lunes,9:00 AM,48.75,11:00 PM,314.02
Tacos Gavilan Downey,2025-06-30,Lunes,9:00 AM,192.41,11:00 PM,491.96
Tacos Gavilan Huntington Park,2025-06-30,Lunes,9:00 AM,29.70,11:00 PM,258.56
Tacos Gavilan Hollywood,2025-06-30,Lunes,9:00 AM,395.68,11:00 PM,315.09
Tacos Gavilan Rialto,2025-06-30,Lunes,9:00 AM,99.69,11:00 PM,499.63
Tacos Gavilan Norwalk,2025-06-30,Lunes,12:00 AM,429.00,11:00 PM,567.34
Tacos Gavilan Azusa,2025-06-30,Lunes,10:00 AM,174.16,11:00 PM,163.38
Tacos Gavilan LA Broadway,2025-06-30,Lunes,12:00 AM,490.81,11:00 PM,741.96
Tacos Gavilan LA Central,2025-06-30,Lunes,12:00 AM,1120.45,11:00 PM,797.44
Tacos Gavilan Bell,2025-06-30,Lunes,10:00 AM,233.62,11:00 PM,82.52
Tacos Gavilan Slauson,2025-06-30,Lunes,12:00 AM,324.11,11:00 PM,865.30
Tacos Gavilan Lynwood,2025-06-30,Lunes,12:00 AM,741.71,11:00 PM,799.26
Tacos Gavilan South Gate,2025-06-30,Lunes,9:00 AM,71.00,11:00 PM,381.38
Tacos Gavilan West Covina,2025-07-01,Martes,12:00 AM,365.52,11:00 PM,531.05
Tacos Gavilan Santa Ana,2025-07-01,Martes,10:00 AM,583.29,11:00 PM,506.14
Tacos Gavilan La Puente,2025-07-01,Martes,8:00 AM,37.74,11:00 PM,332.57
Tacos Gavilan Bell,2025-07-01,Martes,10:00 AM,193.44,11:00 PM,187.44
Tacos Gavilan Lynwood,2025-07-01,Martes,12:00 AM,826.22,11:00 PM,908.75
Tacos Gavilan Norwalk,2025-07-01,Martes,12:00 AM,744.01,11:00 PM,898.59
Tacos Gavilan Slauson,2025-07-01,Martes,12:00 AM,675.36,11:00 PM,797.81
Tacos Gavilan Hollywood,2025-07-01,Martes,8:00 AM,13.67,11:00 PM,310.56
Tacos Gavilan Downey,2025-07-01,Martes,8:00 AM,15.13,11:00 PM,408.44
Tacos Gavilan Azusa,2025-07-01,Martes,9:00 AM,9.45,11:00 PM,203.92
Tacos Gavilan Rialto,2025-07-01,Martes,9:00 AM,189.90,11:00 PM,642.60
Tacos Gavilan LA Broadway,2025-07-01,Martes,12:00 AM,441.63,11:00 PM,1122.70
Tacos Gavilan Huntington Park,2025-07-01,Martes,10:00 AM,388.76,11:00 PM,236.49
Tacos Gavilan LA Central,2025-07-01,Martes,12:00 AM,1239.85,11:00 PM,920.84
Tacos Gavilan South Gate,2025-07-01,Martes,8:00 AM,10.38,11:00 PM,530.28
Tacos Gavilan West Covina,2025-07-02,Miércoles,12:00 AM,599.80,11:00 PM,761.11
Tacos Gavilan Santa Ana,2025-07-02,Miércoles,9:00 AM,15.15,11:00 PM,515.93
Tacos Gavilan La Puente,2025-07-02,Miércoles,9:00 AM,12.95,11:00 PM,290.96
Tacos Gavilan Rialto,2025-07-02,Miércoles,9:00 AM,110.69,11:00 PM,503.04
Tacos Gavilan South Gate,2025-07-02,Miércoles,9:00 AM,205.47,11:00 PM,787.01
Tacos Gavilan Bell,2025-07-02,Miércoles,9:00 AM,18.86,11:00 PM,201.59
Tacos Gavilan Huntington Park,2025-07-02,Miércoles,10:00 AM,213.69,11:00 PM,387.37
Tacos Gavilan Lynwood,2025-07-02,Miércoles,12:00 AM,907.67,11:00 PM,1269.78
Tacos Gavilan Norwalk,2025-07-02,Miércoles,12:00 AM,745.48,11:00 PM,775.28
Tacos Gavilan Slauson,2025-07-02,Miércoles,12:00 AM,257.99,11:00 PM,608.39
Tacos Gavilan Hollywood,2025-07-02,Miércoles,8:00 AM,17.18,11:00 PM,560.24
Tacos Gavilan Azusa,2025-07-02,Miércoles,9:00 AM,21.77,11:00 PM,183.74
Tacos Gavilan Downey,2025-07-02,Miércoles,9:00 AM,320.15,11:00 PM,340.06
Tacos Gavilan LA Broadway,2025-07-02,Miércoles,12:00 AM,760.21,11:00 PM,435.66
Tacos Gavilan LA Central,2025-07-02,Miércoles,12:00 AM,1182.77,11:00 PM,1035.57
Tacos Gavilan West Covina,2025-07-03,Jueves,12:00 AM,943.22,11:00 PM,1434.72
Tacos Gavilan Santa Ana,2025-07-03,Jueves,9:00 AM,25.77,11:00 PM,702.68
Tacos Gavilan La Puente,2025-07-03,Jueves,9:00 AM,52.57,11:00 PM,497.03
Tacos Gavilan Rialto,2025-07-03,Jueves,12:00 AM,1097.27,11:00 PM,886.85
Tacos Gavilan LA Central,2025-07-03,Jueves,12:00 AM,1073.67,11:00 PM,1633.71
Tacos Gavilan South Gate,2025-07-03,Jueves,9:00 AM,156.15,11:00 PM,806.21
Tacos Gavilan Bell,2025-07-03,Jueves,9:00 AM,20.47,11:00 PM,389.74
Tacos Gavilan Lynwood,2025-07-03,Jueves,12:00 AM,1369.24,11:00 PM,1910.54
Tacos Gavilan Norwalk,2025-07-03,Jueves,12:00 AM,997.90,11:00 PM,1224.81
Tacos Gavilan Slauson,2025-07-03,Jueves,12:00 AM,725.61,11:00 PM,1159.45
Tacos Gavilan Downey,2025-07-03,Jueves,12:00 AM,385.14,11:00 PM,740.92
Tacos Gavilan Huntington Park,2025-07-03,Jueves,12:00 AM,380.04,11:00 PM,620.39
Tacos Gavilan Azusa,2025-07-03,Jueves,10:00 AM,193.26,11:00 PM,595.03
Tacos Gavilan LA Broadway,2025-07-03,Jueves,12:00 AM,1336.27,11:00 PM,900.43
Tacos Gavilan Hollywood,2025-07-03,Jueves,9:00 AM,151.74,11:00 PM,746.09
Tacos Gavilan West Covina,2025-07-04,Viernes,12:00 AM,522.94,11:00 PM,987.88
Tacos Gavilan Santa Ana,2025-07-04,Viernes,12:00 AM,742.88,11:00 PM,592.05
Tacos Gavilan La Puente,2025-07-04,Viernes,12:00 AM,342.50,11:00 PM,680.11
Tacos Gavilan Rialto,2025-07-04,Viernes,12:00 AM,579.02,11:00 PM,688.78
Tacos Gavilan LA Central,2025-07-04,Viernes,12:00 AM,904.10,11:00 PM,1121.88
Tacos Gavilan South Gate,2025-07-04,Viernes,12:00 AM,209.54,11:00 PM,1017.43
Tacos Gavilan Bell,2025-07-04,Viernes,12:00 AM,187.03,11:00 PM,501.80
Tacos Gavilan Downey,2025-07-04,Viernes,12:00 AM,267.41,11:00 PM,1149.28
Tacos Gavilan Huntington Park,2025-07-04,Viernes,12:00 AM,578.07,11:00 PM,541.94
Tacos Gavilan Lynwood,2025-07-04,Viernes,12:00 AM,550.79,11:00 PM,1011.01
Tacos Gavilan Slauson,2025-07-04,Viernes,12:00 AM,701.54,11:00 PM,1207.80
Tacos Gavilan Hollywood,2025-07-04,Viernes,12:00 AM,421.94,11:00 PM,738.95
Tacos Gavilan LA Broadway,2025-07-04,Viernes,12:00 AM,545.18,11:00 PM,777.66
Tacos Gavilan Azusa,2025-07-04,Viernes,12:00 AM,302.95,11:00 PM,433.61
Tacos Gavilan Norwalk,2025-07-04,Viernes,12:00 AM,711.21,11:00 PM,1057.40
Tacos Gavilan West Covina,2025-07-05,Sábado,12:00 AM,536.33,11:00 PM,520.42
Tacos Gavilan Santa Ana,2025-07-05,Sábado,12:00 AM,446.08,11:00 PM,990.13
Tacos Gavilan La Puente,2025-07-05,Sábado,12:00 AM,187.88,11:00 PM,445.68
Tacos Gavilan Rialto,2025-07-05,Sábado,12:00 AM,562.21,11:00 PM,1030.66
Tacos Gavilan LA Central,2025-07-05,Sábado,12:00 AM,1128.56,11:00 PM,1338.92
Tacos Gavilan South Gate,2025-07-05,Sábado,12:00 AM,602.65,11:00 PM,926.53
Tacos Gavilan Bell,2025-07-05,Sábado,12:00 AM,275.17,11:00 PM,267.79
Tacos Gavilan Huntington Park,2025-07-05,Sábado,12:00 AM,417.33,11:00 PM,519.43
Tacos Gavilan Lynwood,2025-07-05,Sábado,12:00 AM,932.18,11:00 PM,1125.17
Tacos Gavilan Slauson,2025-07-05,Sábado,12:00 AM,518.26,11:00 PM,965.33
Tacos Gavilan Hollywood,2025-07-05,Sábado,12:00 AM,483.26,11:00 PM,522.94
Tacos Gavilan LA Broadway,2025-07-05,Sábado,12:00 AM,712.87,11:00 PM,688.02
Tacos Gavilan Azusa,2025-07-05,Sábado,12:00 AM,232.93,11:00 PM,460.36
Tacos Gavilan Norwalk,2025-07-05,Sábado,12:00 AM,649.02,11:00 PM,1034.64
Tacos Gavilan Downey,2025-07-05,Sábado,12:00 AM,425.50,11:00 PM,479.13
Tacos Gavilan West Covina,2025-07-06,Domingo,12:00 AM,356.11,11:00 PM,835.84
Tacos Gavilan Santa Ana,2025-07-06,Domingo,10:00 AM,250.26,11:00 PM,476.62
Tacos Gavilan La Puente,2025-07-06,Domingo,12:00 AM,4.49,11:00 PM,219.15
Tacos Gavilan South Gate,2025-07-06,Domingo,10:00 AM,491.74,11:00 PM,547.25
Tacos Gavilan Bell,2025-07-06,Domingo,9:00 AM,11.45,11:00 PM,265.59
Tacos Gavilan Huntington Park,2025-07-06,Domingo,10:00 AM,220.38,11:00 PM,506.02
Tacos Gavilan Lynwood,2025-07-06,Domingo,12:00 AM,732.99,11:00 PM,715.25
Tacos Gavilan Norwalk,2025-07-06,Domingo,12:00 AM,368.54,11:00 PM,1002.32
Tacos Gavilan Slauson,2025-07-06,Domingo,12:00 AM,474.94,11:00 PM,623.78
Tacos Gavilan Hollywood,2025-07-06,Domingo,9:00 AM,154.66,11:00 PM,702.38
Tacos Gavilan Azusa,2025-07-06,Domingo,9:00 AM,53.18,11:00 PM,202.40
Tacos Gavilan Rialto,2025-07-06,Domingo,12:00 AM,478.05,11:00 PM,597.26
Tacos Gavilan Downey,2025-07-06,Domingo,9:00 AM,179.69,11:00 PM,458.82
Tacos Gavilan LA Broadway,2025-07-06,Domingo,12:00 AM,603.99,11:00 PM,659.25
Tacos Gavilan LA Central,2025-07-06,Domingo,12:00 AM,1152.14,11:00 PM,879.57
Tacos Gavilan West Covina,2025-07-07,Lunes,12:00 AM,331.87,11:00 PM,482.21
Tacos Gavilan Santa Ana,2025-07-07,Lunes,10:00 AM,300.66,11:00 PM,270.97
Tacos Gavilan La Puente,2025-07-07,Lunes,9:00 AM,25.33,11:00 PM,403.67
Tacos Gavilan Rialto,2025-07-07,Lunes,9:00 AM,100.87,11:00 PM,634.45
Tacos Gavilan South Gate,2025-07-07,Lunes,9:00 AM,50.12,11:00 PM,316.02
Tacos Gavilan Bell,2025-07-07,Lunes,9:00 AM,4.49,11:00 PM,128.35
Tacos Gavilan Huntington Park,2025-07-07,Lunes,9:00 AM,26.36,11:00 PM,268.45
Tacos Gavilan Lynwood,2025-07-07,Lunes,12:00 AM,753.02,11:00 PM,964.92
Tacos Gavilan Norwalk,2025-07-07,Lunes,12:00 AM,470.98,11:00 PM,715.85
Tacos Gavilan Slauson,2025-07-07,Lunes,12:00 AM,386.87,11:00 PM,469.58
Tacos Gavilan Hollywood,2025-07-07,Lunes,9:00 AM,189.36,11:00 PM,294.78
Tacos Gavilan LA Broadway,2025-07-07,Lunes,12:00 AM,581.97,11:00 PM,745.23
Tacos Gavilan Azusa,2025-07-07,Lunes,10:00 AM,406.46,11:00 PM,150.11
Tacos Gavilan Downey,2025-07-07,Lunes,8:00 AM,21.75,11:00 PM,282.20
Tacos Gavilan LA Central,2025-07-07,Lunes,12:00 AM,574.86,11:00 PM,916.44
Tacos Gavilan West Covina,2025-07-08,Martes,12:00 AM,265.86,11:00 PM,520.67
Tacos Gavilan Santa Ana,2025-07-08,Martes,10:00 AM,785.35,11:00 PM,553.72
Tacos Gavilan La Puente,2025-07-08,Martes,9:00 AM,117.11,11:00 PM,362.97
Tacos Gavilan South Gate,2025-07-08,Martes,9:00 AM,83.85,11:00 PM,508.46
Tacos Gavilan Bell,2025-07-08,Martes,10:00 AM,275.64,11:00 PM,219.60
Tacos Gavilan Huntington Park,2025-07-08,Martes,9:00 AM,9.09,11:00 PM,237.31
Tacos Gavilan Lynwood,2025-07-08,Martes,12:00 AM,645.83,11:00 PM,936.37
Tacos Gavilan Slauson,2025-07-08,Martes,12:00 AM,164.63,11:00 PM,649.99
Tacos Gavilan Hollywood,2025-07-08,Martes,9:00 AM,383.37,11:00 PM,412.13
Tacos Gavilan Downey,2025-07-08,Martes,8:00 AM,15.13,11:00 PM,251.07
Tacos Gavilan Norwalk,2025-07-08,Martes,12:00 AM,539.81,11:00 PM,553.90
Tacos Gavilan Azusa,2025-07-08,Martes,10:00 AM,431.84,11:00 PM,356.31
Tacos Gavilan Rialto,2025-07-08,Martes,9:00 AM,250.38,11:00 PM,442.83
Tacos Gavilan LA Central,2025-07-08,Martes,12:00 AM,747.60,11:00 PM,1276.21
Tacos Gavilan LA Broadway,2025-07-08,Martes,12:00 AM,548.59,11:00 PM,571.97
Tacos Gavilan West Covina,2025-07-09,Miércoles,12:00 AM,684.39,11:00 PM,615.83
Tacos Gavilan Santa Ana,2025-07-09,Miércoles,10:00 AM,349.98,11:00 PM,537.71
Tacos Gavilan La Puente,2025-07-09,Miércoles,9:00 AM,11.88,11:00 PM,262.37
Tacos Gavilan Rialto,2025-07-09,Miércoles,12:00 AM,11.38,11:00 PM,529.02
Tacos Gavilan South Gate,2025-07-09,Miércoles,9:00 AM,74.37,11:00 PM,498.00
Tacos Gavilan Bell,2025-07-09,Miércoles,10:00 AM,260.72,11:00 PM,114.50
Tacos Gavilan Huntington Park,2025-07-09,Miércoles,10:00 AM,464.51,11:00 PM,421.36
Tacos Gavilan Lynwood,2025-07-09,Miércoles,12:00 AM,620.78,11:00 PM,776.52
Tacos Gavilan Norwalk,2025-07-09,Miércoles,12:00 AM,514.81,11:00 PM,701.33
Tacos Gavilan Slauson,2025-07-09,Miércoles,12:00 AM,539.84,11:00 PM,456.63
Tacos Gavilan Hollywood,2025-07-09,Miércoles,9:00 AM,254.97,11:00 PM,556.79
Tacos Gavilan Downey,2025-07-09,Miércoles,9:00 AM,222.81,11:00 PM,389.27
Tacos Gavilan LA Central,2025-07-09,Miércoles,12:00 AM,752.78,11:00 PM,904.52
Tacos Gavilan Azusa,2025-07-09,Miércoles,9:00 AM,13.18,11:00 PM,193.66
Tacos Gavilan LA Broadway,2025-07-09,Miércoles,12:00 AM,328.11,11:00 PM,791.99
Tacos Gavilan West Covina,2025-07-10,Jueves,12:00 AM,496.30,11:00 PM,628.54
Tacos Gavilan Santa Ana,2025-07-10,Jueves,10:00 AM,342.02,11:00 PM,444.96
Tacos Gavilan La Puente,2025-07-10,Jueves,9:00 AM,8.88,11:00 PM,421.63
Tacos Gavilan Rialto,2025-07-10,Jueves,12:00 AM,409.45,11:00 PM,732.82
Tacos Gavilan South Gate,2025-07-10,Jueves,9:00 AM,229.22,11:00 PM,565.66
Tacos Gavilan Bell,2025-07-10,Jueves,10:00 AM,215.67,11:00 PM,285.79
Tacos Gavilan Downey,2025-07-10,Jueves,12:00 AM,321.98,11:00 PM,337.85
Tacos Gavilan Huntington Park,2025-07-10,Jueves,12:00 AM,330.26,11:00 PM,455.41
Tacos Gavilan Lynwood,2025-07-10,Jueves,12:00 AM,824.01,11:00 PM,1044.75
Tacos Gavilan Slauson,2025-07-10,Jueves,12:00 AM,326.99,11:00 PM,814.49
Tacos Gavilan Hollywood,2025-07-10,Jueves,12:00 AM,6.59,11:00 PM,488.03
Tacos Gavilan LA Broadway,2025-07-10,Jueves,12:00 AM,783.90,11:00 PM,635.13
Tacos Gavilan Azusa,2025-07-10,Jueves,9:00 AM,8.59,11:00 PM,305.75
Tacos Gavilan Norwalk,2025-07-10,Jueves,12:00 AM,626.54,11:00 PM,763.82
Tacos Gavilan LA Central,2025-07-10,Jueves,12:00 AM,849.32,11:00 PM,755.80
Tacos Gavilan West Covina,2025-07-11,Viernes,12:00 AM,602.44,11:00 PM,1241.55
Tacos Gavilan Rialto,2025-07-11,Viernes,12:00 AM,602.23,11:00 PM,994.99
Tacos Gavilan LA Central,2025-07-11,Viernes,12:00 AM,1017.95,11:00 PM,2006.85
Tacos Gavilan South Gate,2025-07-11,Viernes,12:00 AM,905.14,11:00 PM,923.55
Tacos Gavilan Bell,2025-07-11,Viernes,12:00 AM,423.28,11:00 PM,372.19
Tacos Gavilan Huntington Park,2025-07-11,Viernes,12:00 AM,347.76,11:00 PM,624.44
Tacos Gavilan Lynwood,2025-07-11,Viernes,12:00 AM,832.05,11:00 PM,1469.68
Tacos Gavilan Norwalk,2025-07-11,Viernes,12:00 AM,643.58,11:00 PM,1094.29
Tacos Gavilan Slauson,2025-07-11,Viernes,12:00 AM,543.07,11:00 PM,702.63
Tacos Gavilan Hollywood,2025-07-11,Viernes,12:00 AM,510.54,11:00 PM,648.34
Tacos Gavilan Downey,2025-07-11,Viernes,12:00 AM,494.62,11:00 PM,688.81
Tacos Gavilan LA Broadway,2025-07-11,Viernes,12:00 AM,712.56,11:00 PM,1305.68
Tacos Gavilan La Puente,2025-07-11,Viernes,12:00 AM,344.13,11:00 PM,710.42
Tacos Gavilan Azusa,2025-07-11,Viernes,12:00 AM,271.08,11:00 PM,481.95
Tacos Gavilan Santa Ana,2025-07-11,Viernes,12:00 AM,294.35,11:00 PM,513.75
Tacos Gavilan West Covina,2025-07-12,Sábado,12:00 AM,831.81,11:00 PM,890.77
Tacos Gavilan Rialto,2025-07-12,Sábado,12:00 AM,705.80,11:00 PM,1175.59
Tacos Gavilan South Gate,2025-07-12,Sábado,12:00 AM,664.15,11:00 PM,991.49
Tacos Gavilan Bell,2025-07-12,Sábado,12:00 AM,422.54,11:00 PM,336.50
Tacos Gavilan Downey,2025-07-12,Sábado,12:00 AM,903.74,11:00 PM,684.65
Tacos Gavilan Huntington Park,2025-07-12,Sábado,12:00 AM,581.37,11:00 PM,668.93
Tacos Gavilan Lynwood,2025-07-12,Sábado,12:00 AM,963.80,11:00 PM,1320.49
Tacos Gavilan Norwalk,2025-07-12,Sábado,12:00 AM,849.97,11:00 PM,1431.88
Tacos Gavilan Slauson,2025-07-12,Sábado,12:00 AM,836.08,11:00 PM,906.28
Tacos Gavilan Hollywood,2025-07-12,Sábado,12:00 AM,628.79,11:00 PM,1062.68
Tacos Gavilan LA Central,2025-07-12,Sábado,12:00 AM,1074.73,11:00 PM,1492.96
Tacos Gavilan Azusa,2025-07-12,Sábado,12:00 AM,233.06,11:00 PM,481.79
Tacos Gavilan LA Broadway,2025-07-12,Sábado,12:00 AM,803.23,11:00 PM,1134.20
Tacos Gavilan La Puente,2025-07-12,Sábado,12:00 AM,846.06,11:00 PM,629.12
Tacos Gavilan Santa Ana,2025-07-12,Sábado,12:00 AM,676.18,11:00 PM,680.96
Tacos Gavilan West Covina,2025-07-13,Domingo,12:00 AM,591.83,11:00 PM,685.10
Tacos Gavilan Santa Ana,2025-07-13,Domingo,10:00 AM,594.55,11:00 PM,726.03
Tacos Gavilan La Puente,2025-07-13,Domingo,9:00 AM,151.10,11:00 PM,326.51
Tacos Gavilan Rialto,2025-07-13,Domingo,12:00 AM,513.67,11:00 PM,521.82
Tacos Gavilan LA Central,2025-07-13,Domingo,12:00 AM,1323.15,11:00 PM,1560.91
Tacos Gavilan South Gate,2025-07-13,Domingo,9:00 AM,34.31,11:00 PM,762.64
Tacos Gavilan Bell,2025-07-13,Domingo,10:00 AM,210.83,11:00 PM,219.73
Tacos Gavilan Huntington Park,2025-07-13,Domingo,9:00 AM,13.08,11:00 PM,414.66
Tacos Gavilan Lynwood,2025-07-13,Domingo,12:00 AM,808.07,11:00 PM,1095.54
Tacos Gavilan Norwalk,2025-07-13,Domingo,12:00 AM,486.27,11:00 PM,890.76
Tacos Gavilan Slauson,2025-07-13,Domingo,12:00 AM,638.00,11:00 PM,754.60
Tacos Gavilan Hollywood,2025-07-13,Domingo,9:00 AM,194.51,11:00 PM,814.98
Tacos Gavilan Azusa,2025-07-13,Domingo,10:00 AM,338.99,11:00 PM,234.39
Tacos Gavilan Downey,2025-07-13,Domingo,9:00 AM,181.02,11:00 PM,298.85
Tacos Gavilan LA Broadway,2025-07-13,Domingo,12:00 AM,606.96,11:00 PM,864.55
Tacos Gavilan West Covina,2025-07-14,Lunes,12:00 AM,253.51,11:00 PM,439.32
Tacos Gavilan Santa Ana,2025-07-14,Lunes,10:00 AM,306.20,11:00 PM,352.47
Tacos Gavilan La Puente,2025-07-14,Lunes,9:00 AM,9.24,11:00 PM,218.03
Tacos Gavilan Rialto,2025-07-14,Lunes,9:00 AM,95.30,11:00 PM,387.09
Tacos Gavilan LA Central,2025-07-14,Lunes,12:00 AM,759.29,11:00 PM,822.69
Tacos Gavilan South Gate,2025-07-14,Lunes,9:00 AM,55.70,11:00 PM,422.99
Tacos Gavilan Bell,2025-07-14,Lunes,10:00 AM,202.09,11:00 PM,264.11
Tacos Gavilan Downey,2025-07-14,Lunes,8:00 AM,21.25,11:00 PM,301.43
Tacos Gavilan Huntington Park,2025-07-14,Lunes,10:00 AM,423.12,11:00 PM,549.25
Tacos Gavilan Lynwood,2025-07-14,Lunes,12:00 AM,462.61,11:00 PM,972.62
Tacos Gavilan Norwalk,2025-07-14,Lunes,12:00 AM,493.43,11:00 PM,407.78
Tacos Gavilan Slauson,2025-07-14,Lunes,12:00 AM,165.44,11:00 PM,718.08
Tacos Gavilan Hollywood,2025-07-14,Lunes,9:00 AM,250.30,11:00 PM,365.29
Tacos Gavilan Azusa,2025-07-14,Lunes,10:00 AM,310.64,11:00 PM,175.74
Tacos Gavilan LA Broadway,2025-07-14,Lunes,12:00 AM,484.52,11:00 PM,677.54
Tacos Gavilan West Covina,2025-07-15,Martes,12:00 AM,286.90,11:00 PM,481.22
Tacos Gavilan Santa Ana,2025-07-15,Martes,10:00 AM,369.60,11:00 PM,424.00
Tacos Gavilan La Puente,2025-07-15,Martes,10:00 AM,587.03,11:00 PM,330.28
Tacos Gavilan Rialto,2025-07-15,Martes,8:00 AM,8.96,11:00 PM,511.12
Tacos Gavilan LA Central,2025-07-15,Martes,12:00 AM,762.92,11:00 PM,934.67
Tacos Gavilan South Gate,2025-07-15,Martes,9:00 AM,105.91,11:00 PM,391.16
Tacos Gavilan Bell,2025-07-15,Martes,10:00 AM,170.24,11:00 PM,134.15
Tacos Gavilan Downey,2025-07-15,Martes,8:00 AM,17.75,11:00 PM,275.31
Tacos Gavilan Huntington Park,2025-07-15,Martes,10:00 AM,187.13,11:00 PM,241.27
Tacos Gavilan Lynwood,2025-07-15,Martes,12:00 AM,541.99,11:00 PM,720.09
Tacos Gavilan LA Broadway,2025-07-15,Martes,12:00 AM,327.00,11:00 PM,707.39
Tacos Gavilan Azusa,2025-07-15,Martes,10:00 AM,489.25,11:00 PM,254.51
Tacos Gavilan Norwalk,2025-07-15,Martes,12:00 AM,646.75,11:00 PM,712.78
Tacos Gavilan Hollywood,2025-07-15,Martes,8:00 AM,14.67,11:00 PM,436.49
Tacos Gavilan Slauson,2025-07-15,Martes,12:00 AM,366.12,11:00 PM,470.00
Tacos Gavilan West Covina,2025-07-16,Miércoles,12:00 AM,444.73,11:00 PM,602.57
Tacos Gavilan Santa Ana,2025-07-16,Miércoles,10:00 AM,382.30,11:00 PM,353.60
Tacos Gavilan Rialto,2025-07-16,Miércoles,9:00 AM,383.12,11:00 PM,496.66
Tacos Gavilan South Gate,2025-07-16,Miércoles,9:00 AM,23.96,11:00 PM,602.62
Tacos Gavilan Bell,2025-07-16,Miércoles,10:00 AM,189.93,11:00 PM,130.29
Tacos Gavilan Huntington Park,2025-07-16,Miércoles,10:00 AM,471.06,11:00 PM,495.80
Tacos Gavilan Lynwood,2025-07-16,Miércoles,12:00 AM,686.17,11:00 PM,728.24
Tacos Gavilan Norwalk,2025-07-16,Miércoles,12:00 AM,633.32,11:00 PM,639.76
Tacos Gavilan Slauson,2025-07-16,Miércoles,12:00 AM,383.75,11:00 PM,739.54
Tacos Gavilan Hollywood,2025-07-16,Miércoles,8:00 AM,30.06,11:00 PM,537.25
Tacos Gavilan LA Central,2025-07-16,Miércoles,12:00 AM,1001.35,11:00 PM,842.18
Tacos Gavilan Azusa,2025-07-16,Miércoles,10:00 AM,90.33,11:00 PM,159.38
Tacos Gavilan Downey,2025-07-16,Miércoles,9:00 AM,206.15,11:00 PM,455.52
Tacos Gavilan LA Broadway,2025-07-16,Miércoles,12:00 AM,424.70,11:00 PM,726.79
Tacos Gavilan La Puente,2025-07-16,Miércoles,9:00 AM,40.80,11:00 PM,285.87
Tacos Gavilan West Covina,2025-07-17,Jueves,12:00 AM,410.21,11:00 PM,961.43
Tacos Gavilan Santa Ana,2025-07-17,Jueves,10:00 AM,363.52,11:00 PM,473.84
Tacos Gavilan La Puente,2025-07-17,Jueves,9:00 AM,12.27,11:00 PM,140.95
Tacos Gavilan Azusa,2025-07-17,Jueves,9:00 AM,27.04,11:00 PM,212.53
Tacos Gavilan LA Central,2025-07-17,Jueves,12:00 AM,854.16,11:00 PM,984.99
Tacos Gavilan South Gate,2025-07-17,Jueves,8:00 AM,4.58,11:00 PM,404.85
Tacos Gavilan Bell,2025-07-17,Jueves,12:00 AM,27.05,11:00 PM,200.02
Tacos Gavilan Huntington Park,2025-07-17,Jueves,12:00 AM,509.69,11:00 PM,288.49
Tacos Gavilan Lynwood,2025-07-17,Jueves,12:00 AM,628.55,11:00 PM,1077.76
Tacos Gavilan Norwalk,2025-07-17,Jueves,12:00 AM,744.52,11:00 PM,727.04
Tacos Gavilan Slauson,2025-07-17,Jueves,12:00 AM,452.44,11:00 PM,641.36
Tacos Gavilan Hollywood,2025-07-17,Jueves,12:00 AM,25.27,11:00 PM,412.85
Tacos Gavilan Downey,2025-07-17,Jueves,12:00 AM,168.68,11:00 PM,305.63
Tacos Gavilan Rialto,2025-07-17,Jueves,12:00 AM,354.54,11:00 PM,591.82
Tacos Gavilan LA Broadway,2025-07-17,Jueves,12:00 AM,638.07,11:00 PM,515.79
Tacos Gavilan West Covina,2025-07-18,Viernes,12:00 AM,661.77,11:00 PM,1133.34
Tacos Gavilan Santa Ana,2025-07-18,Viernes,12:00 AM,481.68,11:00 PM,442.06
Tacos Gavilan La Puente,2025-07-18,Viernes,12:00 AM,328.85,11:00 PM,512.66
Tacos Gavilan Rialto,2025-07-18,Viernes,12:00 AM,651.79,11:00 PM,976.29
Tacos Gavilan LA Central,2025-07-18,Viernes,12:00 AM,1412.43,11:00 PM,1487.15
Tacos Gavilan South Gate,2025-07-18,Viernes,12:00 AM,870.33,11:00 PM,1003.84
Tacos Gavilan Bell,2025-07-18,Viernes,12:00 AM,243.09,11:00 PM,284.76
Tacos Gavilan Huntington Park,2025-07-18,Viernes,12:00 AM,364.31,11:00 PM,669.64
Tacos Gavilan Lynwood,2025-07-18,Viernes,12:00 AM,948.20,11:00 PM,1622.30
Tacos Gavilan Norwalk,2025-07-18,Viernes,12:00 AM,713.78,11:00 PM,1442.49
Tacos Gavilan Slauson,2025-07-18,Viernes,12:00 AM,1015.34,11:00 PM,839.89
Tacos Gavilan Hollywood,2025-07-18,Viernes,12:00 AM,455.50,11:00 PM,750.59
Tacos Gavilan Downey,2025-07-18,Viernes,12:00 AM,589.06,11:00 PM,638.37
Tacos Gavilan Azusa,2025-07-18,Viernes,12:00 AM,224.40,11:00 PM,501.76
Tacos Gavilan LA Broadway,2025-07-18,Viernes,12:00 AM,502.72,11:00 PM,1130.35
Tacos Gavilan West Covina,2025-07-19,Sábado,12:00 AM,1172.30,11:00 PM,1316.25
Tacos Gavilan Santa Ana,2025-07-19,Sábado,12:00 AM,484.24,11:00 PM,1442.31
Tacos Gavilan La Puente,2025-07-19,Sábado,12:00 AM,432.53,11:00 PM,462.68
Tacos Gavilan Rialto,2025-07-19,Sábado,12:00 AM,1125.84,11:00 PM,838.37
Tacos Gavilan South Gate,2025-07-19,Sábado,12:00 AM,1218.97,11:00 PM,1525.09
Tacos Gavilan Bell,2025-07-19,Sábado,12:00 AM,368.62,11:00 PM,422.43
Tacos Gavilan Huntington Park,2025-07-19,Sábado,12:00 AM,589.21,11:00 PM,638.85
Tacos Gavilan Lynwood,2025-07-19,Sábado,12:00 AM,826.80,11:00 PM,1741.85
Tacos Gavilan Norwalk,2025-07-19,Sábado,12:00 AM,1060.08,11:00 PM,1699.74
Tacos Gavilan Slauson,2025-07-19,Sábado,12:00 AM,1266.41,11:00 PM,880.14
Tacos Gavilan Hollywood,2025-07-19,Sábado,12:00 AM,584.98,11:00 PM,706.66
Tacos Gavilan Azusa,2025-07-19,Sábado,12:00 AM,464.35,11:00 PM,359.79
Tacos Gavilan Downey,2025-07-19,Sábado,12:00 AM,1075.17,11:00 PM,1028.45
Tacos Gavilan LA Broadway,2025-07-19,Sábado,12:00 AM,1028.10,11:00 PM,1122.78
Tacos Gavilan LA Central,2025-07-19,Sábado,12:00 AM,1720.33,11:00 PM,1930.75
Tacos Gavilan West Covina,2025-07-20,Domingo,12:00 AM,781.49,11:00 PM,644.37
Tacos Gavilan Santa Ana,2025-07-20,Domingo,10:00 AM,329.55,11:00 PM,518.87
Tacos Gavilan La Puente,2025-07-20,Domingo,9:00 AM,107.25,11:00 PM,449.14
Tacos Gavilan South Gate,2025-07-20,Domingo,9:00 AM,8.59,11:00 PM,820.41
Tacos Gavilan Bell,2025-07-20,Domingo,10:00 AM,241.37,11:00 PM,226.05
Tacos Gavilan Huntington Park,2025-07-20,Domingo,10:00 AM,346.61,11:00 PM,510.88
Tacos Gavilan Lynwood,2025-07-20,Domingo,12:00 AM,795.53,11:00 PM,842.65
Tacos Gavilan Norwalk,2025-07-20,Domingo,12:00 AM,550.29,11:00 PM,726.79
Tacos Gavilan Slauson,2025-07-20,Domingo,12:00 AM,393.89,11:00 PM,810.50
Tacos Gavilan Hollywood,2025-07-20,Domingo,8:00 AM,9.89,11:00 PM,564.42
Tacos Gavilan Downey,2025-07-20,Domingo,9:00 AM,249.57,11:00 PM,420.11
Tacos Gavilan Azusa,2025-07-20,Domingo,10:00 AM,371.80,11:00 PM,217.84
Tacos Gavilan LA Central,2025-07-20,Domingo,12:00 AM,565.64,11:00 PM,895.35
Tacos Gavilan LA Broadway,2025-07-20,Domingo,12:00 AM,607.40,11:00 PM,870.46
Tacos Gavilan Rialto,2025-07-20,Domingo,12:00 AM,424.76,11:00 PM,661.08
Tacos Gavilan West Covina,2025-07-21,Lunes,12:00 AM,256.05,11:00 PM,742.61
Tacos Gavilan Santa Ana,2025-07-21,Lunes,10:00 AM,149.71,11:00 PM,253.55
Tacos Gavilan La Puente,2025-07-21,Lunes,9:00 AM,60.17,11:00 PM,251.41
Tacos Gavilan Rialto,2025-07-21,Lunes,9:00 AM,80.55,11:00 PM,390.73
Tacos Gavilan LA Central,2025-07-21,Lunes,12:00 AM,772.60,11:00 PM,832.66
Tacos Gavilan South Gate,2025-07-21,Lunes,9:00 AM,96.10,11:00 PM,414.84
Tacos Gavilan Bell,2025-07-21,Lunes,12:00 AM,9.97,11:00 PM,218.92
Tacos Gavilan Huntington Park,2025-07-21,Lunes,10:00 AM,343.66,11:00 PM,332.65
Tacos Gavilan Lynwood,2025-07-21,Lunes,12:00 AM,592.66,11:00 PM,929.99
Tacos Gavilan Norwalk,2025-07-21,Lunes,12:00 AM,544.24,11:00 PM,484.59
Tacos Gavilan Slauson,2025-07-21,Lunes,12:00 AM,444.51,11:00 PM,731.26
Tacos Gavilan Hollywood,2025-07-21,Lunes,9:00 AM,281.34,11:00 PM,407.29
Tacos Gavilan Azusa,2025-07-21,Lunes,10:00 AM,105.68,11:00 PM,263.56
Tacos Gavilan Downey,2025-07-21,Lunes,8:00 AM,9.16,11:00 PM,417.43
Tacos Gavilan LA Broadway,2025-07-21,Lunes,12:00 AM,775.62,11:00 PM,464.86
Tacos Gavilan West Covina,2025-07-22,Martes,12:00 AM,449.62,11:00 PM,784.44
Tacos Gavilan Santa Ana,2025-07-22,Martes,10:00 AM,257.19,11:00 PM,329.24
Tacos Gavilan La Puente,2025-07-22,Martes,10:00 AM,342.76,11:00 PM,258.82
Tacos Gavilan Rialto,2025-07-22,Martes,12:00 AM,1.85,11:00 PM,650.37
Tacos Gavilan South Gate,2025-07-22,Martes,9:00 AM,119.26,11:00 PM,643.59
Tacos Gavilan Bell,2025-07-22,Martes,10:00 AM,174.32,11:00 PM,126.31
Tacos Gavilan Huntington Park,2025-07-22,Martes,9:00 AM,14.63,11:00 PM,262.81
Tacos Gavilan Lynwood,2025-07-22,Martes,12:00 AM,680.40,11:00 PM,1078.84
Tacos Gavilan Norwalk,2025-07-22,Martes,12:00 AM,520.21,11:00 PM,611.08
Tacos Gavilan Slauson,2025-07-22,Martes,12:00 AM,536.23,11:00 PM,559.73
Tacos Gavilan Hollywood,2025-07-22,Martes,12:00 AM,17.18,11:00 PM,509.73
Tacos Gavilan Azusa,2025-07-22,Martes,10:00 AM,325.85,11:00 PM,267.40
Tacos Gavilan Downey,2025-07-22,Martes,8:00 AM,8.59,11:00 PM,338.54
Tacos Gavilan LA Central,2025-07-22,Martes,12:00 AM,684.89,11:00 PM,989.63
Tacos Gavilan LA Broadway,2025-07-22,Martes,12:00 AM,464.07,11:00 PM,508.29
Tacos Gavilan Santa Ana,2025-07-23,Miércoles,10:00 AM,421.10,11:00 PM,387.64
Tacos Gavilan La Puente,2025-07-23,Miércoles,10:00 AM,377.05,11:00 PM,232.82
Tacos Gavilan Rialto,2025-07-23,Miércoles,9:00 AM,115.24,11:00 PM,480.87
Tacos Gavilan LA Central,2025-07-23,Miércoles,12:00 AM,742.72,11:00 PM,1209.49
Tacos Gavilan South Gate,2025-07-23,Miércoles,9:00 AM,163.09,11:00 PM,630.16
Tacos Gavilan Bell,2025-07-23,Miércoles,10:00 AM,227.43,11:00 PM,69.53
Tacos Gavilan Huntington Park,2025-07-23,Miércoles,10:00 AM,316.84,11:00 PM,404.55
Tacos Gavilan Lynwood,2025-07-23,Miércoles,12:00 AM,632.98,11:00 PM,1221.30
Tacos Gavilan Norwalk,2025-07-23,Miércoles,12:00 AM,687.39,11:00 PM,585.42
Tacos Gavilan Slauson,2025-07-23,Miércoles,12:00 AM,688.40,11:00 PM,802.15
Tacos Gavilan Hollywood,2025-07-23,Miércoles,9:00 AM,81.97,11:00 PM,442.14
Tacos Gavilan Azusa,2025-07-23,Miércoles,10:00 AM,499.05,11:00 PM,187.04
Tacos Gavilan Downey,2025-07-23,Miércoles,9:00 AM,265.99,11:00 PM,295.75
Tacos Gavilan LA Broadway,2025-07-23,Miércoles,12:00 AM,729.17,11:00 PM,653.08
Tacos Gavilan West Covina,2025-07-23,Miércoles,12:00 AM,399.12,11:00 PM,806.41
Tacos Gavilan West Covina,2025-07-24,Jueves,12:00 AM,425.37,11:00 PM,663.21
Tacos Gavilan Azusa,2025-07-24,Jueves,9:00 AM,9.16,11:00 PM,190.68
Tacos Gavilan LA Central,2025-07-24,Jueves,12:00 AM,934.81,11:00 PM,1206.36
Tacos Gavilan South Gate,2025-07-24,Jueves,9:00 AM,49.46,11:00 PM,645.71
Tacos Gavilan Huntington Park,2025-07-24,Jueves,12:00 AM,429.28,11:00 PM,509.67
Tacos Gavilan Lynwood,2025-07-24,Jueves,12:00 AM,968.13,11:00 PM,1134.49
Tacos Gavilan Norwalk,2025-07-24,Jueves,12:00 AM,644.38,11:00 PM,781.57
Tacos Gavilan Hollywood,2025-07-24,Jueves,9:00 AM,277.93,11:00 PM,788.86
Tacos Gavilan Rialto,2025-07-24,Jueves,12:00 AM,334.78,11:00 PM,753.99
Tacos Gavilan La Puente,2025-07-24,Jueves,9:00 AM,9.89,11:00 PM,488.06
Tacos Gavilan Downey,2025-07-24,Jueves,12:00 AM,207.34,11:00 PM,537.82
Tacos Gavilan Bell,2025-07-24,Jueves,9:00 AM,8.64,11:00 PM,286.77
Tacos Gavilan Santa Ana,2025-07-24,Jueves,10:00 AM,377.04,11:00 PM,332.06
Tacos Gavilan LA Broadway,2025-07-24,Jueves,12:00 AM,681.74,11:00 PM,929.62
Tacos Gavilan Slauson,2025-07-24,Jueves,12:00 AM,444.72,11:00 PM,574.59
Tacos Gavilan Santa Ana,2025-07-25,Viernes,12:00 AM,398.25,11:00 PM,824.48
Tacos Gavilan Azusa,2025-07-25,Viernes,12:00 AM,210.03,11:00 PM,430.56
Tacos Gavilan South Gate,2025-07-25,Viernes,12:00 AM,599.84,11:00 PM,848.11
Tacos Gavilan Downey,2025-07-25,Viernes,12:00 AM,456.32,11:00 PM,806.36
Tacos Gavilan Huntington Park,2025-07-25,Viernes,12:00 AM,348.11,11:00 PM,663.05
Tacos Gavilan Lynwood,2025-07-25,Viernes,12:00 AM,1062.56,11:00 PM,1277.51
Tacos Gavilan Hollywood,2025-07-25,Viernes,12:00 AM,645.74,11:00 PM,952.06
Tacos Gavilan Slauson,2025-07-25,Viernes,12:00 AM,702.78,11:00 PM,851.57
Tacos Gavilan La Puente,2025-07-25,Viernes,12:00 AM,353.40,11:00 PM,474.29
Tacos Gavilan Bell,2025-07-25,Viernes,12:00 AM,356.96,11:00 PM,363.64
Tacos Gavilan Norwalk,2025-07-25,Viernes,12:00 AM,1193.84,11:00 PM,1160.98
Tacos Gavilan LA Broadway,2025-07-25,Viernes,12:00 AM,663.90,11:00 PM,959.99
Tacos Gavilan Rialto,2025-07-25,Viernes,12:00 AM,750.19,11:00 PM,1118.56
Tacos Gavilan West Covina,2025-07-25,Viernes,12:00 AM,823.42,11:00 PM,933.63
Tacos Gavilan LA Central,2025-07-25,Viernes,12:00 AM,1136.71,11:00 PM,1408.87
Tacos Gavilan La Puente,2025-07-26,Sábado,12:00 AM,707.58,11:00 PM,641.94
Tacos Gavilan Rialto,2025-07-26,Sábado,12:00 AM,796.33,11:00 PM,1395.27
Tacos Gavilan LA Central,2025-07-26,Sábado,12:00 AM,1759.01,11:00 PM,1714.57
Tacos Gavilan Huntington Park,2025-07-26,Sábado,12:00 AM,574.09,11:00 PM,523.70
Tacos Gavilan Lynwood,2025-07-26,Sábado,12:00 AM,1267.91,11:00 PM,1242.37
Tacos Gavilan Hollywood,2025-07-26,Sábado,12:00 AM,879.73,11:00 PM,889.59
Tacos Gavilan West Covina,2025-07-26,Sábado,12:00 AM,1037.21,11:00 PM,1247.36
Tacos Gavilan Bell,2025-07-26,Sábado,12:00 AM,422.25,11:00 PM,331.53
Tacos Gavilan Slauson,2025-07-26,Sábado,12:00 AM,985.99,11:00 PM,1137.28
Tacos Gavilan Azusa,2025-07-26,Sábado,12:00 AM,237.38,11:00 PM,395.84
Tacos Gavilan South Gate,2025-07-26,Sábado,12:00 AM,990.64,11:00 PM,853.17
Tacos Gavilan Downey,2025-07-26,Sábado,12:00 AM,529.34,11:00 PM,869.41
Tacos Gavilan LA Broadway,2025-07-26,Sábado,12:00 AM,826.12,11:00 PM,733.68
Tacos Gavilan Norwalk,2025-07-26,Sábado,12:00 AM,1071.96,11:00 PM,1198.22
Tacos Gavilan Santa Ana,2025-07-26,Sábado,12:00 AM,620.85,11:00 PM,918.07
Tacos Gavilan West Covina,2025-07-27,Domingo,12:00 AM,740.19,11:00 PM,770.60
Tacos Gavilan Santa Ana,2025-07-27,Domingo,10:00 AM,611.56,11:00 PM,726.77
Tacos Gavilan La Puente,2025-07-27,Domingo,12:00 AM,2.25,11:00 PM,446.51
Tacos Gavilan Azusa,2025-07-27,Domingo,9:00 AM,30.06,11:00 PM,97.85
Tacos Gavilan LA Central,2025-07-27,Domingo,12:00 AM,1153.35,11:00 PM,1285.19
Tacos Gavilan Huntington Park,2025-07-27,Domingo,9:00 AM,37.52,11:00 PM,467.24
Tacos Gavilan Norwalk,2025-07-27,Domingo,12:00 AM,325.79,11:00 PM,1343.80
Tacos Gavilan Slauson,2025-07-27,Domingo,12:00 AM,363.07,11:00 PM,552.72
Tacos Gavilan Downey,2025-07-27,Domingo,8:00 AM,8.59,11:00 PM,528.22
Tacos Gavilan Bell,2025-07-27,Domingo,10:00 AM,239.19,11:00 PM,255.39
Tacos Gavilan Rialto,2025-07-27,Domingo,12:00 AM,510.77,11:00 PM,783.51
Tacos Gavilan Lynwood,2025-07-27,Domingo,12:00 AM,1247.03,11:00 PM,910.81
Tacos Gavilan LA Broadway,2025-07-27,Domingo,12:00 AM,670.89,11:00 PM,553.72
Tacos Gavilan Hollywood,2025-07-27,Domingo,8:00 AM,8.59,11:00 PM,918.98
Tacos Gavilan South Gate,2025-07-27,Domingo,9:00 AM,80.62,11:00 PM,643.38
Tacos Gavilan West Covina,2025-07-28,Lunes,12:00 AM,346.59,11:00 PM,547.04
Tacos Gavilan Santa Ana,2025-07-28,Lunes,9:00 AM,23.65,11:00 PM,480.76
Tacos Gavilan Rialto,2025-07-28,Lunes,9:00 AM,182.72,11:00 PM,303.24
Tacos Gavilan South Gate,2025-07-28,Lunes,9:00 AM,69.85,11:00 PM,290.09
Tacos Gavilan Bell,2025-07-28,Lunes,10:00 AM,230.66,11:00 PM,274.48
Tacos Gavilan Huntington Park,2025-07-28,Lunes,10:00 AM,349.24,11:00 PM,342.89
Tacos Gavilan Hollywood,2025-07-28,Lunes,9:00 AM,190.83,11:00 PM,523.93
Tacos Gavilan Norwalk,2025-07-28,Lunes,12:00 AM,402.11,11:00 PM,497.85
Tacos Gavilan Slauson,2025-07-28,Lunes,12:00 AM,459.46,11:00 PM,731.60
Tacos Gavilan Downey,2025-07-28,Lunes,8:00 AM,15.17,11:00 PM,265.33
Tacos Gavilan LA Broadway,2025-07-28,Lunes,12:00 AM,483.56,11:00 PM,646.95
Tacos Gavilan Lynwood,2025-07-28,Lunes,12:00 AM,640.33,11:00 PM,831.30
Tacos Gavilan Azusa,2025-07-28,Lunes,9:00 AM,9.09,11:00 PM,235.71
Tacos Gavilan La Puente,2025-07-28,Lunes,12:00 AM,2.59,11:00 PM,297.65
Tacos Gavilan LA Central,2025-07-28,Lunes,12:00 AM,735.00,11:00 PM,750.72
Tacos Gavilan West Covina,2025-07-29,Martes,12:00 AM,458.66,11:00 PM,530.89
Tacos Gavilan La Puente,2025-07-29,Martes,8:00 AM,18.95,11:00 PM,304.80
Tacos Gavilan South Gate,2025-07-29,Martes,9:00 AM,181.23,11:00 PM,434.00
Tacos Gavilan Bell,2025-07-29,Martes,10:00 AM,176.89,11:00 PM,154.22
Tacos Gavilan Slauson,2025-07-29,Martes,12:00 AM,386.11,11:00 PM,759.47
Tacos Gavilan Azusa,2025-07-29,Martes,10:00 AM,279.45,11:00 PM,187.73
Tacos Gavilan Huntington Park,2025-07-29,Martes,10:00 AM,303.71,11:00 PM,163.47
Tacos Gavilan Downey,2025-07-29,Martes,9:00 AM,159.49,11:00 PM,362.59
Tacos Gavilan Lynwood,2025-07-29,Martes,12:00 AM,553.77,11:00 PM,746.51
Tacos Gavilan LA Central,2025-07-29,Martes,12:00 AM,873.69,11:00 PM,994.79
Tacos Gavilan Rialto,2025-07-29,Martes,9:00 AM,210.00,11:00 PM,451.27
Tacos Gavilan Santa Ana,2025-07-29,Martes,10:00 AM,484.24,11:00 PM,631.22
Tacos Gavilan Norwalk,2025-07-29,Martes,12:00 AM,373.23,11:00 PM,908.37
Tacos Gavilan LA Broadway,2025-07-29,Martes,12:00 AM,410.31,11:00 PM,743.54
Tacos Gavilan Hollywood,2025-07-29,Martes,9:00 AM,290.96,11:00 PM,520.45
Tacos Gavilan Rialto,2025-07-30,Miércoles,9:00 AM,129.02,11:00 PM,672.08
Tacos Gavilan Bell,2025-07-30,Miércoles,10:00 AM,196.72,11:00 PM,112.86
Tacos Gavilan Slauson,2025-07-30,Miércoles,12:00 AM,527.51,11:00 PM,788.78
Tacos Gavilan Downey,2025-07-30,Miércoles,9:00 AM,299.97,11:00 PM,225.31
Tacos Gavilan West Covina,2025-07-30,Miércoles,12:00 AM,327.89,11:00 PM,826.00
Tacos Gavilan Azusa,2025-07-30,Miércoles,9:00 AM,45.54,11:00 PM,251.06
Tacos Gavilan LA Central,2025-07-30,Miércoles,12:00 AM,769.12,11:00 PM,829.32
Tacos Gavilan Norwalk,2025-07-30,Miércoles,12:00 AM,709.58,11:00 PM,892.41
Tacos Gavilan Hollywood,2025-07-30,Miércoles,8:00 AM,8.59,11:00 PM,491.19
Tacos Gavilan Huntington Park,2025-07-30,Miércoles,10:00 AM,494.65,11:00 PM,195.10
Tacos Gavilan Lynwood,2025-07-30,Miércoles,12:00 AM,790.98,11:00 PM,1073.19
Tacos Gavilan La Puente,2025-07-30,Miércoles,9:00 AM,23.42,11:00 PM,257.85
Tacos Gavilan LA Broadway,2025-07-30,Miércoles,12:00 AM,613.55,11:00 PM,732.55
Tacos Gavilan South Gate,2025-07-30,Miércoles,9:00 AM,69.60,11:00 PM,379.05
Tacos Gavilan Santa Ana,2025-07-30,Miércoles,10:00 AM,293.58,11:00 PM,528.64
Tacos Gavilan West Covina,2025-07-31,Jueves,12:00 AM,534.35,11:00 PM,927.55
Tacos Gavilan Santa Ana,2025-07-31,Jueves,12:00 AM,4.49,11:00 PM,729.51
Tacos Gavilan Rialto,2025-07-31,Jueves,12:00 AM,642.53,11:00 PM,629.80
Tacos Gavilan Bell,2025-07-31,Jueves,10:00 AM,200.31,11:00 PM,255.82
Tacos Gavilan Lynwood,2025-07-31,Jueves,12:00 AM,946.54,11:00 PM,909.10
Tacos Gavilan Slauson,2025-07-31,Jueves,12:00 AM,740.36,11:00 PM,866.46
Tacos Gavilan Norwalk,2025-07-31,Jueves,12:00 AM,640.45,11:00 PM,887.38
Tacos Gavilan La Puente,2025-07-31,Jueves,9:00 AM,15.60,11:00 PM,452.29
Tacos Gavilan LA Central,2025-07-31,Jueves,12:00 AM,954.50,11:00 PM,1238.35
Tacos Gavilan Hollywood,2025-07-31,Jueves,12:00 AM,3.43,11:00 PM,472.68
Tacos Gavilan Azusa,2025-07-31,Jueves,10:00 AM,355.19,11:00 PM,179.62
Tacos Gavilan LA Broadway,2025-07-31,Jueves,12:00 AM,519.62,11:00 PM,685.49
Tacos Gavilan Downey,2025-07-31,Jueves,12:00 AM,152.25,11:00 PM,504.64
Tacos Gavilan Huntington Park,2025-07-31,Jueves,12:00 AM,298.90,11:00 PM,447.71
Tacos Gavilan South Gate,2025-07-31,Jueves,9:00 AM,100.31,11:00 PM,501.67
Tacos Gavilan Azusa,2025-08-01,Viernes,12:00 AM,282.53,11:00 PM,574.51
Tacos Gavilan South Gate,2025-08-01,Viernes,12:00 AM,516.30,11:00 PM,1022.82
Tacos Gavilan Huntington Park,2025-08-01,Viernes,12:00 AM,472.32,11:00 PM,642.11
Tacos Gavilan Norwalk,2025-08-01,Viernes,12:00 AM,934.76,11:00 PM,1528.08
Tacos Gavilan Hollywood,2025-08-01,Viernes,12:00 AM,608.08,11:00 PM,707.51
Tacos Gavilan LA Central,2025-08-01,Viernes,12:00 AM,1145.62,11:00 PM,1753.10
Tacos Gavilan Rialto,2025-08-01,Viernes,12:00 AM,737.63,11:00 PM,1576.18
Tacos Gavilan La Puente,2025-08-01,Viernes,12:00 AM,598.97,11:00 PM,546.63
Tacos Gavilan Downey,2025-08-01,Viernes,12:00 AM,564.79,11:00 PM,777.42
Tacos Gavilan LA Broadway,2025-08-01,Viernes,12:00 AM,630.76,11:00 PM,1305.73
Tacos Gavilan Lynwood,2025-08-01,Viernes,12:00 AM,1012.66,11:00 PM,1262.74
Tacos Gavilan Bell,2025-08-01,Viernes,12:00 AM,393.53,11:00 PM,446.62
Tacos Gavilan Slauson,2025-08-01,Viernes,12:00 AM,856.09,11:00 PM,885.84
Tacos Gavilan West Covina,2025-08-01,Viernes,12:00 AM,544.09,11:00 PM,800.22
Tacos Gavilan Santa Ana,2025-08-01,Viernes,12:00 AM,476.18,11:00 PM,507.21
Tacos Gavilan West Covina,2025-08-02,Sábado,12:00 AM,973.51,11:00 PM,800.24
Tacos Gavilan Santa Ana,2025-08-02,Sábado,12:00 AM,517.89,11:00 PM,727.86
Tacos Gavilan Rialto,2025-08-02,Sábado,12:00 AM,591.60,11:00 PM,1196.60
Tacos Gavilan South Gate,2025-08-02,Sábado,12:00 AM,818.47,11:00 PM,1151.72
Tacos Gavilan Bell,2025-08-02,Sábado,12:00 AM,534.04,11:00 PM,627.45
Tacos Gavilan Norwalk,2025-08-02,Sábado,12:00 AM,1146.40,11:00 PM,1165.18
Tacos Gavilan Hollywood,2025-08-02,Sábado,12:00 AM,706.28,11:00 PM,1010.14
Tacos Gavilan La Puente,2025-08-02,Sábado,12:00 AM,361.68,11:00 PM,675.53
Tacos Gavilan Lynwood,2025-08-02,Sábado,12:00 AM,1201.52,11:00 PM,1148.55
Tacos Gavilan Downey,2025-08-02,Sábado,12:00 AM,863.85,11:00 PM,924.64
Tacos Gavilan Azusa,2025-08-02,Sábado,12:00 AM,327.04,11:00 PM,391.01
Tacos Gavilan LA Central,2025-08-02,Sábado,12:00 AM,1967.66,11:00 PM,1920.36
Tacos Gavilan LA Broadway,2025-08-02,Sábado,12:00 AM,1238.49,11:00 PM,1068.82
Tacos Gavilan Huntington Park,2025-08-02,Sábado,12:00 AM,1060.85,11:00 PM,598.61
Tacos Gavilan Slauson,2025-08-02,Sábado,12:00 AM,1171.19,11:00 PM,1391.01
Tacos Gavilan La Puente,2025-08-03,Domingo,12:00 AM,3.79,11:00 PM,223.69
Tacos Gavilan South Gate,2025-08-03,Domingo,9:00 AM,38.50,11:00 PM,708.92
Tacos Gavilan Bell,2025-08-03,Domingo,10:00 AM,214.64,11:00 PM,268.52
Tacos Gavilan Slauson,2025-08-03,Domingo,12:00 AM,584.24,11:00 PM,1288.06
Tacos Gavilan Hollywood,2025-08-03,Domingo,9:00 AM,98.93,11:00 PM,640.63
Tacos Gavilan LA Broadway,2025-08-03,Domingo,12:00 AM,759.63,11:00 PM,1081.35
Tacos Gavilan Azusa,2025-08-03,Domingo,12:00 AM,9.16,11:00 PM,193.21
Tacos Gavilan Huntington Park,2025-08-03,Domingo,10:00 AM,452.74,11:00 PM,520.68
Tacos Gavilan Santa Ana,2025-08-03,Domingo,10:00 AM,568.44,11:00 PM,329.58
Tacos Gavilan Norwalk,2025-08-03,Domingo,12:00 AM,463.14,11:00 PM,1107.30
Tacos Gavilan Rialto,2025-08-03,Domingo,12:00 AM,387.96,11:00 PM,800.96
Tacos Gavilan LA Central,2025-08-03,Domingo,12:00 AM,1270.74,11:00 PM,1510.67
Tacos Gavilan Downey,2025-08-03,Domingo,9:00 AM,239.27,11:00 PM,384.27
Tacos Gavilan West Covina,2025-08-03,Domingo,12:00 AM,913.05,11:00 PM,760.57
Tacos Gavilan Lynwood,2025-08-03,Domingo,12:00 AM,1513.09,11:00 PM,1528.52
Tacos Gavilan Santa Ana,2025-08-04,Lunes,10:00 AM,288.76,11:00 PM,417.18
Tacos Gavilan LA Central,2025-08-04,Lunes,12:00 AM,868.33,11:00 PM,1143.36
Tacos Gavilan South Gate,2025-08-04,Lunes,12:00 AM,8.37,11:00 PM,609.53
Tacos Gavilan Huntington Park,2025-08-04,Lunes,12:00 AM,15.17,11:00 PM,400.51
Tacos Gavilan Norwalk,2025-08-04,Lunes,12:00 AM,678.81,11:00 PM,608.72
Tacos Gavilan Hollywood,2025-08-04,Lunes,9:00 AM,179.56,11:00 PM,405.24
Tacos Gavilan Downey,2025-08-04,Lunes,9:00 AM,141.84,11:00 PM,372.94
Tacos Gavilan Lynwood,2025-08-04,Lunes,12:00 AM,830.68,11:00 PM,739.80
Tacos Gavilan LA Broadway,2025-08-04,Lunes,12:00 AM,601.11,11:00 PM,603.75
Tacos Gavilan La Puente,2025-08-04,Lunes,9:00 AM,13.53,11:00 PM,291.08
Tacos Gavilan Slauson,2025-08-04,Lunes,12:00 AM,898.58,11:00 PM,741.83
Tacos Gavilan Rialto,2025-08-04,Lunes,8:00 AM,17.18,11:00 PM,454.54
Tacos Gavilan Azusa,2025-08-04,Lunes,9:00 AM,19.57,11:00 PM,244.60
Tacos Gavilan Bell,2025-08-04,Lunes,10:00 AM,223.72,11:00 PM,230.76
Tacos Gavilan West Covina,2025-08-04,Lunes,12:00 AM,499.41,11:00 PM,711.47
Tacos Gavilan Santa Ana,2025-08-05,Martes,9:00 AM,46.11,11:00 PM,345.05
Tacos Gavilan Rialto,2025-08-05,Martes,9:00 AM,85.82,11:00 PM,369.51
Tacos Gavilan LA Central,2025-08-05,Martes,12:00 AM,929.31,11:00 PM,900.32
Tacos Gavilan Bell,2025-08-05,Martes,10:00 AM,269.08,11:00 PM,90.36
Tacos Gavilan Slauson,2025-08-05,Martes,12:00 AM,580.97,11:00 PM,960.46
Tacos Gavilan LA Broadway,2025-08-05,Martes,12:00 AM,579.81,11:00 PM,601.17
Tacos Gavilan Downey,2025-08-05,Martes,8:00 AM,24.56,11:00 PM,532.35
Tacos Gavilan Huntington Park,2025-08-05,Martes,10:00 AM,898.86,11:00 PM,528.25
Tacos Gavilan La Puente,2025-08-05,Martes,10:00 AM,708.83,11:00 PM,415.27
Tacos Gavilan West Covina,2025-08-05,Martes,12:00 AM,553.03,11:00 PM,387.78
Tacos Gavilan Azusa,2025-08-05,Martes,10:00 AM,301.68,11:00 PM,274.66
Tacos Gavilan Norwalk,2025-08-05,Martes,12:00 AM,690.59,11:00 PM,775.72
Tacos Gavilan South Gate,2025-08-05,Martes,9:00 AM,85.64,11:00 PM,406.09
Tacos Gavilan Hollywood,2025-08-05,Martes,9:00 AM,234.73,11:00 PM,406.81
Tacos Gavilan Lynwood,2025-08-05,Martes,12:00 AM,945.98,11:00 PM,768.78
Tacos Gavilan La Puente,2025-08-06,Miércoles,9:00 AM,73.25,11:00 PM,293.36
Tacos Gavilan LA Central,2025-08-06,Miércoles,12:00 AM,1206.30,11:00 PM,1314.97
Tacos Gavilan Huntington Park,2025-08-06,Miércoles,12:00 AM,5.19,11:00 PM,385.34
Tacos Gavilan Lynwood,2025-08-06,Miércoles,12:00 AM,575.11,11:00 PM,940.74
Tacos Gavilan Norwalk,2025-08-06,Miércoles,12:00 AM,439.74,11:00 PM,750.45
Tacos Gavilan Hollywood,2025-08-06,Miércoles,9:00 AM,277.45,11:00 PM,318.16
Tacos Gavilan Rialto,2025-08-06,Miércoles,9:00 AM,214.40,11:00 PM,627.91
Tacos Gavilan Azusa,2025-08-06,Miércoles,10:00 AM,276.53,11:00 PM,288.18
Tacos Gavilan LA Broadway,2025-08-06,Miércoles,12:00 AM,1092.52,11:00 PM,715.18
Tacos Gavilan South Gate,2025-08-06,Miércoles,9:00 AM,68.74,11:00 PM,414.11
Tacos Gavilan Downey,2025-08-06,Miércoles,8:00 AM,27.10,11:00 PM,484.93
Tacos Gavilan Bell,2025-08-06,Miércoles,10:00 AM,150.99,11:00 PM,221.31
Tacos Gavilan Santa Ana,2025-08-06,Miércoles,10:00 AM,240.75,11:00 PM,401.56
Tacos Gavilan West Covina,2025-08-06,Miércoles,12:00 AM,352.15,11:00 PM,712.92
Tacos Gavilan Slauson,2025-08-06,Miércoles,12:00 AM,464.55,11:00 PM,847.68
Tacos Gavilan West Covina,2025-08-07,Jueves,12:00 AM,248.91,11:00 PM,907.58
Tacos Gavilan Santa Ana,2025-08-07,Jueves,10:00 AM,401.46,11:00 PM,545.77
Tacos Gavilan Rialto,2025-08-07,Jueves,12:00 AM,344.71,11:00 PM,682.53
Tacos Gavilan LA Central,2025-08-07,Jueves,12:00 AM,895.78,11:00 PM,1174.45
Tacos Gavilan Bell,2025-08-07,Jueves,9:00 AM,14.78,11:00 PM,212.30
Tacos Gavilan Huntington Park,2025-08-07,Jueves,12:00 AM,364.99,11:00 PM,623.95
Tacos Gavilan Hollywood,2025-08-07,Jueves,12:00 AM,3.34,11:00 PM,742.60
Tacos Gavilan Lynwood,2025-08-07,Jueves,12:00 AM,769.67,11:00 PM,1353.37
Tacos Gavilan LA Broadway,2025-08-07,Jueves,12:00 AM,464.59,11:00 PM,638.31
Tacos Gavilan Slauson,2025-08-07,Jueves,12:00 AM,694.72,11:00 PM,798.24
Tacos Gavilan Norwalk,2025-08-07,Jueves,12:00 AM,564.62,11:00 PM,754.80
Tacos Gavilan Azusa,2025-08-07,Jueves,9:00 AM,8.37,11:00 PM,180.70
Tacos Gavilan Downey,2025-08-07,Jueves,12:00 AM,237.55,11:00 PM,706.99
Tacos Gavilan South Gate,2025-08-07,Jueves,9:00 AM,171.77,11:00 PM,585.87
Tacos Gavilan La Puente,2025-08-07,Jueves,9:00 AM,33.45,11:00 PM,319.28
Tacos Gavilan La Puente,2025-08-08,Viernes,12:00 AM,664.75,11:00 PM,618.43
Tacos Gavilan South Gate,2025-08-08,Viernes,12:00 AM,658.70,11:00 PM,686.56
Tacos Gavilan Lynwood,2025-08-08,Viernes,12:00 AM,1118.71,11:00 PM,1505.83
Tacos Gavilan Slauson,2025-08-08,Viernes,12:00 AM,917.30,11:00 PM,1202.50
Tacos Gavilan LA Broadway,2025-08-08,Viernes,12:00 AM,900.89,11:00 PM,1278.48
Tacos Gavilan Santa Ana,2025-08-08,Viernes,12:00 AM,472.91,11:00 PM,743.79
Tacos Gavilan LA Central,2025-08-08,Viernes,12:00 AM,1139.60,11:00 PM,1263.93
Tacos Gavilan Bell,2025-08-08,Viernes,12:00 AM,297.15,11:00 PM,471.29
Tacos Gavilan Hollywood,2025-08-08,Viernes,12:00 AM,823.48,11:00 PM,719.86
Tacos Gavilan West Covina,2025-08-08,Viernes,12:00 AM,762.96,11:00 PM,864.96
Tacos Gavilan Azusa,2025-08-08,Viernes,12:00 AM,435.84,11:00 PM,311.84
Tacos Gavilan Rialto,2025-08-08,Viernes,12:00 AM,447.08,11:00 PM,1103.40
Tacos Gavilan Downey,2025-08-08,Viernes,12:00 AM,612.41,11:00 PM,901.12
Tacos Gavilan Norwalk,2025-08-08,Viernes,12:00 AM,905.24,11:00 PM,1108.09
Tacos Gavilan Huntington Park,2025-08-08,Viernes,12:00 AM,496.62,11:00 PM,586.72
Tacos Gavilan La Puente,2025-08-09,Sábado,12:00 AM,484.32,11:00 PM,863.85
Tacos Gavilan LA Central,2025-08-09,Sábado,12:00 AM,1721.12,11:00 PM,1857.15
Tacos Gavilan Huntington Park,2025-08-09,Sábado,12:00 AM,551.29,11:00 PM,756.46
Tacos Gavilan Hollywood,2025-08-09,Sábado,12:00 AM,790.24,11:00 PM,733.66
Tacos Gavilan Azusa,2025-08-09,Sábado,12:00 AM,118.89,11:00 PM,487.81
Tacos Gavilan Slauson,2025-08-09,Sábado,12:00 AM,822.16,11:00 PM,1477.02
Tacos Gavilan Rialto,2025-08-09,Sábado,12:00 AM,719.38,11:00 PM,959.08
Tacos Gavilan LA Broadway,2025-08-09,Sábado,12:00 AM,1147.54,11:00 PM,1285.75
Tacos Gavilan South Gate,2025-08-09,Sábado,12:00 AM,692.22,11:00 PM,976.72
Tacos Gavilan Downey,2025-08-09,Sábado,12:00 AM,1031.15,11:00 PM,812.81
Tacos Gavilan Bell,2025-08-09,Sábado,12:00 AM,320.00,11:00 PM,303.97
Tacos Gavilan Norwalk,2025-08-09,Sábado,12:00 AM,952.84,11:00 PM,1575.81
Tacos Gavilan West Covina,2025-08-09,Sábado,12:00 AM,1101.41,11:00 PM,1360.61
Tacos Gavilan Santa Ana,2025-08-09,Sábado,12:00 AM,377.10,11:00 PM,1163.72
Tacos Gavilan Lynwood,2025-08-09,Sábado,12:00 AM,1285.16,11:00 PM,1434.56
Tacos Gavilan La Puente,2025-08-10,Domingo,12:00 AM,12.38,11:00 PM,446.56
Tacos Gavilan South Gate,2025-08-10,Domingo,9:00 AM,18.32,11:00 PM,507.44
Tacos Gavilan Bell,2025-08-10,Domingo,12:00 AM,7.58,11:00 PM,328.58
Tacos Gavilan Huntington Park,2025-08-10,Domingo,9:00 AM,35.70,11:00 PM,574.23
Tacos Gavilan Lynwood,2025-08-10,Domingo,12:00 AM,798.58,11:00 PM,1142.93
Tacos Gavilan Hollywood,2025-08-10,Domingo,9:00 AM,142.17,11:00 PM,547.09
Tacos Gavilan Rialto,2025-08-10,Domingo,12:00 AM,370.08,11:00 PM,607.51
Tacos Gavilan Norwalk,2025-08-10,Domingo,12:00 AM,354.66,11:00 PM,786.74
Tacos Gavilan West Covina,2025-08-10,Domingo,12:00 AM,584.35,11:00 PM,769.92
Tacos Gavilan Azusa,2025-08-10,Domingo,10:00 AM,215.59,11:00 PM,345.10
Tacos Gavilan Slauson,2025-08-10,Domingo,12:00 AM,416.37,11:00 PM,470.36
Tacos Gavilan Downey,2025-08-10,Domingo,9:00 AM,186.65,11:00 PM,585.15
Tacos Gavilan LA Broadway,2025-08-10,Domingo,12:00 AM,343.33,11:00 PM,613.01
Tacos Gavilan LA Central,2025-08-10,Domingo,12:00 AM,801.85,11:00 PM,982.45
Tacos Gavilan Santa Ana,2025-08-10,Domingo,10:00 AM,468.35,11:00 PM,334.74
Tacos Gavilan Santa Ana,2025-08-11,Lunes,10:00 AM,293.15,11:00 PM,267.89
Tacos Gavilan Rialto,2025-08-11,Lunes,9:00 AM,219.72,11:00 PM,396.77
Tacos Gavilan LA Central,2025-08-11,Lunes,12:00 AM,830.81,11:00 PM,832.16
Tacos Gavilan Bell,2025-08-11,Lunes,10:00 AM,346.18,11:00 PM,279.43
Tacos Gavilan Lynwood,2025-08-11,Lunes,12:00 AM,719.74,11:00 PM,964.64
Tacos Gavilan Slauson,2025-08-11,Lunes,12:00 AM,417.60,11:00 PM,537.38
Tacos Gavilan LA Broadway,2025-08-11,Lunes,12:00 AM,385.65,11:00 PM,588.73
Tacos Gavilan Azusa,2025-08-11,Lunes,10:00 AM,361.60,11:00 PM,286.85
Tacos Gavilan Huntington Park,2025-08-11,Lunes,12:00 AM,1.49,11:00 PM,264.06
Tacos Gavilan Hollywood,2025-08-11,Lunes,9:00 AM,343.69,11:00 PM,409.91
Tacos Gavilan La Puente,2025-08-11,Lunes,9:00 AM,0.55,11:00 PM,207.74
Tacos Gavilan West Covina,2025-08-11,Lunes,12:00 AM,334.16,11:00 PM,746.17
Tacos Gavilan Downey,2025-08-11,Lunes,9:00 AM,417.48,11:00 PM,313.36
Tacos Gavilan Norwalk,2025-08-11,Lunes,12:00 AM,570.89,11:00 PM,678.69
Tacos Gavilan South Gate,2025-08-11,Lunes,9:00 AM,96.66,11:00 PM,580.15
Tacos Gavilan Santa Ana,2025-08-12,Martes,10:00 AM,805.19,11:00 PM,429.45
Tacos Gavilan LA Central,2025-08-12,Martes,12:00 AM,970.85,11:00 PM,1033.07
Tacos Gavilan Bell,2025-08-12,Martes,10:00 AM,222.05,11:00 PM,77.15
Tacos Gavilan Slauson,2025-08-12,Martes,12:00 AM,439.86,11:00 PM,862.59
Tacos Gavilan Rialto,2025-08-12,Martes,9:00 AM,319.01,11:00 PM,554.91
Tacos Gavilan Downey,2025-08-12,Martes,9:00 AM,124.49,11:00 PM,191.41
Tacos Gavilan Hollywood,2025-08-12,Martes,8:00 AM,11.88,11:00 PM,507.48
Tacos Gavilan South Gate,2025-08-12,Martes,12:00 AM,20.64,11:00 PM,398.70
Tacos Gavilan Azusa,2025-08-12,Martes,10:00 AM,380.84,11:00 PM,176.35
Tacos Gavilan West Covina,2025-08-12,Martes,12:00 AM,327.87,11:00 PM,441.03
Tacos Gavilan Norwalk,2025-08-12,Martes,12:00 AM,456.10,11:00 PM,681.16
Tacos Gavilan La Puente,2025-08-12,Martes,10:00 AM,279.89,11:00 PM,166.84
Tacos Gavilan LA Broadway,2025-08-12,Martes,12:00 AM,203.75,11:00 PM,635.77
Tacos Gavilan Huntington Park,2025-08-12,Martes,10:00 AM,324.70,11:00 PM,254.90
Tacos Gavilan Lynwood,2025-08-12,Martes,12:00 AM,327.44,11:00 PM,664.94
Tacos Gavilan West Covina,2025-08-13,Miércoles,12:00 AM,573.94,11:00 PM,790.64
Tacos Gavilan Santa Ana,2025-08-13,Miércoles,10:00 AM,463.17,11:00 PM,718.40
Tacos Gavilan La Puente,2025-08-13,Miércoles,9:00 AM,43.44,11:00 PM,274.35
Tacos Gavilan Rialto,2025-08-13,Miércoles,9:00 AM,270.16,11:00 PM,284.56
Tacos Gavilan South Gate,2025-08-13,Miércoles,9:00 AM,45.59,11:00 PM,519.91
Tacos Gavilan Bell,2025-08-13,Miércoles,10:00 AM,203.14,11:00 PM,185.56
Tacos Gavilan Huntington Park,2025-08-13,Miércoles,9:00 AM,4.58,11:00 PM,270.59
Tacos Gavilan Lynwood,2025-08-13,Miércoles,12:00 AM,486.95,11:00 PM,836.10
Tacos Gavilan Norwalk,2025-08-13,Miércoles,12:00 AM,572.84,11:00 PM,624.63
Tacos Gavilan Slauson,2025-08-13,Miércoles,12:00 AM,273.53,11:00 PM,542.09
Tacos Gavilan Hollywood,2025-08-13,Miércoles,9:00 AM,276.60,11:00 PM,477.01
Tacos Gavilan Azusa,2025-08-13,Miércoles,10:00 AM,187.03,11:00 PM,208.65
Tacos Gavilan Downey,2025-08-13,Miércoles,9:00 AM,373.77,11:00 PM,358.86
Tacos Gavilan LA Broadway,2025-08-13,Miércoles,12:00 AM,524.10,11:00 PM,400.34
Tacos Gavilan LA Central,2025-08-13,Miércoles,12:00 AM,1044.43,11:00 PM,904.82
Tacos Gavilan West Covina,2025-08-14,Jueves,12:00 AM,504.89,11:00 PM,533.01
Tacos Gavilan Santa Ana,2025-08-14,Jueves,10:00 AM,379.86,11:00 PM,413.47
Tacos Gavilan La Puente,2025-08-14,Jueves,9:00 AM,34.95,11:00 PM,342.67
Tacos Gavilan Rialto,2025-08-14,Jueves,12:00 AM,517.17,11:00 PM,687.25
Tacos Gavilan LA Central,2025-08-14,Jueves,12:00 AM,886.89,11:00 PM,858.08
Tacos Gavilan Bell,2025-08-14,Jueves,10:00 AM,164.27,11:00 PM,402.10
Tacos Gavilan Lynwood,2025-08-14,Jueves,12:00 AM,521.07,11:00 PM,947.73
Tacos Gavilan Norwalk,2025-08-14,Jueves,12:00 AM,717.86,11:00 PM,655.99
Tacos Gavilan Slauson,2025-08-14,Jueves,12:00 AM,321.43,11:00 PM,570.74
Tacos Gavilan Hollywood,2025-08-14,Jueves,12:00 AM,4.49,11:00 PM,391.19
Tacos Gavilan Downey,2025-08-14,Jueves,12:00 AM,67.95,11:00 PM,450.86
Tacos Gavilan South Gate,2025-08-14,Jueves,9:00 AM,128.84,11:00 PM,573.75
Tacos Gavilan Azusa,2025-08-14,Jueves,10:00 AM,147.73,11:00 PM,293.62
Tacos Gavilan Huntington Park,2025-08-14,Jueves,12:00 AM,187.72,11:00 PM,418.12
Tacos Gavilan LA Broadway,2025-08-14,Jueves,12:00 AM,465.51,11:00 PM,731.69
Tacos Gavilan West Covina,2025-08-15,Viernes,12:00 AM,762.41,11:00 PM,991.44
Tacos Gavilan Santa Ana,2025-08-15,Viernes,12:00 AM,447.79,11:00 PM,827.89
Tacos Gavilan La Puente,2025-08-15,Viernes,12:00 AM,440.67,11:00 PM,487.20
Tacos Gavilan Rialto,2025-08-15,Viernes,12:00 AM,507.29,11:00 PM,815.12
Tacos Gavilan LA Central,2025-08-15,Viernes,12:00 AM,1203.64,11:00 PM,1205.51
Tacos Gavilan South Gate,2025-08-15,Viernes,12:00 AM,623.56,11:00 PM,750.21
Tacos Gavilan Bell,2025-08-15,Viernes,12:00 AM,282.36,11:00 PM,455.79
Tacos Gavilan Huntington Park,2025-08-15,Viernes,12:00 AM,445.94,11:00 PM,481.81
Tacos Gavilan Lynwood,2025-08-15,Viernes,12:00 AM,736.26,11:00 PM,1352.16
Tacos Gavilan Slauson,2025-08-15,Viernes,12:00 AM,521.37,11:00 PM,991.35
Tacos Gavilan Hollywood,2025-08-15,Viernes,12:00 AM,829.05,11:00 PM,862.39
Tacos Gavilan Azusa,2025-08-15,Viernes,12:00 AM,269.97,11:00 PM,523.06
Tacos Gavilan Downey,2025-08-15,Viernes,12:00 AM,811.94,11:00 PM,691.51
Tacos Gavilan Norwalk,2025-08-15,Viernes,12:00 AM,820.99,11:00 PM,1214.41
Tacos Gavilan LA Broadway,2025-08-15,Viernes,12:00 AM,977.99,11:00 PM,1029.47
Tacos Gavilan Santa Ana,2025-08-16,Sábado,12:00 AM,496.78,11:00 PM,1176.25
Tacos Gavilan La Puente,2025-08-16,Sábado,12:00 AM,571.27,11:00 PM,938.09
Tacos Gavilan Azusa,2025-08-16,Sábado,12:00 AM,567.15,11:00 PM,450.24
Tacos Gavilan LA Central,2025-08-16,Sábado,12:00 AM,1414.71,11:00 PM,1696.36
Tacos Gavilan South Gate,2025-08-16,Sábado,12:00 AM,894.19,11:00 PM,823.51
Tacos Gavilan Bell,2025-08-16,Sábado,12:00 AM,396.03,11:00 PM,481.71
Tacos Gavilan Downey,2025-08-16,Sábado,12:00 AM,829.86,11:00 PM,782.73
Tacos Gavilan Lynwood,2025-08-16,Sábado,12:00 AM,1352.63,11:00 PM,1052.07
Tacos Gavilan Slauson,2025-08-16,Sábado,12:00 AM,630.72,11:00 PM,1084.19
Tacos Gavilan Hollywood,2025-08-16,Sábado,12:00 AM,1014.70,11:00 PM,966.34
Tacos Gavilan Rialto,2025-08-16,Sábado,12:00 AM,643.64,11:00 PM,1239.22
Tacos Gavilan Huntington Park,2025-08-16,Sábado,12:00 AM,528.43,11:00 PM,650.74
Tacos Gavilan LA Broadway,2025-08-16,Sábado,12:00 AM,943.55,11:00 PM,1171.49
Tacos Gavilan Norwalk,2025-08-16,Sábado,12:00 AM,1036.60,11:00 PM,819.61
Tacos Gavilan West Covina,2025-08-16,Sábado,12:00 AM,1208.72,11:00 PM,1554.83
Tacos Gavilan West Covina,2025-08-17,Domingo,12:00 AM,453.93,11:00 PM,460.17
Tacos Gavilan Santa Ana,2025-08-17,Domingo,10:00 AM,690.44,11:00 PM,609.08
Tacos Gavilan La Puente,2025-08-17,Domingo,9:00 AM,89.36,11:00 PM,137.19
Tacos Gavilan Rialto,2025-08-17,Domingo,12:00 AM,343.61,11:00 PM,556.20
Tacos Gavilan LA Central,2025-08-17,Domingo,12:00 AM,753.66,11:00 PM,687.03
Tacos Gavilan South Gate,2025-08-17,Domingo,9:00 AM,50.53,11:00 PM,501.70
Tacos Gavilan Bell,2025-08-17,Domingo,10:00 AM,321.41,11:00 PM,203.90
Tacos Gavilan Huntington Park,2025-08-17,Domingo,9:00 AM,4.58,11:00 PM,333.36
Tacos Gavilan Lynwood,2025-08-17,Domingo,12:00 AM,688.69,11:00 PM,1226.79
Tacos Gavilan Slauson,2025-08-17,Domingo,12:00 AM,521.97,11:00 PM,677.91
Tacos Gavilan Hollywood,2025-08-17,Domingo,9:00 AM,212.67,11:00 PM,637.23
Tacos Gavilan Downey,2025-08-17,Domingo,9:00 AM,130.55,11:00 PM,613.54
Tacos Gavilan LA Broadway,2025-08-17,Domingo,12:00 AM,548.18,11:00 PM,358.45
Tacos Gavilan Norwalk,2025-08-17,Domingo,12:00 AM,343.84,11:00 PM,765.07
Tacos Gavilan Azusa,2025-08-17,Domingo,9:00 AM,8.59,11:00 PM,330.44
Tacos Gavilan West Covina,2025-08-18,Lunes,12:00 AM,343.20,11:00 PM,397.12
Tacos Gavilan Santa Ana,2025-08-18,Lunes,10:00 AM,282.54,11:00 PM,444.19
Tacos Gavilan La Puente,2025-08-18,Lunes,9:00 AM,43.64,11:00 PM,219.58
Tacos Gavilan Rialto,2025-08-18,Lunes,9:00 AM,367.91,11:00 PM,95.79
Tacos Gavilan LA Central,2025-08-18,Lunes,12:00 AM,412.85,11:00 PM,721.82
Tacos Gavilan South Gate,2025-08-18,Lunes,9:00 AM,145.90,11:00 PM,337.47
Tacos Gavilan Bell,2025-08-18,Lunes,10:00 AM,597.39,11:00 PM,244.73
Tacos Gavilan Huntington Park,2025-08-18,Lunes,10:00 AM,278.83,11:00 PM,438.73
Tacos Gavilan Slauson,2025-08-18,Lunes,12:00 AM,333.65,11:00 PM,517.94
Tacos Gavilan Hollywood,2025-08-18,Lunes,12:00 AM,20.97,11:00 PM,407.27
Tacos Gavilan Lynwood,2025-08-18,Lunes,12:00 AM,568.18,11:00 PM,680.91
Tacos Gavilan Azusa,2025-08-18,Lunes,9:00 AM,18.32,11:00 PM,54.49
Tacos Gavilan Downey,2025-08-18,Lunes,9:00 AM,97.80,11:00 PM,174.68
Tacos Gavilan Norwalk,2025-08-18,Lunes,12:00 AM,383.70,11:00 PM,588.89
Tacos Gavilan LA Broadway,2025-08-18,Lunes,12:00 AM,380.98,11:00 PM,592.48
Tacos Gavilan West Covina,2025-08-19,Martes,12:00 AM,356.17,11:00 PM,504.23
Tacos Gavilan Santa Ana,2025-08-19,Martes,10:00 AM,649.75,11:00 PM,385.19
Tacos Gavilan La Puente,2025-08-19,Martes,9:00 AM,34.70,11:00 PM,112.96
Tacos Gavilan South Gate,2025-08-19,Martes,9:00 AM,111.19,11:00 PM,311.48
Tacos Gavilan Bell,2025-08-19,Martes,10:00 AM,195.47,11:00 PM,198.09
Tacos Gavilan Huntington Park,2025-08-19,Martes,10:00 AM,359.63,11:00 PM,612.30
Tacos Gavilan Lynwood,2025-08-19,Martes,12:00 AM,437.56,11:00 PM,596.31
Tacos Gavilan Norwalk,2025-08-19,Martes,12:00 AM,540.72,11:00 PM,475.68
Tacos Gavilan Slauson,2025-08-19,Martes,12:00 AM,520.87,11:00 PM,821.51
Tacos Gavilan Hollywood,2025-08-19,Martes,9:00 AM,160.00,11:00 PM,570.30
Tacos Gavilan Downey,2025-08-19,Martes,9:00 AM,207.30,11:00 PM,338.36
Tacos Gavilan LA Central,2025-08-19,Martes,12:00 AM,384.55,11:00 PM,530.31
Tacos Gavilan Azusa,2025-08-19,Martes,9:00 AM,12.38,11:00 PM,238.97
Tacos Gavilan Rialto,2025-08-19,Martes,12:00 AM,1.09,11:00 PM,511.11
Tacos Gavilan LA Broadway,2025-08-19,Martes,12:00 AM,249.64,11:00 PM,410.07
Tacos Gavilan Santa Ana,2025-08-20,Miércoles,10:00 AM,335.27,11:00 PM,385.83
Tacos Gavilan La Puente,2025-08-20,Miércoles,8:00 AM,30.57,11:00 PM,356.67
Tacos Gavilan Azusa,2025-08-20,Miércoles,9:00 AM,36.80,11:00 PM,255.91
Tacos Gavilan Rialto,2025-08-20,Miércoles,8:00 AM,12.88,11:00 PM,386.31
Tacos Gavilan LA Central,2025-08-20,Miércoles,12:00 AM,957.23,11:00 PM,990.38
Tacos Gavilan South Gate,2025-08-20,Miércoles,9:00 AM,119.56,11:00 PM,308.59
Tacos Gavilan Bell,2025-08-20,Miércoles,10:00 AM,222.81,11:00 PM,239.66
Tacos Gavilan Huntington Park,2025-08-20,Miércoles,9:00 AM,8.59,11:00 PM,396.24
Tacos Gavilan Lynwood,2025-08-20,Miércoles,12:00 AM,518.10,11:00 PM,887.00
Tacos Gavilan Norwalk,2025-08-20,Miércoles,12:00 AM,571.39,11:00 PM,826.92
Tacos Gavilan Slauson,2025-08-20,Miércoles,12:00 AM,535.59,11:00 PM,1002.35
Tacos Gavilan Hollywood,2025-08-20,Miércoles,8:00 AM,8.59,11:00 PM,596.64
Tacos Gavilan LA Broadway,2025-08-20,Miércoles,12:00 AM,289.56,11:00 PM,536.09
Tacos Gavilan Downey,2025-08-20,Miércoles,9:00 AM,275.97,11:00 PM,359.22
Tacos Gavilan West Covina,2025-08-20,Miércoles,12:00 AM,549.14,11:00 PM,637.63
Tacos Gavilan Santa Ana,2025-08-21,Jueves,10:00 AM,364.74,11:00 PM,360.77
Tacos Gavilan La Puente,2025-08-21,Jueves,9:00 AM,36.69,11:00 PM,333.03
Tacos Gavilan Rialto,2025-08-21,Jueves,12:00 AM,499.34,11:00 PM,490.83
Tacos Gavilan LA Central,2025-08-21,Jueves,12:00 AM,853.24,11:00 PM,978.24
Tacos Gavilan South Gate,2025-08-21,Jueves,9:00 AM,200.73,11:00 PM,302.37
Tacos Gavilan Bell,2025-08-21,Jueves,10:00 AM,176.06,11:00 PM,199.17
Tacos Gavilan Huntington Park,2025-08-21,Jueves,12:00 AM,286.32,11:00 PM,477.46
Tacos Gavilan Lynwood,2025-08-21,Jueves,12:00 AM,737.68,11:00 PM,883.00
Tacos Gavilan Norwalk,2025-08-21,Jueves,12:00 AM,732.71,11:00 PM,718.25
Tacos Gavilan Slauson,2025-08-21,Jueves,12:00 AM,300.71,11:00 PM,630.87
Tacos Gavilan Hollywood,2025-08-21,Jueves,9:00 AM,315.00,11:00 PM,539.37
Tacos Gavilan LA Broadway,2025-08-21,Jueves,12:00 AM,918.80,11:00 PM,799.73
Tacos Gavilan Azusa,2025-08-21,Jueves,9:00 AM,34.04,11:00 PM,189.18
Tacos Gavilan Downey,2025-08-21,Jueves,12:00 AM,146.35,11:00 PM,373.60
Tacos Gavilan West Covina,2025-08-21,Jueves,12:00 AM,463.72,11:00 PM,557.41
Tacos Gavilan West Covina,2025-08-22,Viernes,12:00 AM,567.80,11:00 PM,1014.57
Tacos Gavilan La Puente,2025-08-22,Viernes,12:00 AM,272.18,11:00 PM,628.85
Tacos Gavilan Rialto,2025-08-22,Viernes,12:00 AM,518.15,11:00 PM,935.52
Tacos Gavilan LA Central,2025-08-22,Viernes,12:00 AM,1272.97,11:00 PM,1436.75
Tacos Gavilan South Gate,2025-08-22,Viernes,12:00 AM,638.41,11:00 PM,810.87
Tacos Gavilan Bell,2025-08-22,Viernes,12:00 AM,309.56,11:00 PM,352.40
Tacos Gavilan Huntington Park,2025-08-22,Viernes,12:00 AM,451.13,11:00 PM,468.33
Tacos Gavilan Lynwood,2025-08-22,Viernes,12:00 AM,805.73,11:00 PM,1408.07
Tacos Gavilan Norwalk,2025-08-22,Viernes,12:00 AM,1213.53,11:00 PM,1171.76
Tacos Gavilan Slauson,2025-08-22,Viernes,12:00 AM,562.68,11:00 PM,745.65
Tacos Gavilan Hollywood,2025-08-22,Viernes,12:00 AM,507.70,11:00 PM,572.14
Tacos Gavilan Downey,2025-08-22,Viernes,12:00 AM,445.15,11:00 PM,523.83
Tacos Gavilan LA Broadway,2025-08-22,Viernes,12:00 AM,607.25,11:00 PM,1277.54
Tacos Gavilan Azusa,2025-08-22,Viernes,12:00 AM,326.46,11:00 PM,443.01
Tacos Gavilan Santa Ana,2025-08-22,Viernes,12:00 AM,613.07,11:00 PM,590.14
Tacos Gavilan West Covina,2025-08-23,Sábado,12:00 AM,702.60,11:00 PM,951.82
Tacos Gavilan Santa Ana,2025-08-23,Sábado,12:00 AM,763.98,11:00 PM,916.82
Tacos Gavilan La Puente,2025-08-23,Sábado,12:00 AM,368.99,11:00 PM,579.05
Tacos Gavilan Rialto,2025-08-23,Sábado,12:00 AM,851.39,11:00 PM,1053.21
Tacos Gavilan LA Central,2025-08-23,Sábado,12:00 AM,1667.25,11:00 PM,1446.74
Tacos Gavilan South Gate,2025-08-23,Sábado,12:00 AM,804.67,11:00 PM,687.97
Tacos Gavilan Bell,2025-08-23,Sábado,12:00 AM,371.73,11:00 PM,649.77
Tacos Gavilan Huntington Park,2025-08-23,Sábado,12:00 AM,717.87,11:00 PM,672.54
Tacos Gavilan Lynwood,2025-08-23,Sábado,12:00 AM,1191.02,11:00 PM,1234.34
Tacos Gavilan Norwalk,2025-08-23,Sábado,12:00 AM,924.84,11:00 PM,1394.72
Tacos Gavilan Slauson,2025-08-23,Sábado,12:00 AM,1094.23,11:00 PM,1061.45
Tacos Gavilan Hollywood,2025-08-23,Sábado,12:00 AM,828.92,11:00 PM,911.27
Tacos Gavilan Azusa,2025-08-23,Sábado,12:00 AM,270.72,11:00 PM,453.97
Tacos Gavilan LA Broadway,2025-08-23,Sábado,12:00 AM,882.78,11:00 PM,821.97
Tacos Gavilan Downey,2025-08-23,Sábado,12:00 AM,982.51,11:00 PM,904.78
Tacos Gavilan West Covina,2025-08-24,Domingo,12:00 AM,325.43,11:00 PM,520.25
Tacos Gavilan Santa Ana,2025-08-24,Domingo,9:00 AM,14.17,11:00 PM,301.68
Tacos Gavilan La Puente,2025-08-24,Domingo,9:00 AM,58.30,11:00 PM,374.42
Tacos Gavilan Rialto,2025-08-24,Domingo,12:00 AM,320.29,11:00 PM,547.28
Tacos Gavilan LA Central,2025-08-24,Domingo,12:00 AM,702.32,11:00 PM,1084.80
Tacos Gavilan South Gate,2025-08-24,Domingo,9:00 AM,66.75,11:00 PM,534.62
Tacos Gavilan Bell,2025-08-24,Domingo,9:00 AM,11.88,11:00 PM,143.25
Tacos Gavilan Downey,2025-08-24,Domingo,9:00 AM,167.88,11:00 PM,318.97
Tacos Gavilan Huntington Park,2025-08-24,Domingo,9:00 AM,11.88,11:00 PM,486.16
Tacos Gavilan Lynwood,2025-08-24,Domingo,12:00 AM,669.07,11:00 PM,878.87
Tacos Gavilan Norwalk,2025-08-24,Domingo,12:00 AM,408.43,11:00 PM,976.07
Tacos Gavilan Slauson,2025-08-24,Domingo,12:00 AM,440.86,11:00 PM,575.07
Tacos Gavilan Hollywood,2025-08-24,Domingo,9:00 AM,285.81,11:00 PM,613.98
Tacos Gavilan Azusa,2025-08-24,Domingo,10:00 AM,184.53,11:00 PM,140.74
Tacos Gavilan LA Broadway,2025-08-24,Domingo,12:00 AM,489.27,11:00 PM,758.37
Tacos Gavilan West Covina,2025-08-25,Lunes,12:00 AM,247.11,11:00 PM,414.06
Tacos Gavilan Santa Ana,2025-08-25,Lunes,10:00 AM,450.09,11:00 PM,170.03
Tacos Gavilan La Puente,2025-08-25,Lunes,9:00 AM,55.74,11:00 PM,288.61
Tacos Gavilan South Gate,2025-08-25,Lunes,9:00 AM,111.74,11:00 PM,254.77
Tacos Gavilan Bell,2025-08-25,Lunes,9:00 AM,5.84,11:00 PM,234.02
Tacos Gavilan Downey,2025-08-25,Lunes,9:00 AM,165.33,11:00 PM,371.85
Tacos Gavilan Huntington Park,2025-08-25,Lunes,9:00 AM,30.41,11:00 PM,293.35
Tacos Gavilan Lynwood,2025-08-25,Lunes,12:00 AM,446.53,11:00 PM,767.37
Tacos Gavilan Slauson,2025-08-25,Lunes,12:00 AM,348.28,11:00 PM,650.10
Tacos Gavilan Hollywood,2025-08-25,Lunes,12:00 AM,54.61,11:00 PM,364.58
Tacos Gavilan LA Broadway,2025-08-25,Lunes,12:00 AM,426.24,11:00 PM,503.18
Tacos Gavilan Rialto,2025-08-25,Lunes,12:00 AM,21.26,11:00 PM,502.23
Tacos Gavilan Azusa,2025-08-25,Lunes,9:00 AM,14.17,11:00 PM,198.85
Tacos Gavilan Norwalk,2025-08-25,Lunes,12:00 AM,350.76,11:00 PM,550.49
Tacos Gavilan LA Central,2025-08-25,Lunes,12:00 AM,575.23,11:00 PM,561.12
Tacos Gavilan Santa Ana,2025-08-26,Martes,10:00 AM,552.82,11:00 PM,259.65
Tacos Gavilan La Puente,2025-08-26,Martes,9:00 AM,45.66,11:00 PM,237.30
Tacos Gavilan Rialto,2025-08-26,Martes,9:00 AM,163.75,11:00 PM,545.24
Tacos Gavilan South Gate,2025-08-26,Martes,9:00 AM,110.15,11:00 PM,286.99
Tacos Gavilan Bell,2025-08-26,Martes,12:00 AM,2.59,11:00 PM,121.54
Tacos Gavilan Huntington Park,2025-08-26,Martes,10:00 AM,297.17,11:00 PM,325.77
Tacos Gavilan Lynwood,2025-08-26,Martes,12:00 AM,661.35,11:00 PM,707.78
Tacos Gavilan Slauson,2025-08-26,Martes,12:00 AM,503.09,11:00 PM,344.86
Tacos Gavilan Hollywood,2025-08-26,Martes,9:00 AM,207.02,11:00 PM,600.22
Tacos Gavilan Azusa,2025-08-26,Martes,10:00 AM,207.40,11:00 PM,282.40
Tacos Gavilan LA Central,2025-08-26,Martes,12:00 AM,651.92,11:00 PM,804.25
Tacos Gavilan Downey,2025-08-26,Martes,9:00 AM,304.45,11:00 PM,225.75
Tacos Gavilan LA Broadway,2025-08-26,Martes,12:00 AM,379.67,11:00 PM,426.87
Tacos Gavilan West Covina,2025-08-26,Martes,12:00 AM,518.42,11:00 PM,444.59
Tacos Gavilan Norwalk,2025-08-26,Martes,12:00 AM,268.63,11:00 PM,635.14
Tacos Gavilan West Covina,2025-08-27,Miércoles,12:00 AM,479.56,11:00 PM,872.49
Tacos Gavilan La Puente,2025-08-27,Miércoles,9:00 AM,48.54,11:00 PM,524.68
Tacos Gavilan Rialto,2025-08-27,Miércoles,9:00 AM,230.80,11:00 PM,493.26
Tacos Gavilan LA Central,2025-08-27,Miércoles,12:00 AM,591.43,11:00 PM,763.51
Tacos Gavilan South Gate,2025-08-27,Miércoles,9:00 AM,211.89,11:00 PM,439.50
Tacos Gavilan Bell,2025-08-27,Miércoles,10:00 AM,278.48,11:00 PM,366.30
Tacos Gavilan Lynwood,2025-08-27,Miércoles,12:00 AM,616.04,11:00 PM,759.84
Tacos Gavilan Norwalk,2025-08-27,Miércoles,12:00 AM,393.40,11:00 PM,401.23
Tacos Gavilan Slauson,2025-08-27,Miércoles,12:00 AM,342.59,11:00 PM,605.20
Tacos Gavilan Hollywood,2025-08-27,Miércoles,9:00 AM,459.04,11:00 PM,399.00
Tacos Gavilan LA Broadway,2025-08-27,Miércoles,12:00 AM,535.66,11:00 PM,536.18
Tacos Gavilan Santa Ana,2025-08-27,Miércoles,10:00 AM,331.79,11:00 PM,437.33
Tacos Gavilan Huntington Park,2025-08-27,Miércoles,9:00 AM,10.99,11:00 PM,243.65
Tacos Gavilan Downey,2025-08-27,Miércoles,9:00 AM,171.27,11:00 PM,153.45
Tacos Gavilan Azusa,2025-08-27,Miércoles,10:00 AM,353.95,11:00 PM,105.06
Tacos Gavilan Santa Ana,2025-08-28,Jueves,10:00 AM,553.41,11:00 PM,503.93
Tacos Gavilan La Puente,2025-08-28,Jueves,9:00 AM,14.45,11:00 PM,253.07
Tacos Gavilan LA Central,2025-08-28,Jueves,12:00 AM,872.69,11:00 PM,1421.72
Tacos Gavilan South Gate,2025-08-28,Jueves,9:00 AM,318.41,11:00 PM,593.62
Tacos Gavilan Bell,2025-08-28,Jueves,10:00 AM,182.24,11:00 PM,464.41
Tacos Gavilan Downey,2025-08-28,Jueves,12:00 AM,154.58,11:00 PM,458.79
Tacos Gavilan Huntington Park,2025-08-28,Jueves,12:00 AM,199.69,11:00 PM,508.88
Tacos Gavilan Lynwood,2025-08-28,Jueves,12:00 AM,710.45,11:00 PM,901.42
Tacos Gavilan Slauson,2025-08-28,Jueves,12:00 AM,438.48,11:00 PM,696.60
Tacos Gavilan Hollywood,2025-08-28,Jueves,12:00 AM,2.88,11:00 PM,554.27
Tacos Gavilan LA Broadway,2025-08-28,Jueves,12:00 AM,559.47,11:00 PM,586.66
Tacos Gavilan Azusa,2025-08-28,Jueves,10:00 AM,205.30,11:00 PM,185.92
Tacos Gavilan Norwalk,2025-08-28,Jueves,12:00 AM,905.31,11:00 PM,886.13
Tacos Gavilan Rialto,2025-08-28,Jueves,12:00 AM,244.78,11:00 PM,797.85
Tacos Gavilan West Covina,2025-08-28,Jueves,12:00 AM,426.67,11:00 PM,804.22
Tacos Gavilan West Covina,2025-08-29,Viernes,12:00 AM,798.34,11:00 PM,966.24
Tacos Gavilan Santa Ana,2025-08-29,Viernes,12:00 AM,588.74,11:00 PM,842.20
Tacos Gavilan La Puente,2025-08-29,Viernes,12:00 AM,394.78,11:00 PM,714.47
Tacos Gavilan Rialto,2025-08-29,Viernes,12:00 AM,543.65,11:00 PM,620.61
Tacos Gavilan LA Central,2025-08-29,Viernes,12:00 AM,1348.66,11:00 PM,1366.13
Tacos Gavilan South Gate,2025-08-29,Viernes,12:00 AM,585.01,11:00 PM,876.06
Tacos Gavilan Bell,2025-08-29,Viernes,12:00 AM,351.97,11:00 PM,487.95
Tacos Gavilan Huntington Park,2025-08-29,Viernes,12:00 AM,534.64,11:00 PM,518.75
Tacos Gavilan Norwalk,2025-08-29,Viernes,12:00 AM,903.72,11:00 PM,1155.71
Tacos Gavilan Slauson,2025-08-29,Viernes,12:00 AM,857.90,11:00 PM,983.25
Tacos Gavilan Hollywood,2025-08-29,Viernes,12:00 AM,732.99,11:00 PM,933.96
Tacos Gavilan Azusa,2025-08-29,Viernes,12:00 AM,264.57,11:00 PM,304.73
Tacos Gavilan Downey,2025-08-29,Viernes,12:00 AM,581.52,11:00 PM,591.85
Tacos Gavilan LA Broadway,2025-08-29,Viernes,12:00 AM,732.75,11:00 PM,1058.53
Tacos Gavilan Lynwood,2025-08-29,Viernes,12:00 AM,1126.31,11:00 PM,1094.13
Tacos Gavilan West Covina,2025-08-30,Sábado,12:00 AM,851.20,11:00 PM,971.52
Tacos Gavilan Santa Ana,2025-08-30,Sábado,12:00 AM,581.47,11:00 PM,860.77
Tacos Gavilan La Puente,2025-08-30,Sábado,12:00 AM,679.54,11:00 PM,547.27
Tacos Gavilan Rialto,2025-08-30,Sábado,12:00 AM,830.82,11:00 PM,981.31
Tacos Gavilan South Gate,2025-08-30,Sábado,12:00 AM,768.71,11:00 PM,760.04
Tacos Gavilan Bell,2025-08-30,Sábado,12:00 AM,260.19,11:00 PM,433.48
Tacos Gavilan Huntington Park,2025-08-30,Sábado,12:00 AM,366.17,11:00 PM,438.40
Tacos Gavilan Lynwood,2025-08-30,Sábado,12:00 AM,1026.34,11:00 PM,1207.05
Tacos Gavilan Slauson,2025-08-30,Sábado,12:00 AM,501.08,11:00 PM,731.33
Tacos Gavilan Hollywood,2025-08-30,Sábado,12:00 AM,614.31,11:00 PM,613.80
Tacos Gavilan LA Broadway,2025-08-30,Sábado,12:00 AM,904.21,11:00 PM,1136.79
Tacos Gavilan Azusa,2025-08-30,Sábado,12:00 AM,458.23,11:00 PM,156.36
Tacos Gavilan Downey,2025-08-30,Sábado,12:00 AM,644.51,11:00 PM,598.54
Tacos Gavilan Norwalk,2025-08-30,Sábado,12:00 AM,939.59,11:00 PM,1356.54
Tacos Gavilan LA Central,2025-08-30,Sábado,12:00 AM,972.71,11:00 PM,1492.62
Tacos Gavilan West Covina,2025-08-31,Domingo,12:00 AM,669.29,11:00 PM,908.07
Tacos Gavilan Santa Ana,2025-08-31,Domingo,10:00 AM,537.93,11:00 PM,1060.56
Tacos Gavilan La Puente,2025-08-31,Domingo,9:00 AM,57.55,11:00 PM,499.85
Tacos Gavilan Rialto,2025-08-31,Domingo,12:00 AM,755.92,11:00 PM,792.53
Tacos Gavilan LA Central,2025-08-31,Domingo,12:00 AM,1522.53,11:00 PM,1611.20
Tacos Gavilan South Gate,2025-08-31,Domingo,9:00 AM,14.35,11:00 PM,632.13
Tacos Gavilan Bell,2025-08-31,Domingo,12:00 AM,4.58,11:00 PM,345.76
Tacos Gavilan Huntington Park,2025-08-31,Domingo,10:00 AM,694.95,11:00 PM,577.91
Tacos Gavilan Lynwood,2025-08-31,Domingo,12:00 AM,1742.14,11:00 PM,1421.19
Tacos Gavilan Slauson,2025-08-31,Domingo,12:00 AM,869.29,11:00 PM,773.63
Tacos Gavilan Hollywood,2025-08-31,Domingo,9:00 AM,257.41,11:00 PM,749.48
Tacos Gavilan LA Broadway,2025-08-31,Domingo,12:00 AM,864.11,11:00 PM,1169.66
Tacos Gavilan Azusa,2025-08-31,Domingo,10:00 AM,69.05,11:00 PM,274.37
Tacos Gavilan Norwalk,2025-08-31,Domingo,12:00 AM,888.30,11:00 PM,1135.50
Tacos Gavilan Downey,2025-08-31,Domingo,12:00 AM,4.49,11:00 PM,715.24
Tacos Gavilan West Covina,2025-09-01,Lunes,12:00 AM,362.29,11:00 PM,424.74
Tacos Gavilan Santa Ana,2025-09-01,Lunes,10:00 AM,450.09,11:00 PM,128.04
Tacos Gavilan La Puente,2025-09-01,Lunes,9:00 AM,56.15,11:00 PM,287.19
Tacos Gavilan Rialto,2025-09-01,Lunes,12:00 AM,2.29,11:00 PM,556.47
Tacos Gavilan South Gate,2025-09-01,Lunes,9:00 AM,350.88,11:00 PM,259.63
Tacos Gavilan Bell,2025-09-01,Lunes,10:00 AM,157.57,11:00 PM,101.57
Tacos Gavilan Huntington Park,2025-09-01,Lunes,10:00 AM,524.21,11:00 PM,479.54
Tacos Gavilan Lynwood,2025-09-01,Lunes,12:00 AM,503.63,11:00 PM,914.98
Tacos Gavilan Slauson,2025-09-01,Lunes,12:00 AM,280.17,11:00 PM,476.63
Tacos Gavilan Hollywood,2025-09-01,Lunes,9:00 AM,171.59,11:00 PM,494.97
Tacos Gavilan LA Broadway,2025-09-01,Lunes,12:00 AM,233.92,11:00 PM,660.00
Tacos Gavilan LA Central,2025-09-01,Lunes,12:00 AM,727.75,11:00 PM,748.42
Tacos Gavilan Azusa,2025-09-01,Lunes,10:00 AM,349.90,11:00 PM,84.95
Tacos Gavilan Downey,2025-09-01,Lunes,8:00 AM,8.59,11:00 PM,327.50
Tacos Gavilan Norwalk,2025-09-01,Lunes,12:00 AM,390.37,11:00 PM,641.31
Tacos Gavilan West Covina,2025-09-02,Martes,12:00 AM,307.18,11:00 PM,226.07
Tacos Gavilan Santa Ana,2025-09-02,Martes,10:00 AM,314.81,11:00 PM,215.21
Tacos Gavilan La Puente,2025-09-02,Martes,9:00 AM,93.93,11:00 PM,215.71
Tacos Gavilan South Gate,2025-09-02,Martes,9:00 AM,170.86,11:00 PM,447.74
Tacos Gavilan Bell,2025-09-02,Martes,10:00 AM,225.55,11:00 PM,139.77
Tacos Gavilan Huntington Park,2025-09-02,Martes,10:00 AM,277.84,11:00 PM,375.55
Tacos Gavilan Lynwood,2025-09-02,Martes,12:00 AM,677.97,11:00 PM,792.35
Tacos Gavilan Norwalk,2025-09-02,Martes,12:00 AM,470.02,11:00 PM,384.61
Tacos Gavilan Slauson,2025-09-02,Martes,12:00 AM,384.61,11:00 PM,538.00
Tacos Gavilan Hollywood,2025-09-02,Martes,9:00 AM,306.31,11:00 PM,231.36
Tacos Gavilan Downey,2025-09-02,Martes,8:00 AM,8.59,11:00 PM,220.82
Tacos Gavilan LA Broadway,2025-09-02,Martes,12:00 AM,341.46,11:00 PM,278.92
Tacos Gavilan Azusa,2025-09-02,Martes,10:00 AM,224.36,11:00 PM,105.96
Tacos Gavilan Rialto,2025-09-02,Martes,9:00 AM,155.22,11:00 PM,433.07
Tacos Gavilan LA Central,2025-09-02,Martes,12:00 AM,978.40,11:00 PM,704.38
Tacos Gavilan West Covina,2025-09-03,Miércoles,12:00 AM,210.01,11:00 PM,606.36
Tacos Gavilan South Gate,2025-09-03,Miércoles,9:00 AM,128.59,11:00 PM,506.35
Tacos Gavilan Bell,2025-09-03,Miércoles,9:00 AM,14.74,11:00 PM,53.58
Tacos Gavilan Downey,2025-09-03,Miércoles,9:00 AM,207.72,11:00 PM,431.13
Tacos Gavilan Huntington Park,2025-09-03,Miércoles,10:00 AM,435.15,11:00 PM,285.82
Tacos Gavilan Lynwood,2025-09-03,Miércoles,12:00 AM,486.01,11:00 PM,581.41
Tacos Gavilan Slauson,2025-09-03,Miércoles,12:00 AM,274.89,11:00 PM,476.09
Tacos Gavilan Hollywood,2025-09-03,Miércoles,12:00 AM,36.87,11:00 PM,426.74
Tacos Gavilan LA Broadway,2025-09-03,Miércoles,12:00 AM,280.08,11:00 PM,716.49
Tacos Gavilan Azusa,2025-09-03,Miércoles,9:00 AM,23.06,11:00 PM,73.44
Tacos Gavilan Rialto,2025-09-03,Miércoles,9:00 AM,169.37,11:00 PM,351.88
Tacos Gavilan La Puente,2025-09-03,Miércoles,9:00 AM,21.54,11:00 PM,259.71
Tacos Gavilan Norwalk,2025-09-03,Miércoles,12:00 AM,512.98,11:00 PM,600.16
Tacos Gavilan LA Central,2025-09-03,Miércoles,12:00 AM,805.90,11:00 PM,646.84
Tacos Gavilan Santa Ana,2025-09-03,Miércoles,10:00 AM,345.22,11:00 PM,399.14
Tacos Gavilan West Covina,2025-09-04,Jueves,12:00 AM,458.38,11:00 PM,513.08
Tacos Gavilan Santa Ana,2025-09-04,Jueves,10:00 AM,545.88,11:00 PM,397.93
Tacos Gavilan La Puente,2025-09-04,Jueves,10:00 AM,313.42,11:00 PM,236.83
Tacos Gavilan Azusa,2025-09-04,Jueves,9:00 AM,44.66,11:00 PM,221.44
Tacos Gavilan South Gate,2025-09-04,Jueves,12:00 AM,7.58,11:00 PM,403.44
Tacos Gavilan Bell,2025-09-04,Jueves,10:00 AM,321.40,11:00 PM,159.66
Tacos Gavilan Huntington Park,2025-09-04,Jueves,12:00 AM,197.62,11:00 PM,375.86
Tacos Gavilan Lynwood,2025-09-04,Jueves,12:00 AM,645.49,11:00 PM,1039.30
Tacos Gavilan Slauson,2025-09-04,Jueves,12:00 AM,417.00,11:00 PM,723.88
Tacos Gavilan Hollywood,2025-09-04,Jueves,9:00 AM,386.12,11:00 PM,556.24
Tacos Gavilan LA Broadway,2025-09-04,Jueves,12:00 AM,489.68,11:00 PM,610.34
Tacos Gavilan Rialto,2025-09-04,Jueves,12:00 AM,458.92,11:00 PM,508.39
Tacos Gavilan Norwalk,2025-09-04,Jueves,12:00 AM,369.03,11:00 PM,635.27
Tacos Gavilan Downey,2025-09-04,Jueves,12:00 AM,38.04,11:00 PM,310.89
Tacos Gavilan LA Central,2025-09-04,Jueves,12:00 AM,768.48,11:00 PM,750.35
Tacos Gavilan West Covina,2025-09-05,Viernes,12:00 AM,792.71,11:00 PM,1038.71
Tacos Gavilan Santa Ana,2025-09-05,Viernes,12:00 AM,487.02,11:00 PM,699.89
Tacos Gavilan Rialto,2025-09-05,Viernes,12:00 AM,971.66,11:00 PM,987.05
Tacos Gavilan LA Central,2025-09-05,Viernes,12:00 AM,1099.68,11:00 PM,1689.03
Tacos Gavilan South Gate,2025-09-05,Viernes,12:00 AM,573.57,11:00 PM,1096.20
Tacos Gavilan Bell,2025-09-05,Viernes,12:00 AM,296.84,11:00 PM,308.67
Tacos Gavilan Downey,2025-09-05,Viernes,12:00 AM,454.43,11:00 PM,420.66
Tacos Gavilan Huntington Park,2025-09-05,Viernes,12:00 AM,554.43,11:00 PM,915.04
Tacos Gavilan Lynwood,2025-09-05,Viernes,12:00 AM,809.03,11:00 PM,1326.72
Tacos Gavilan Slauson,2025-09-05,Viernes,12:00 AM,677.87,11:00 PM,917.92
Tacos Gavilan Hollywood,2025-09-05,Viernes,12:00 AM,728.47,11:00 PM,916.15
Tacos Gavilan LA Broadway,2025-09-05,Viernes,12:00 AM,722.89,11:00 PM,1133.14
Tacos Gavilan Norwalk,2025-09-05,Viernes,12:00 AM,994.56,11:00 PM,1131.86
Tacos Gavilan Azusa,2025-09-05,Viernes,12:00 AM,182.40,11:00 PM,629.72
Tacos Gavilan La Puente,2025-09-05,Viernes,12:00 AM,384.51,11:00 PM,347.41
Tacos Gavilan West Covina,2025-09-06,Sábado,12:00 AM,937.66,11:00 PM,959.16
Tacos Gavilan La Puente,2025-09-06,Sábado,12:00 AM,667.77,11:00 PM,700.22
Tacos Gavilan Rialto,2025-09-06,Sábado,12:00 AM,915.96,11:00 PM,1067.28
Tacos Gavilan LA Central,2025-09-06,Sábado,12:00 AM,1332.94,11:00 PM,1270.63
Tacos Gavilan South Gate,2025-09-06,Sábado,12:00 AM,856.91,11:00 PM,756.13
Tacos Gavilan Bell,2025-09-06,Sábado,12:00 AM,468.14,11:00 PM,322.52
Tacos Gavilan Huntington Park,2025-09-06,Sábado,12:00 AM,499.36,11:00 PM,402.13
Tacos Gavilan Norwalk,2025-09-06,Sábado,12:00 AM,999.01,11:00 PM,1194.64
Tacos Gavilan Slauson,2025-09-06,Sábado,12:00 AM,809.52,11:00 PM,1133.56
Tacos Gavilan Azusa,2025-09-06,Sábado,12:00 AM,490.74,11:00 PM,231.90
Tacos Gavilan Downey,2025-09-06,Sábado,12:00 AM,792.74,11:00 PM,627.48
Tacos Gavilan LA Broadway,2025-09-06,Sábado,12:00 AM,857.13,11:00 PM,946.99
Tacos Gavilan Santa Ana,2025-09-06,Sábado,12:00 AM,829.12,11:00 PM,725.79
Tacos Gavilan Lynwood,2025-09-06,Sábado,12:00 AM,1012.95,11:00 PM,1341.83
Tacos Gavilan Hollywood,2025-09-06,Sábado,12:00 AM,857.88,11:00 PM,738.59
Tacos Gavilan West Covina,2025-09-07,Domingo,12:00 AM,672.61,11:00 PM,672.55
Tacos Gavilan Santa Ana,2025-09-07,Domingo,10:00 AM,472.98,11:00 PM,482.12
Tacos Gavilan La Puente,2025-09-07,Domingo,9:00 AM,80.76,11:00 PM,516.46
Tacos Gavilan Rialto,2025-09-07,Domingo,12:00 AM,388.89,11:00 PM,572.46
Tacos Gavilan South Gate,2025-09-07,Domingo,10:00 AM,518.80,11:00 PM,425.50
Tacos Gavilan Bell,2025-09-07,Domingo,10:00 AM,257.06,11:00 PM,56.34
Tacos Gavilan Huntington Park,2025-09-07,Domingo,10:00 AM,529.26,11:00 PM,312.54
Tacos Gavilan Lynwood,2025-09-07,Domingo,12:00 AM,1035.89,11:00 PM,896.04
Tacos Gavilan Norwalk,2025-09-07,Domingo,12:00 AM,284.29,11:00 PM,670.85
Tacos Gavilan Slauson,2025-09-07,Domingo,12:00 AM,308.56,11:00 PM,713.22
Tacos Gavilan Hollywood,2025-09-07,Domingo,12:00 AM,13.18,11:00 PM,617.67
Tacos Gavilan Azusa,2025-09-07,Domingo,10:00 AM,233.46,11:00 PM,317.76
Tacos Gavilan LA Central,2025-09-07,Domingo,12:00 AM,1116.27,11:00 PM,881.44
Tacos Gavilan Downey,2025-09-07,Domingo,9:00 AM,326.29,11:00 PM,291.22
Tacos Gavilan LA Broadway,2025-09-07,Domingo,12:00 AM,687.12,11:00 PM,699.88
Tacos Gavilan Santa Ana,2025-09-08,Lunes,9:00 AM,4.58,11:00 PM,499.57
Tacos Gavilan Azusa,2025-09-08,Lunes,10:00 AM,169.22,11:00 PM,162.85
Tacos Gavilan LA Central,2025-09-08,Lunes,12:00 AM,573.81,11:00 PM,933.70
Tacos Gavilan Bell,2025-09-08,Lunes,10:00 AM,128.70,11:00 PM,108.91
Tacos Gavilan Huntington Park,2025-09-08,Lunes,10:00 AM,416.73,11:00 PM,262.28
Tacos Gavilan Lynwood,2025-09-08,Lunes,12:00 AM,578.68,11:00 PM,726.03
Tacos Gavilan Norwalk,2025-09-08,Lunes,12:00 AM,679.26,11:00 PM,754.98
Tacos Gavilan Slauson,2025-09-08,Lunes,12:00 AM,402.83,11:00 PM,770.72
Tacos Gavilan Hollywood,2025-09-08,Lunes,9:00 AM,290.70,11:00 PM,363.51
Tacos Gavilan La Puente,2025-09-08,Lunes,9:00 AM,45.89,11:00 PM,118.13
Tacos Gavilan Rialto,2025-09-08,Lunes,9:00 AM,211.82,11:00 PM,530.58
Tacos Gavilan Downey,2025-09-08,Lunes,8:00 AM,6.44,11:00 PM,363.17
Tacos Gavilan LA Broadway,2025-09-08,Lunes,12:00 AM,406.03,11:00 PM,439.56
Tacos Gavilan South Gate,2025-09-08,Lunes,9:00 AM,75.54,11:00 PM,436.10
Tacos Gavilan West Covina,2025-09-08,Lunes,12:00 AM,347.14,11:00 PM,714.98
Tacos Gavilan Santa Ana,2025-09-09,Martes,10:00 AM,736.67,11:00 PM,407.04
Tacos Gavilan Rialto,2025-09-09,Martes,9:00 AM,91.63,11:00 PM,317.78
Tacos Gavilan LA Central,2025-09-09,Martes,12:00 AM,946.50,11:00 PM,989.95
Tacos Gavilan South Gate,2025-09-09,Martes,9:00 AM,191.17,11:00 PM,186.76
Tacos Gavilan Huntington Park,2025-09-09,Martes,10:00 AM,216.72,11:00 PM,389.66
Tacos Gavilan Norwalk,2025-09-09,Martes,12:00 AM,425.92,11:00 PM,633.83
Tacos Gavilan Hollywood,2025-09-09,Martes,8:00 AM,10.98,11:00 PM,604.07
Tacos Gavilan Azusa,2025-09-09,Martes,10:00 AM,613.93,11:00 PM,278.56
Tacos Gavilan Slauson,2025-09-09,Martes,12:00 AM,241.73,11:00 PM,677.95
Tacos Gavilan Downey,2025-09-09,Martes,8:00 AM,17.68,11:00 PM,267.95
Tacos Gavilan LA Broadway,2025-09-09,Martes,12:00 AM,511.44,11:00 PM,661.62
Tacos Gavilan Bell,2025-09-09,Martes,10:00 AM,230.99,11:00 PM,212.34
Tacos Gavilan La Puente,2025-09-09,Martes,9:00 AM,25.24,11:00 PM,448.79
Tacos Gavilan West Covina,2025-09-09,Martes,12:00 AM,384.64,11:00 PM,365.61
Tacos Gavilan Lynwood,2025-09-09,Martes,12:00 AM,571.80,11:00 PM,495.95
Tacos Gavilan West Covina,2025-09-10,Miércoles,12:00 AM,503.04,11:00 PM,422.38
Tacos Gavilan La Puente,2025-09-10,Miércoles,9:00 AM,9.89,11:00 PM,194.51
Tacos Gavilan Rialto,2025-09-10,Miércoles,9:00 AM,165.93,11:00 PM,317.15
Tacos Gavilan South Gate,2025-09-10,Miércoles,9:00 AM,180.81,11:00 PM,373.74
Tacos Gavilan Huntington Park,2025-09-10,Miércoles,10:00 AM,436.98,11:00 PM,267.33
Tacos Gavilan Norwalk,2025-09-10,Miércoles,12:00 AM,459.61,11:00 PM,397.39
Tacos Gavilan Slauson,2025-09-10,Miércoles,12:00 AM,374.91,11:00 PM,662.90
Tacos Gavilan Hollywood,2025-09-10,Miércoles,8:00 AM,10.99,11:00 PM,281.15
Tacos Gavilan Downey,2025-09-10,Miércoles,9:00 AM,271.50,11:00 PM,372.22
Tacos Gavilan Bell,2025-09-10,Miércoles,10:00 AM,165.18,11:00 PM,96.48
Tacos Gavilan Azusa,2025-09-10,Miércoles,9:00 AM,8.98,11:00 PM,139.75
Tacos Gavilan LA Broadway,2025-09-10,Miércoles,12:00 AM,777.27,11:00 PM,690.24
Tacos Gavilan Lynwood,2025-09-10,Miércoles,12:00 AM,617.29,11:00 PM,574.67
Tacos Gavilan LA Central,2025-09-10,Miércoles,12:00 AM,932.70,11:00 PM,932.11
Tacos Gavilan Santa Ana,2025-09-10,Miércoles,10:00 AM,419.19,11:00 PM,467.01
Tacos Gavilan West Covina,2025-09-11,Jueves,12:00 AM,550.48,11:00 PM,481.19
Tacos Gavilan Santa Ana,2025-09-11,Jueves,10:00 AM,295.18,11:00 PM,362.98
Tacos Gavilan Rialto,2025-09-11,Jueves,12:00 AM,434.42,11:00 PM,642.30
Tacos Gavilan LA Central,2025-09-11,Jueves,12:00 AM,900.12,11:00 PM,783.10
Tacos Gavilan Bell,2025-09-11,Jueves,12:00 AM,3.79,11:00 PM,173.42
Tacos Gavilan Norwalk,2025-09-11,Jueves,12:00 AM,836.50,11:00 PM,618.36
Tacos Gavilan Slauson,2025-09-11,Jueves,12:00 AM,419.24,11:00 PM,548.70
Tacos Gavilan Hollywood,2025-09-11,Jueves,8:00 AM,8.59,11:00 PM,727.05
Tacos Gavilan Azusa,2025-09-11,Jueves,9:00 AM,21.97,11:00 PM,290.29
Tacos Gavilan LA Broadway,2025-09-11,Jueves,12:00 AM,668.34,11:00 PM,616.80
Tacos Gavilan Huntington Park,2025-09-11,Jueves,12:00 AM,371.01,11:00 PM,429.82
Tacos Gavilan Downey,2025-09-11,Jueves,12:00 AM,195.02,11:00 PM,442.17
Tacos Gavilan South Gate,2025-09-11,Jueves,9:00 AM,88.85,11:00 PM,425.83
Tacos Gavilan Lynwood,2025-09-11,Jueves,12:00 AM,675.08,11:00 PM,677.65
Tacos Gavilan La Puente,2025-09-11,Jueves,9:00 AM,31.62,11:00 PM,253.08
Tacos Gavilan Santa Ana,2025-09-12,Viernes,12:00 AM,499.92,11:00 PM,718.06
Tacos Gavilan La Puente,2025-09-12,Viernes,12:00 AM,471.31,11:00 PM,702.77
Tacos Gavilan Rialto,2025-09-12,Viernes,12:00 AM,509.95,11:00 PM,799.54
Tacos Gavilan LA Central,2025-09-12,Viernes,12:00 AM,1554.10,11:00 PM,1587.84
Tacos Gavilan South Gate,2025-09-12,Viernes,12:00 AM,661.61,11:00 PM,954.46
Tacos Gavilan Bell,2025-09-12,Viernes,12:00 AM,224.68,11:00 PM,413.94
Tacos Gavilan Norwalk,2025-09-12,Viernes,12:00 AM,672.38,11:00 PM,947.62
Tacos Gavilan Slauson,2025-09-12,Viernes,12:00 AM,525.08,11:00 PM,1058.77
Tacos Gavilan Hollywood,2025-09-12,Viernes,12:00 AM,630.77,11:00 PM,762.40
Tacos Gavilan Azusa,2025-09-12,Viernes,12:00 AM,378.95,11:00 PM,271.59
Tacos Gavilan Downey,2025-09-12,Viernes,12:00 AM,600.89,11:00 PM,393.78
Tacos Gavilan LA Broadway,2025-09-12,Viernes,12:00 AM,863.32,11:00 PM,972.11
Tacos Gavilan Huntington Park,2025-09-12,Viernes,12:00 AM,437.79,11:00 PM,379.74
Tacos Gavilan West Covina,2025-09-12,Viernes,12:00 AM,623.19,11:00 PM,903.16
Tacos Gavilan Lynwood,2025-09-12,Viernes,12:00 AM,707.21,11:00 PM,1046.67
Tacos Gavilan Santa Ana,2025-09-13,Sábado,12:00 AM,501.56,11:00 PM,856.32
Tacos Gavilan Rialto,2025-09-13,Sábado,12:00 AM,798.91,11:00 PM,1050.56
Tacos Gavilan LA Central,2025-09-13,Sábado,12:00 AM,1183.87,11:00 PM,1480.30
Tacos Gavilan South Gate,2025-09-13,Sábado,12:00 AM,1068.79,11:00 PM,1202.61
Tacos Gavilan Bell,2025-09-13,Sábado,12:00 AM,552.02,11:00 PM,413.47
Tacos Gavilan Slauson,2025-09-13,Sábado,12:00 AM,1169.64,11:00 PM,764.01
Tacos Gavilan Hollywood,2025-09-13,Sábado,12:00 AM,804.23,11:00 PM,678.73
Tacos Gavilan LA Broadway,2025-09-13,Sábado,12:00 AM,1229.32,11:00 PM,953.80
Tacos Gavilan Azusa,2025-09-13,Sábado,12:00 AM,348.85,11:00 PM,400.13
Tacos Gavilan Downey,2025-09-13,Sábado,12:00 AM,682.23,11:00 PM,840.63
Tacos Gavilan Norwalk,2025-09-13,Sábado,12:00 AM,1183.34,11:00 PM,690.74
Tacos Gavilan La Puente,2025-09-13,Sábado,12:00 AM,651.47,11:00 PM,687.87
Tacos Gavilan Huntington Park,2025-09-13,Sábado,12:00 AM,468.98,11:00 PM,616.15
Tacos Gavilan West Covina,2025-09-13,Sábado,12:00 AM,900.17,11:00 PM,870.69
Tacos Gavilan Lynwood,2025-09-13,Sábado,12:00 AM,1491.88,11:00 PM,1347.69
Tacos Gavilan West Covina,2025-09-14,Domingo,12:00 AM,626.31,11:00 PM,769.85
Tacos Gavilan Santa Ana,2025-09-14,Domingo,10:00 AM,544.30,11:00 PM,387.74
Tacos Gavilan La Puente,2025-09-14,Domingo,10:00 AM,319.15,11:00 PM,631.03
Tacos Gavilan Rialto,2025-09-14,Domingo,12:00 AM,274.68,11:00 PM,467.96
Tacos Gavilan LA Central,2025-09-14,Domingo,12:00 AM,755.50,11:00 PM,804.62
Tacos Gavilan South Gate,2025-09-14,Domingo,10:00 AM,413.29,11:00 PM,268.95
Tacos Gavilan Bell,2025-09-14,Domingo,10:00 AM,358.13,11:00 PM,292.18
Tacos Gavilan Huntington Park,2025-09-14,Domingo,10:00 AM,362.44,11:00 PM,355.09
Tacos Gavilan Lynwood,2025-09-14,Domingo,12:00 AM,961.93,11:00 PM,1107.50
Tacos Gavilan Slauson,2025-09-14,Domingo,12:00 AM,735.34,11:00 PM,763.76
Tacos Gavilan Hollywood,2025-09-14,Domingo,9:00 AM,207.44,11:00 PM,500.99
Tacos Gavilan Downey,2025-09-14,Domingo,9:00 AM,262.61,11:00 PM,407.58
Tacos Gavilan Azusa,2025-09-14,Domingo,10:00 AM,180.14,11:00 PM,149.55
Tacos Gavilan Norwalk,2025-09-14,Domingo,12:00 AM,332.14,11:00 PM,747.40
Tacos Gavilan LA Broadway,2025-09-14,Domingo,12:00 AM,856.08,11:00 PM,657.02
Tacos Gavilan Santa Ana,2025-09-15,Lunes,10:00 AM,328.10,11:00 PM,335.37
Tacos Gavilan La Puente,2025-09-15,Lunes,9:00 AM,78.68,11:00 PM,165.85
Tacos Gavilan Rialto,2025-09-15,Lunes,9:00 AM,32.44,11:00 PM,319.55
Tacos Gavilan LA Central,2025-09-15,Lunes,12:00 AM,579.74,11:00 PM,789.52
Tacos Gavilan South Gate,2025-09-15,Lunes,9:00 AM,201.19,11:00 PM,447.68
Tacos Gavilan Huntington Park,2025-09-15,Lunes,9:00 AM,9.16,11:00 PM,296.45
Tacos Gavilan Norwalk,2025-09-15,Lunes,12:00 AM,338.03,11:00 PM,415.36
Tacos Gavilan Slauson,2025-09-15,Lunes,12:00 AM,340.94,11:00 PM,448.70
Tacos Gavilan Hollywood,2025-09-15,Lunes,8:00 AM,1.09,11:00 PM,391.50
Tacos Gavilan LA Broadway,2025-09-15,Lunes,12:00 AM,342.87,11:00 PM,604.02
Tacos Gavilan Azusa,2025-09-15,Lunes,9:00 AM,93.97,11:00 PM,237.65
Tacos Gavilan Downey,2025-09-15,Lunes,8:00 AM,6.87,11:00 PM,286.17
Tacos Gavilan Bell,2025-09-15,Lunes,10:00 AM,126.10,11:00 PM,255.85
Tacos Gavilan West Covina,2025-09-15,Lunes,12:00 AM,344.62,11:00 PM,659.05
Tacos Gavilan Lynwood,2025-09-15,Lunes,12:00 AM,471.54,11:00 PM,624.73
Tacos Gavilan West Covina,2025-09-16,Martes,12:00 AM,379.59,11:00 PM,529.07
Tacos Gavilan La Puente,2025-09-16,Martes,9:00 AM,53.80,11:00 PM,275.76
Tacos Gavilan Rialto,2025-09-16,Martes,9:00 AM,184.49,11:00 PM,518.46
Tacos Gavilan LA Central,2025-09-16,Martes,12:00 AM,575.67,11:00 PM,843.71
Tacos Gavilan South Gate,2025-09-16,Martes,9:00 AM,116.09,11:00 PM,474.91
Tacos Gavilan Bell,2025-09-16,Martes,10:00 AM,183.49,11:00 PM,110.30
Tacos Gavilan Huntington Park,2025-09-16,Martes,10:00 AM,239.85,11:00 PM,502.53
Tacos Gavilan Slauson,2025-09-16,Martes,12:00 AM,245.30,11:00 PM,438.67
Tacos Gavilan Hollywood,2025-09-16,Martes,8:00 AM,8.59,11:00 PM,656.74
Tacos Gavilan LA Broadway,2025-09-16,Martes,12:00 AM,579.56,11:00 PM,561.38
Tacos Gavilan Azusa,2025-09-16,Martes,9:00 AM,54.07,11:00 PM,119.41
Tacos Gavilan Norwalk,2025-09-16,Martes,12:00 AM,508.08,11:00 PM,638.01
Tacos Gavilan Downey,2025-09-16,Martes,9:00 AM,111.78,11:00 PM,323.70
Tacos Gavilan Santa Ana,2025-09-16,Martes,10:00 AM,522.32,11:00 PM,480.64
Tacos Gavilan Lynwood,2025-09-16,Martes,12:00 AM,505.02,11:00 PM,756.46
Tacos Gavilan West Covina,2025-09-17,Miércoles,12:00 AM,302.21,11:00 PM,558.09
Tacos Gavilan Santa Ana,2025-09-17,Miércoles,10:00 AM,514.16,11:00 PM,769.29
Tacos Gavilan La Puente,2025-09-17,Miércoles,9:00 AM,17.03,11:00 PM,227.59
Tacos Gavilan Rialto,2025-09-17,Miércoles,12:00 AM,8.59,11:00 PM,566.50
Tacos Gavilan LA Central,2025-09-17,Miércoles,12:00 AM,836.26,11:00 PM,901.70
Tacos Gavilan South Gate,2025-09-17,Miércoles,9:00 AM,89.21,11:00 PM,376.35
Tacos Gavilan Bell,2025-09-17,Miércoles,10:00 AM,87.82,11:00 PM,108.88
Tacos Gavilan Huntington Park,2025-09-17,Miércoles,10:00 AM,357.95,11:00 PM,421.17
Tacos Gavilan Lynwood,2025-09-17,Miércoles,12:00 AM,592.12,11:00 PM,593.88
Tacos Gavilan Slauson,2025-09-17,Miércoles,12:00 AM,282.86,11:00 PM,647.03
Tacos Gavilan Hollywood,2025-09-17,Miércoles,9:00 AM,329.82,11:00 PM,502.12
Tacos Gavilan LA Broadway,2025-09-17,Miércoles,12:00 AM,365.33,11:00 PM,541.54
Tacos Gavilan Azusa,2025-09-17,Miércoles,9:00 AM,10.99,11:00 PM,199.48
Tacos Gavilan Downey,2025-09-17,Miércoles,9:00 AM,349.97,11:00 PM,211.75
Tacos Gavilan Norwalk,2025-09-17,Miércoles,12:00 AM,553.41,11:00 PM,696.82
Tacos Gavilan West Covina,2025-09-18,Jueves,12:00 AM,463.30,11:00 PM,712.97
Tacos Gavilan Santa Ana,2025-09-18,Jueves,10:00 AM,589.31,11:00 PM,320.66
Tacos Gavilan LA Central,2025-09-18,Jueves,12:00 AM,1173.28,11:00 PM,1381.95
Tacos Gavilan South Gate,2025-09-18,Jueves,9:00 AM,120.10,11:00 PM,713.17
Tacos Gavilan Bell,2025-09-18,Jueves,10:00 AM,108.53,11:00 PM,365.92
Tacos Gavilan Lynwood,2025-09-18,Jueves,12:00 AM,562.24,11:00 PM,842.77
Tacos Gavilan Norwalk,2025-09-18,Jueves,12:00 AM,733.16,11:00 PM,625.89
Tacos Gavilan Hollywood,2025-09-18,Jueves,9:00 AM,379.55,11:00 PM,716.96
Tacos Gavilan Huntington Park,2025-09-18,Jueves,12:00 AM,201.83,11:00 PM,362.41
Tacos Gavilan Downey,2025-09-18,Jueves,12:00 AM,109.04,11:00 PM,473.00
Tacos Gavilan LA Broadway,2025-09-18,Jueves,12:00 AM,538.43,11:00 PM,725.40
Tacos Gavilan Azusa,2025-09-18,Jueves,9:00 AM,16.37,11:00 PM,167.32
Tacos Gavilan Rialto,2025-09-18,Jueves,12:00 AM,266.19,11:00 PM,678.93
Tacos Gavilan La Puente,2025-09-18,Jueves,9:00 AM,438.09,11:00 PM,400.42
Tacos Gavilan Slauson,2025-09-18,Jueves,12:00 AM,560.93,11:00 PM,46.94
Tacos Gavilan Santa Ana,2025-09-19,Viernes,12:00 AM,389.21,11:00 PM,939.51
Tacos Gavilan La Puente,2025-09-19,Viernes,12:00 AM,297.65,11:00 PM,311.95
Tacos Gavilan Rialto,2025-09-19,Viernes,12:00 AM,681.34,11:00 PM,1083.46
Tacos Gavilan LA Central,2025-09-19,Viernes,12:00 AM,887.30,11:00 PM,1630.55
Tacos Gavilan South Gate,2025-09-19,Viernes,12:00 AM,563.39,11:00 PM,810.72
Tacos Gavilan Bell,2025-09-19,Viernes,12:00 AM,179.33,11:00 PM,472.93
Tacos Gavilan Norwalk,2025-09-19,Viernes,12:00 AM,725.21,11:00 PM,1348.59
Tacos Gavilan Slauson,2025-09-19,Viernes,12:00 AM,530.61,11:00 PM,807.24
Tacos Gavilan Azusa,2025-09-19,Viernes,12:00 AM,252.83,11:00 PM,356.99
Tacos Gavilan Hollywood,2025-09-19,Viernes,12:00 AM,784.47,11:00 PM,632.46
Tacos Gavilan LA Broadway,2025-09-19,Viernes,12:00 AM,686.20,11:00 PM,960.68
Tacos Gavilan Downey,2025-09-19,Viernes,12:00 AM,682.25,11:00 PM,543.15
Tacos Gavilan Huntington Park,2025-09-19,Viernes,12:00 AM,372.02,11:00 PM,384.75
Tacos Gavilan West Covina,2025-09-19,Viernes,12:00 AM,868.81,11:00 PM,1108.45
Tacos Gavilan Lynwood,2025-09-19,Viernes,12:00 AM,920.79,11:00 PM,1262.63
Tacos Gavilan West Covina,2025-09-20,Sábado,12:00 AM,706.70,11:00 PM,908.68
Tacos Gavilan Santa Ana,2025-09-20,Sábado,12:00 AM,494.97,11:00 PM,667.95
Tacos Gavilan La Puente,2025-09-20,Sábado,12:00 AM,657.80,11:00 PM,844.04
Tacos Gavilan South Gate,2025-09-20,Sábado,12:00 AM,691.05,11:00 PM,1167.05
Tacos Gavilan Bell,2025-09-20,Sábado,12:00 AM,389.80,11:00 PM,382.37
Tacos Gavilan Huntington Park,2025-09-20,Sábado,12:00 AM,353.64,11:00 PM,707.41
Tacos Gavilan Lynwood,2025-09-20,Sábado,12:00 AM,1091.66,11:00 PM,1339.89
Tacos Gavilan Slauson,2025-09-20,Sábado,12:00 AM,1133.27,11:00 PM,876.95
Tacos Gavilan Hollywood,2025-09-20,Sábado,12:00 AM,604.53,11:00 PM,849.87
Tacos Gavilan Rialto,2025-09-20,Sábado,12:00 AM,448.01,11:00 PM,1047.84
Tacos Gavilan LA Broadway,2025-09-20,Sábado,12:00 AM,1122.77,11:00 PM,986.94
Tacos Gavilan Azusa,2025-09-20,Sábado,12:00 AM,256.25,11:00 PM,362.63
Tacos Gavilan Downey,2025-09-20,Sábado,12:00 AM,729.30,11:00 PM,1162.87
Tacos Gavilan Norwalk,2025-09-20,Sábado,12:00 AM,856.27,11:00 PM,883.96
Tacos Gavilan LA Central,2025-09-20,Sábado,12:00 AM,1811.69,11:00 PM,1492.85
Tacos Gavilan Santa Ana,2025-09-21,Domingo,9:00 AM,4.95,11:00 PM,225.51
Tacos Gavilan La Puente,2025-09-21,Domingo,9:00 AM,80.27,11:00 PM,233.86
Tacos Gavilan Rialto,2025-09-21,Domingo,12:00 AM,321.19,11:00 PM,337.18
Tacos Gavilan LA Central,2025-09-21,Domingo,12:00 AM,897.40,11:00 PM,903.00
Tacos Gavilan South Gate,2025-09-21,Domingo,10:00 AM,369.68,11:00 PM,343.57
Tacos Gavilan Bell,2025-09-21,Domingo,10:00 AM,197.80,11:00 PM,243.09
Tacos Gavilan Huntington Park,2025-09-21,Domingo,10:00 AM,479.33,11:00 PM,326.21
Tacos Gavilan Norwalk,2025-09-21,Domingo,12:00 AM,476.08,11:00 PM,622.30
Tacos Gavilan Slauson,2025-09-21,Domingo,12:00 AM,372.37,11:00 PM,544.08
Tacos Gavilan Hollywood,2025-09-21,Domingo,9:00 AM,73.57,11:00 PM,604.11
Tacos Gavilan Downey,2025-09-21,Domingo,9:00 AM,267.59,11:00 PM,347.24
Tacos Gavilan Azusa,2025-09-21,Domingo,10:00 AM,202.63,11:00 PM,237.50
Tacos Gavilan LA Broadway,2025-09-21,Domingo,12:00 AM,557.47,11:00 PM,623.21
Tacos Gavilan West Covina,2025-09-21,Domingo,12:00 AM,229.97,11:00 PM,639.06
Tacos Gavilan Lynwood,2025-09-21,Domingo,12:00 AM,779.50,11:00 PM,812.05
Tacos Gavilan Santa Ana,2025-09-22,Lunes,9:00 AM,4.95,11:00 PM,262.76
Tacos Gavilan La Puente,2025-09-22,Lunes,9:00 AM,12.38,11:00 PM,361.99
Tacos Gavilan Rialto,2025-09-22,Lunes,9:00 AM,101.01,11:00 PM,269.74
Tacos Gavilan LA Central,2025-09-22,Lunes,12:00 AM,623.20,11:00 PM,776.57
Tacos Gavilan South Gate,2025-09-22,Lunes,9:00 AM,96.65,11:00 PM,275.17
Tacos Gavilan Bell,2025-09-22,Lunes,10:00 AM,258.26,11:00 PM,220.64
Tacos Gavilan Huntington Park,2025-09-22,Lunes,9:00 AM,9.16,11:00 PM,277.83
Tacos Gavilan Lynwood,2025-09-22,Lunes,12:00 AM,371.63,11:00 PM,628.48
Tacos Gavilan Norwalk,2025-09-22,Lunes,12:00 AM,429.70,11:00 PM,561.66
Tacos Gavilan Slauson,2025-09-22,Lunes,12:00 AM,359.37,11:00 PM,788.40
Tacos Gavilan Hollywood,2025-09-22,Lunes,9:00 AM,307.08,11:00 PM,373.72
Tacos Gavilan LA Broadway,2025-09-22,Lunes,12:00 AM,387.28,11:00 PM,582.76
Tacos Gavilan Azusa,2025-09-22,Lunes,9:00 AM,6.87,11:00 PM,170.96
Tacos Gavilan West Covina,2025-09-22,Lunes,12:00 AM,424.29,11:00 PM,591.56
Tacos Gavilan Downey,2025-09-22,Lunes,9:00 AM,246.75,11:00 PM,166.21
Tacos Gavilan West Covina,2025-09-23,Martes,12:00 AM,237.42,11:00 PM,482.86
Tacos Gavilan Santa Ana,2025-09-23,Martes,10:00 AM,485.74,11:00 PM,309.36
Tacos Gavilan La Puente,2025-09-23,Martes,12:00 AM,1.65,11:00 PM,167.71
Tacos Gavilan LA Central,2025-09-23,Martes,12:00 AM,771.98,11:00 PM,733.17
Tacos Gavilan Downey,2025-09-23,Martes,8:00 AM,13.18,11:00 PM,356.55
Tacos Gavilan Huntington Park,2025-09-23,Martes,10:00 AM,444.04,11:00 PM,401.49
Tacos Gavilan Lynwood,2025-09-23,Martes,12:00 AM,514.42,11:00 PM,774.91
Tacos Gavilan Slauson,2025-09-23,Martes,12:00 AM,325.12,11:00 PM,437.26
Tacos Gavilan Bell,2025-09-23,Martes,10:00 AM,313.04,11:00 PM,129.13
Tacos Gavilan Hollywood,2025-09-23,Martes,8:00 AM,8.59,11:00 PM,355.07
Tacos Gavilan Rialto,2025-09-23,Martes,9:00 AM,277.05,11:00 PM,255.30
Tacos Gavilan LA Broadway,2025-09-23,Martes,12:00 AM,443.14,11:00 PM,345.75
Tacos Gavilan Azusa,2025-09-23,Martes,10:00 AM,314.65,11:00 PM,164.03
Tacos Gavilan Norwalk,2025-09-23,Martes,12:00 AM,510.14,11:00 PM,607.38
Tacos Gavilan South Gate,2025-09-23,Martes,9:00 AM,214.28,11:00 PM,387.33
Tacos Gavilan West Covina,2025-09-24,Miércoles,12:00 AM,519.92,11:00 PM,719.02
Tacos Gavilan Santa Ana,2025-09-24,Miércoles,10:00 AM,250.41,11:00 PM,141.98
Tacos Gavilan LA Central,2025-09-24,Miércoles,12:00 AM,812.40,11:00 PM,817.19
Tacos Gavilan Downey,2025-09-24,Miércoles,12:00 AM,4.58,11:00 PM,263.38
Tacos Gavilan Huntington Park,2025-09-24,Miércoles,12:00 AM,17.76,11:00 PM,284.84
Tacos Gavilan Lynwood,2025-09-24,Miércoles,12:00 AM,376.70,11:00 PM,908.06
Tacos Gavilan Slauson,2025-09-24,Miércoles,12:00 AM,343.72,11:00 PM,305.05
Tacos Gavilan Hollywood,2025-09-24,Miércoles,8:00 AM,9.09,11:00 PM,252.11
Tacos Gavilan Rialto,2025-09-24,Miércoles,9:00 AM,281.22,11:00 PM,464.53
Tacos Gavilan LA Broadway,2025-09-24,Miércoles,12:00 AM,211.91,11:00 PM,596.83
Tacos Gavilan South Gate,2025-09-24,Miércoles,9:00 AM,293.40,11:00 PM,484.42
Tacos Gavilan Bell,2025-09-24,Miércoles,9:00 AM,9.89,11:00 PM,141.80
Tacos Gavilan Azusa,2025-09-24,Miércoles,9:00 AM,26.36,11:00 PM,101.35
Tacos Gavilan Norwalk,2025-09-24,Miércoles,12:00 AM,451.50,11:00 PM,798.45
Tacos Gavilan La Puente,2025-09-24,Miércoles,9:00 AM,21.67,11:00 PM,204.08
Tacos Gavilan La Puente,2025-09-25,Jueves,9:00 AM,8.59,11:00 PM,129.26
Tacos Gavilan Rialto,2025-09-25,Jueves,12:00 AM,381.71,11:00 PM,514.19
Tacos Gavilan LA Central,2025-09-25,Jueves,12:00 AM,871.61,11:00 PM,794.71
Tacos Gavilan South Gate,2025-09-25,Jueves,9:00 AM,109.76,11:00 PM,392.51
Tacos Gavilan Bell,2025-09-25,Jueves,9:00 AM,21.98,11:00 PM,166.24
Tacos Gavilan Lynwood,2025-09-25,Jueves,12:00 AM,756.11,11:00 PM,801.57
Tacos Gavilan Slauson,2025-09-25,Jueves,12:00 AM,271.83,11:00 PM,627.05
Tacos Gavilan Hollywood,2025-09-25,Jueves,9:00 AM,158.50,11:00 PM,626.20
Tacos Gavilan Downey,2025-09-25,Jueves,12:00 AM,128.82,11:00 PM,364.11
Tacos Gavilan Huntington Park,2025-09-25,Jueves,12:00 AM,363.31,11:00 PM,294.69
Tacos Gavilan Norwalk,2025-09-25,Jueves,12:00 AM,648.34,11:00 PM,757.75
Tacos Gavilan Santa Ana,2025-09-25,Jueves,12:00 AM,6.87,11:00 PM,403.65
Tacos Gavilan West Covina,2025-09-25,Jueves,12:00 AM,581.21,11:00 PM,781.19
Tacos Gavilan Azusa,2025-09-25,Jueves,10:00 AM,524.65,11:00 PM,177.23
Tacos Gavilan LA Broadway,2025-09-25,Jueves,12:00 AM,497.09,11:00 PM,1037.28
Tacos Gavilan West Covina,2025-09-26,Viernes,12:00 AM,665.76,11:00 PM,747.28
Tacos Gavilan La Puente,2025-09-26,Viernes,12:00 AM,424.83,11:00 PM,534.66
Tacos Gavilan LA Central,2025-09-26,Viernes,12:00 AM,975.29,11:00 PM,1326.16
Tacos Gavilan South Gate,2025-09-26,Viernes,12:00 AM,481.19,11:00 PM,1013.83
Tacos Gavilan Bell,2025-09-26,Viernes,12:00 AM,145.94,11:00 PM,323.78
Tacos Gavilan Slauson,2025-09-26,Viernes,12:00 AM,497.02,11:00 PM,987.99
Tacos Gavilan Hollywood,2025-09-26,Viernes,12:00 AM,839.84,11:00 PM,616.40
Tacos Gavilan LA Broadway,2025-09-26,Viernes,12:00 AM,835.71,11:00 PM,440.61
Tacos Gavilan Azusa,2025-09-26,Viernes,12:00 AM,335.64,11:00 PM,229.11
Tacos Gavilan Downey,2025-09-26,Viernes,12:00 AM,370.88,11:00 PM,460.51
Tacos Gavilan Rialto,2025-09-26,Viernes,12:00 AM,520.29,11:00 PM,546.98
Tacos Gavilan Huntington Park,2025-09-26,Viernes,12:00 AM,320.31,11:00 PM,572.96
Tacos Gavilan Norwalk,2025-09-26,Viernes,12:00 AM,962.08,11:00 PM,1051.45
Tacos Gavilan Santa Ana,2025-09-26,Viernes,12:00 AM,423.33,11:00 PM,890.14
Tacos Gavilan Lynwood,2025-09-26,Viernes,12:00 AM,1004.28,11:00 PM,1254.92
Tacos Gavilan West Covina,2025-09-27,Sábado,12:00 AM,636.87,11:00 PM,954.93
Tacos Gavilan La Puente,2025-09-27,Sábado,12:00 AM,709.46,11:00 PM,643.10
Tacos Gavilan South Gate,2025-09-27,Sábado,12:00 AM,706.20,11:00 PM,826.85
Tacos Gavilan Huntington Park,2025-09-27,Sábado,12:00 AM,367.09,11:00 PM,526.68
Tacos Gavilan Norwalk,2025-09-27,Sábado,12:00 AM,948.05,11:00 PM,1343.34
Tacos Gavilan Slauson,2025-09-27,Sábado,12:00 AM,748.36,11:00 PM,875.14
Tacos Gavilan Hollywood,2025-09-27,Sábado,12:00 AM,831.74,11:00 PM,847.37
Tacos Gavilan Downey,2025-09-27,Sábado,12:00 AM,618.71,11:00 PM,726.02
Tacos Gavilan LA Central,2025-09-27,Sábado,12:00 AM,1441.64,11:00 PM,1624.78
Tacos Gavilan Azusa,2025-09-27,Sábado,12:00 AM,154.41,11:00 PM,304.09
Tacos Gavilan LA Broadway,2025-09-27,Sábado,12:00 AM,1111.97,11:00 PM,1026.50
Tacos Gavilan Rialto,2025-09-27,Sábado,12:00 AM,939.84,11:00 PM,1118.60
Tacos Gavilan Bell,2025-09-27,Sábado,12:00 AM,443.58,11:00 PM,395.67
Tacos Gavilan Santa Ana,2025-09-27,Sábado,12:00 AM,662.45,11:00 PM,611.76
Tacos Gavilan Lynwood,2025-09-27,Sábado,12:00 AM,934.89,11:00 PM,1287.20
Tacos Gavilan West Covina,2025-09-28,Domingo,12:00 AM,448.04,11:00 PM,487.44
Tacos Gavilan Santa Ana,2025-09-28,Domingo,10:00 AM,477.98,11:00 PM,447.39
Tacos Gavilan La Puente,2025-09-28,Domingo,9:00 AM,36.04,11:00 PM,208.51
Tacos Gavilan South Gate,2025-09-28,Domingo,9:00 AM,9.09,11:00 PM,283.56
Tacos Gavilan Bell,2025-09-28,Domingo,10:00 AM,324.12,11:00 PM,263.04
Tacos Gavilan Huntington Park,2025-09-28,Domingo,12:00 AM,11.45,11:00 PM,451.04
Tacos Gavilan Lynwood,2025-09-28,Domingo,12:00 AM,876.30,11:00 PM,1089.38
Tacos Gavilan Slauson,2025-09-28,Domingo,12:00 AM,228.16,11:00 PM,534.64
Tacos Gavilan Hollywood,2025-09-28,Domingo,9:00 AM,144.24,11:00 PM,784.29
Tacos Gavilan LA Broadway,2025-09-28,Domingo,12:00 AM,537.41,11:00 PM,679.80
Tacos Gavilan Rialto,2025-09-28,Domingo,12:00 AM,283.42,11:00 PM,574.05
Tacos Gavilan Azusa,2025-09-28,Domingo,12:00 AM,3.79,11:00 PM,192.90
Tacos Gavilan LA Central,2025-09-28,Domingo,12:00 AM,992.52,11:00 PM,1106.15
Tacos Gavilan Downey,2025-09-28,Domingo,9:00 AM,258.38,11:00 PM,475.42
Tacos Gavilan Norwalk,2025-09-28,Domingo,12:00 AM,396.96,11:00 PM,691.21
Tacos Gavilan West Covina,2025-09-29,Lunes,12:00 AM,262.90,11:00 PM,257.31
Tacos Gavilan La Puente,2025-09-29,Lunes,9:00 AM,28.08,11:00 PM,122.34
Tacos Gavilan Rialto,2025-09-29,Lunes,9:00 AM,122.06,11:00 PM,178.67
Tacos Gavilan Huntington Park,2025-09-29,Lunes,10:00 AM,518.50,11:00 PM,408.80
Tacos Gavilan Lynwood,2025-09-29,Lunes,12:00 AM,307.28,11:00 PM,547.04
Tacos Gavilan Norwalk,2025-09-29,Lunes,12:00 AM,485.27,11:00 PM,539.86
Tacos Gavilan Slauson,2025-09-29,Lunes,12:00 AM,558.08,11:00 PM,498.01
Tacos Gavilan Hollywood,2025-09-29,Lunes,9:00 AM,134.65,11:00 PM,528.01
Tacos Gavilan LA Broadway,2025-09-29,Lunes,12:00 AM,314.64,11:00 PM,431.33
Tacos Gavilan Downey,2025-09-29,Lunes,9:00 AM,149.04,11:00 PM,224.60
Tacos Gavilan Bell,2025-09-29,Lunes,10:00 AM,96.97,11:00 PM,125.05
Tacos Gavilan South Gate,2025-09-29,Lunes,12:00 AM,17.57,11:00 PM,283.62
Tacos Gavilan Azusa,2025-09-29,Lunes,10:00 AM,220.20,11:00 PM,139.17
Tacos Gavilan LA Central,2025-09-29,Lunes,12:00 AM,658.25,11:00 PM,785.60
Tacos Gavilan Santa Ana,2025-09-29,Lunes,12:00 AM,8.59,11:00 PM,247.12
Tacos Gavilan Santa Ana,2025-09-30,Martes,9:00 AM,21.45,11:00 PM,259.74
Tacos Gavilan Rialto,2025-09-30,Martes,9:00 AM,146.10,11:00 PM,277.26
Tacos Gavilan LA Central,2025-09-30,Martes,12:00 AM,738.83,11:00 PM,800.26
Tacos Gavilan South Gate,2025-09-30,Martes,9:00 AM,168.40,11:00 PM,481.35
Tacos Gavilan Downey,2025-09-30,Martes,9:00 AM,276.07,11:00 PM,298.20
Tacos Gavilan Huntington Park,2025-09-30,Martes,12:00 AM,18.07,11:00 PM,209.90
Tacos Gavilan Hollywood,2025-09-30,Martes,9:00 AM,358.61,11:00 PM,212.56
Tacos Gavilan Azusa,2025-09-30,Martes,9:00 AM,44.97,11:00 PM,230.93
Tacos Gavilan Lynwood,2025-09-30,Martes,12:00 AM,628.14,11:00 PM,821.06
Tacos Gavilan West Covina,2025-09-30,Martes,12:00 AM,403.75,11:00 PM,460.81
Tacos Gavilan LA Broadway,2025-09-30,Martes,12:00 AM,493.98,11:00 PM,356.94
Tacos Gavilan Norwalk,2025-09-30,Martes,12:00 AM,467.95,11:00 PM,575.75
Tacos Gavilan Bell,2025-09-30,Martes,10:00 AM,209.35,11:00 PM,342.72
Tacos Gavilan La Puente,2025-09-30,Martes,9:00 AM,46.07,11:00 PM,199.97
Tacos Gavilan Slauson,2025-09-30,Martes,12:00 AM,411.91,11:00 PM,708.27
Tacos Gavilan Santa Ana,2025-10-01,Miércoles,10:00 AM,172.34,11:00 PM,379.74
Tacos Gavilan Rialto,2025-10-01,Miércoles,12:00 AM,3.88,11:00 PM,664.59
Tacos Gavilan LA Central,2025-10-01,Miércoles,12:00 AM,1049.77,11:00 PM,841.06
Tacos Gavilan Huntington Park,2025-10-01,Miércoles,10:00 AM,493.36,11:00 PM,250.44
Tacos Gavilan Lynwood,2025-10-01,Miércoles,12:00 AM,697.31,11:00 PM,637.76
Tacos Gavilan Norwalk,2025-10-01,Miércoles,12:00 AM,610.68,11:00 PM,626.01
Tacos Gavilan Slauson,2025-10-01,Miércoles,12:00 AM,458.62,11:00 PM,674.69
Tacos Gavilan Hollywood,2025-10-01,Miércoles,9:00 AM,762.27,11:00 PM,316.55
Tacos Gavilan Azusa,2025-10-01,Miércoles,9:00 AM,6.87,11:00 PM,189.30
Tacos Gavilan LA Broadway,2025-10-01,Miércoles,12:00 AM,534.04,11:00 PM,857.47
Tacos Gavilan Bell,2025-10-01,Miércoles,10:00 AM,240.52,11:00 PM,233.46
Tacos Gavilan Downey,2025-10-01,Miércoles,9:00 AM,232.49,11:00 PM,371.26
Tacos Gavilan La Puente,2025-10-01,Miércoles,9:00 AM,89.69,11:00 PM,304.73
Tacos Gavilan West Covina,2025-10-01,Miércoles,12:00 AM,381.38,11:00 PM,841.78
Tacos Gavilan South Gate,2025-10-01,Miércoles,9:00 AM,63.41,11:00 PM,358.42
Tacos Gavilan Santa Ana,2025-10-02,Jueves,10:00 AM,514.22,11:00 PM,250.29
Tacos Gavilan Rialto,2025-10-02,Jueves,12:00 AM,483.95,11:00 PM,777.02
Tacos Gavilan LA Central,2025-10-02,Jueves,12:00 AM,869.29,11:00 PM,991.56
Tacos Gavilan South Gate,2025-10-02,Jueves,9:00 AM,108.89,11:00 PM,403.76
Tacos Gavilan Huntington Park,2025-10-02,Jueves,12:00 AM,389.87,11:00 PM,428.44
Tacos Gavilan Norwalk,2025-10-02,Jueves,12:00 AM,601.91,11:00 PM,821.87
Tacos Gavilan Hollywood,2025-10-02,Jueves,9:00 AM,711.89,11:00 PM,636.42
Tacos Gavilan Downey,2025-10-02,Jueves,12:00 AM,246.19,11:00 PM,353.79
Tacos Gavilan Azusa,2025-10-02,Jueves,9:00 AM,14.74,11:00 PM,172.97
Tacos Gavilan LA Broadway,2025-10-02,Jueves,12:00 AM,572.33,11:00 PM,638.70
Tacos Gavilan La Puente,2025-10-02,Jueves,9:00 AM,49.35,11:00 PM,192.32
Tacos Gavilan Bell,2025-10-02,Jueves,10:00 AM,201.43,11:00 PM,214.32
Tacos Gavilan Slauson,2025-10-02,Jueves,12:00 AM,360.59,11:00 PM,786.70
Tacos Gavilan West Covina,2025-10-02,Jueves,12:00 AM,477.02,11:00 PM,850.71
Tacos Gavilan Lynwood,2025-10-02,Jueves,12:00 AM,768.40,11:00 PM,1062.95
Tacos Gavilan Santa Ana,2025-10-03,Viernes,12:00 AM,519.71,11:00 PM,550.67
Tacos Gavilan La Puente,2025-10-03,Viernes,12:00 AM,447.72,11:00 PM,650.33
Tacos Gavilan Rialto,2025-10-03,Viernes,12:00 AM,589.17,11:00 PM,803.76
Tacos Gavilan LA Central,2025-10-03,Viernes,12:00 AM,1195.31,11:00 PM,1373.58
Tacos Gavilan Bell,2025-10-03,Viernes,12:00 AM,279.59,11:00 PM,390.33
Tacos Gavilan Norwalk,2025-10-03,Viernes,12:00 AM,917.40,11:00 PM,1008.21
Tacos Gavilan Slauson,2025-10-03,Viernes,12:00 AM,618.20,11:00 PM,1384.28
Tacos Gavilan Hollywood,2025-10-03,Viernes,12:00 AM,894.72,11:00 PM,647.91
Tacos Gavilan LA Broadway,2025-10-03,Viernes,12:00 AM,828.15,11:00 PM,752.69
Tacos Gavilan South Gate,2025-10-03,Viernes,12:00 AM,444.29,11:00 PM,729.61
Tacos Gavilan Azusa,2025-10-03,Viernes,12:00 AM,429.75,11:00 PM,320.50
Tacos Gavilan Downey,2025-10-03,Viernes,12:00 AM,502.41,11:00 PM,457.12
Tacos Gavilan Huntington Park,2025-10-03,Viernes,12:00 AM,382.25,11:00 PM,645.64
Tacos Gavilan West Covina,2025-10-03,Viernes,12:00 AM,590.69,11:00 PM,1187.60
Tacos Gavilan Lynwood,2025-10-03,Viernes,12:00 AM,1078.89,11:00 PM,1282.25
Tacos Gavilan West Covina,2025-10-04,Sábado,12:00 AM,766.48,11:00 PM,1132.91
Tacos Gavilan Santa Ana,2025-10-04,Sábado,12:00 AM,525.89,11:00 PM,986.41
Tacos Gavilan La Puente,2025-10-04,Sábado,12:00 AM,385.79,11:00 PM,540.62
Tacos Gavilan Rialto,2025-10-04,Sábado,12:00 AM,639.97,11:00 PM,1109.94
Tacos Gavilan LA Central,2025-10-04,Sábado,12:00 AM,1329.54,11:00 PM,1265.63
Tacos Gavilan Huntington Park,2025-10-04,Sábado,12:00 AM,603.21,11:00 PM,1007.00
Tacos Gavilan Lynwood,2025-10-04,Sábado,12:00 AM,1313.44,11:00 PM,1175.77
Tacos Gavilan Slauson,2025-10-04,Sábado,12:00 AM,822.89,11:00 PM,982.75
Tacos Gavilan Hollywood,2025-10-04,Sábado,12:00 AM,736.60,11:00 PM,672.85
Tacos Gavilan LA Broadway,2025-10-04,Sábado,12:00 AM,1067.19,11:00 PM,776.17
Tacos Gavilan Norwalk,2025-10-04,Sábado,12:00 AM,1077.09,11:00 PM,1513.82
Tacos Gavilan South Gate,2025-10-04,Sábado,12:00 AM,847.16,11:00 PM,958.07
Tacos Gavilan Downey,2025-10-04,Sábado,12:00 AM,881.45,11:00 PM,773.80
Tacos Gavilan Bell,2025-10-04,Sábado,12:00 AM,311.77,11:00 PM,490.33
Tacos Gavilan Azusa,2025-10-04,Sábado,12:00 AM,369.04,11:00 PM,516.32
Tacos Gavilan Rialto,2025-10-05,Domingo,12:00 AM,227.42,11:00 PM,351.20
Tacos Gavilan LA Central,2025-10-05,Domingo,12:00 AM,873.64,11:00 PM,967.44
Tacos Gavilan South Gate,2025-10-05,Domingo,12:00 AM,3.79,11:00 PM,504.55
Tacos Gavilan Huntington Park,2025-10-05,Domingo,12:00 AM,15.48,11:00 PM,349.35
Tacos Gavilan Norwalk,2025-10-05,Domingo,12:00 AM,478.87,11:00 PM,583.16
Tacos Gavilan Slauson,2025-10-05,Domingo,12:00 AM,408.96,11:00 PM,626.64
Tacos Gavilan Hollywood,2025-10-05,Domingo,9:00 AM,293.38,11:00 PM,459.81
Tacos Gavilan Azusa,2025-10-05,Domingo,8:00 AM,23.94,11:00 PM,195.82
Tacos Gavilan LA Broadway,2025-10-05,Domingo,12:00 AM,450.76,11:00 PM,785.27
Tacos Gavilan Bell,2025-10-05,Domingo,10:00 AM,303.43,11:00 PM,265.75
Tacos Gavilan West Covina,2025-10-05,Domingo,12:00 AM,397.95,11:00 PM,523.64
Tacos Gavilan Downey,2025-10-05,Domingo,9:00 AM,262.68,11:00 PM,377.94
Tacos Gavilan La Puente,2025-10-05,Domingo,9:00 AM,127.44,11:00 PM,155.04
Tacos Gavilan Santa Ana,2025-10-05,Domingo,10:00 AM,715.62,11:00 PM,396.46
Tacos Gavilan Lynwood,2025-10-05,Domingo,12:00 AM,488.74,11:00 PM,835.95
Tacos Gavilan West Covina,2025-10-06,Lunes,12:00 AM,380.21,11:00 PM,440.24
Tacos Gavilan Santa Ana,2025-10-06,Lunes,9:00 AM,9.16,11:00 PM,353.65
Tacos Gavilan La Puente,2025-10-06,Lunes,9:00 AM,90.79,11:00 PM,311.95
Tacos Gavilan Rialto,2025-10-06,Lunes,9:00 AM,205.30,11:00 PM,292.18
Tacos Gavilan LA Central,2025-10-06,Lunes,12:00 AM,542.78,11:00 PM,1009.88
Tacos Gavilan South Gate,2025-10-06,Lunes,9:00 AM,149.61,11:00 PM,399.74
Tacos Gavilan Bell,2025-10-06,Lunes,10:00 AM,308.84,11:00 PM,117.36
Tacos Gavilan Huntington Park,2025-10-06,Lunes,9:00 AM,20.67,11:00 PM,219.91
Tacos Gavilan Lynwood,2025-10-06,Lunes,12:00 AM,405.99,11:00 PM,743.27
Tacos Gavilan Slauson,2025-10-06,Lunes,12:00 AM,347.86,11:00 PM,593.93
Tacos Gavilan Hollywood,2025-10-06,Lunes,12:00 AM,21.98,11:00 PM,450.00
Tacos Gavilan LA Broadway,2025-10-06,Lunes,12:00 AM,375.52,11:00 PM,224.03
Tacos Gavilan Downey,2025-10-06,Lunes,9:00 AM,143.00,11:00 PM,173.51
Tacos Gavilan Azusa,2025-10-06,Lunes,10:00 AM,162.40,11:00 PM,128.02
Tacos Gavilan Norwalk,2025-10-06,Lunes,12:00 AM,593.54,11:00 PM,607.62
Tacos Gavilan Santa Ana,2025-10-07,Martes,10:00 AM,561.99,11:00 PM,396.62
Tacos Gavilan Rialto,2025-10-07,Martes,9:00 AM,117.62,11:00 PM,346.59
Tacos Gavilan LA Central,2025-10-07,Martes,12:00 AM,809.46,11:00 PM,917.67
Tacos Gavilan South Gate,2025-10-07,Martes,9:00 AM,92.96,11:00 PM,394.75
Tacos Gavilan Huntington Park,2025-10-07,Martes,9:00 AM,28.90,11:00 PM,182.23
Tacos Gavilan Norwalk,2025-10-07,Martes,12:00 AM,505.50,11:00 PM,672.08
Tacos Gavilan Slauson,2025-10-07,Martes,12:00 AM,364.18,11:00 PM,465.04
Tacos Gavilan Hollywood,2025-10-07,Martes,12:00 AM,3.79,11:00 PM,572.78
Tacos Gavilan Azusa,2025-10-07,Martes,9:00 AM,19.10,11:00 PM,146.55
Tacos Gavilan Downey,2025-10-07,Martes,12:00 AM,16.17,11:00 PM,343.49
Tacos Gavilan LA Broadway,2025-10-07,Martes,12:00 AM,426.38,11:00 PM,438.17
Tacos Gavilan La Puente,2025-10-07,Martes,9:00 AM,63.04,11:00 PM,129.15
Tacos Gavilan West Covina,2025-10-07,Martes,12:00 AM,375.44,11:00 PM,272.39
Tacos Gavilan Bell,2025-10-07,Martes,10:00 AM,71.93,11:00 PM,203.00
Tacos Gavilan Lynwood,2025-10-07,Martes,12:00 AM,367.15,11:00 PM,532.77
Tacos Gavilan Santa Ana,2025-10-08,Miércoles,10:00 AM,302.58,11:00 PM,138.12
Tacos Gavilan Rialto,2025-10-08,Miércoles,9:00 AM,143.73,11:00 PM,378.72
Tacos Gavilan LA Central,2025-10-08,Miércoles,12:00 AM,867.92,11:00 PM,840.46
Tacos Gavilan Huntington Park,2025-10-08,Miércoles,10:00 AM,337.48,11:00 PM,261.58
Tacos Gavilan Norwalk,2025-10-08,Miércoles,12:00 AM,438.12,11:00 PM,518.85
Tacos Gavilan Slauson,2025-10-08,Miércoles,12:00 AM,283.06,11:00 PM,616.74
Tacos Gavilan Hollywood,2025-10-08,Miércoles,8:00 AM,8.59,11:00 PM,419.80
Tacos Gavilan West Covina,2025-10-08,Miércoles,12:00 AM,404.13,11:00 PM,563.08
Tacos Gavilan Lynwood,2025-10-08,Miércoles,12:00 AM,857.31,11:00 PM,793.76
Tacos Gavilan Azusa,2025-10-08,Miércoles,9:00 AM,10.38,11:00 PM,214.32
Tacos Gavilan Downey,2025-10-08,Miércoles,9:00 AM,181.12,11:00 PM,369.61
Tacos Gavilan LA Broadway,2025-10-08,Miércoles,12:00 AM,399.64,11:00 PM,571.30
Tacos Gavilan Bell,2025-10-08,Miércoles,10:00 AM,191.34,11:00 PM,224.75
Tacos Gavilan La Puente,2025-10-08,Miércoles,9:00 AM,75.73,11:00 PM,262.41
Tacos Gavilan South Gate,2025-10-08,Miércoles,9:00 AM,85.67,11:00 PM,458.47
Tacos Gavilan West Covina,2025-10-09,Jueves,12:00 AM,401.43,11:00 PM,642.09
Tacos Gavilan Santa Ana,2025-10-09,Jueves,10:00 AM,1994.33,11:00 PM,279.37
Tacos Gavilan La Puente,2025-10-09,Jueves,9:00 AM,87.74,11:00 PM,227.59
Tacos Gavilan LA Central,2025-10-09,Jueves,12:00 AM,788.31,11:00 PM,1002.66
Tacos Gavilan Downey,2025-10-09,Jueves,12:00 AM,326.44,11:00 PM,300.67
Tacos Gavilan Huntington Park,2025-10-09,Jueves,12:00 AM,283.44,11:00 PM,356.39
Tacos Gavilan Lynwood,2025-10-09,Jueves,12:00 AM,1130.60,11:00 PM,1110.38
Tacos Gavilan Slauson,2025-10-09,Jueves,12:00 AM,453.02,11:00 PM,618.01
Tacos Gavilan Hollywood,2025-10-09,Jueves,12:00 AM,2.68,11:00 PM,650.91
Tacos Gavilan LA Broadway,2025-10-09,Jueves,12:00 AM,522.45,11:00 PM,564.35
Tacos Gavilan Azusa,2025-10-09,Jueves,9:00 AM,12.45,11:00 PM,142.60
Tacos Gavilan Bell,2025-10-09,Jueves,10:00 AM,98.42,11:00 PM,150.21
Tacos Gavilan Rialto,2025-10-09,Jueves,12:00 AM,238.05,11:00 PM,496.38
Tacos Gavilan Norwalk,2025-10-09,Jueves,12:00 AM,548.49,11:00 PM,937.40
Tacos Gavilan South Gate,2025-10-09,Jueves,12:00 AM,7.58,11:00 PM,325.63
Tacos Gavilan West Covina,2025-10-10,Viernes,12:00 AM,709.43,11:00 PM,684.81
Tacos Gavilan Santa Ana,2025-10-10,Viernes,12:00 AM,392.98,11:00 PM,799.86
Tacos Gavilan La Puente,2025-10-10,Viernes,12:00 AM,370.59,11:00 PM,727.57
Tacos Gavilan LA Central,2025-10-10,Viernes,12:00 AM,966.69,11:00 PM,1886.52
Tacos Gavilan Downey,2025-10-10,Viernes,12:00 AM,877.35,11:00 PM,684.89
Tacos Gavilan Huntington Park,2025-10-10,Viernes,12:00 AM,505.91,11:00 PM,640.59
Tacos Gavilan Lynwood,2025-10-10,Viernes,12:00 AM,1177.25,11:00 PM,1114.77
Tacos Gavilan Hollywood,2025-10-10,Viernes,12:00 AM,805.68,11:00 PM,744.61
Tacos Gavilan Bell,2025-10-10,Viernes,12:00 AM,314.11,11:00 PM,675.60
Tacos Gavilan Azusa,2025-10-10,Viernes,12:00 AM,159.14,11:00 PM,350.74
Tacos Gavilan Rialto,2025-10-10,Viernes,12:00 AM,544.32,11:00 PM,784.47
Tacos Gavilan Norwalk,2025-10-10,Viernes,12:00 AM,815.59,11:00 PM,948.19
Tacos Gavilan LA Broadway,2025-10-10,Viernes,12:00 AM,915.06,11:00 PM,909.01
Tacos Gavilan South Gate,2025-10-10,Viernes,12:00 AM,653.12,11:00 PM,1009.85
Tacos Gavilan Slauson,2025-10-10,Viernes,12:00 AM,871.48,11:00 PM,832.45
Tacos Gavilan West Covina,2025-10-11,Sábado,12:00 AM,963.94,11:00 PM,1085.34
Tacos Gavilan La Puente,2025-10-11,Sábado,12:00 AM,736.73,11:00 PM,749.91
Tacos Gavilan Rialto,2025-10-11,Sábado,12:00 AM,874.98,11:00 PM,1054.61
Tacos Gavilan LA Central,2025-10-11,Sábado,12:00 AM,1582.30,11:00 PM,1975.43
Tacos Gavilan Huntington Park,2025-10-11,Sábado,12:00 AM,551.12,11:00 PM,716.48
Tacos Gavilan Lynwood,2025-10-11,Sábado,12:00 AM,970.80,11:00 PM,1225.06
Tacos Gavilan Norwalk,2025-10-11,Sábado,12:00 AM,1275.76,11:00 PM,1230.37
Tacos Gavilan Downey,2025-10-11,Sábado,12:00 AM,845.93,11:00 PM,947.61
Tacos Gavilan Azusa,2025-10-11,Sábado,12:00 AM,320.75,11:00 PM,394.63
Tacos Gavilan LA Broadway,2025-10-11,Sábado,12:00 AM,968.05,11:00 PM,1183.18
Tacos Gavilan Bell,2025-10-11,Sábado,12:00 AM,391.26,11:00 PM,329.21
Tacos Gavilan Hollywood,2025-10-11,Sábado,12:00 AM,509.28,11:00 PM,702.56
Tacos Gavilan Santa Ana,2025-10-11,Sábado,12:00 AM,645.67,11:00 PM,983.18
Tacos Gavilan Slauson,2025-10-11,Sábado,12:00 AM,970.83,11:00 PM,1245.01
Tacos Gavilan South Gate,2025-10-11,Sábado,12:00 AM,953.50,11:00 PM,1084.91
Tacos Gavilan Rialto,2025-10-12,Domingo,12:00 AM,240.14,11:00 PM,356.40
Tacos Gavilan LA Central,2025-10-12,Domingo,12:00 AM,768.59,11:00 PM,809.01
Tacos Gavilan South Gate,2025-10-12,Domingo,10:00 AM,517.98,11:00 PM,303.89
Tacos Gavilan Bell,2025-10-12,Domingo,10:00 AM,160.93,11:00 PM,142.18
Tacos Gavilan Huntington Park,2025-10-12,Domingo,10:00 AM,455.10,11:00 PM,331.52
Tacos Gavilan Lynwood,2025-10-12,Domingo,12:00 AM,539.63,11:00 PM,809.87
Tacos Gavilan Norwalk,2025-10-12,Domingo,12:00 AM,329.16,11:00 PM,749.53
Tacos Gavilan Slauson,2025-10-12,Domingo,12:00 AM,369.97,11:00 PM,409.74
Tacos Gavilan Hollywood,2025-10-12,Domingo,9:00 AM,271.45,11:00 PM,504.82
Tacos Gavilan Azusa,2025-10-12,Domingo,9:00 AM,7.58,11:00 PM,137.13
Tacos Gavilan Downey,2025-10-12,Domingo,9:00 AM,235.84,11:00 PM,294.85
Tacos Gavilan Santa Ana,2025-10-12,Domingo,10:00 AM,344.31,11:00 PM,276.49
Tacos Gavilan LA Broadway,2025-10-12,Domingo,12:00 AM,443.86,11:00 PM,531.74
Tacos Gavilan La Puente,2025-10-12,Domingo,12:00 AM,3.79,11:00 PM,308.60
Tacos Gavilan West Covina,2025-10-12,Domingo,12:00 AM,537.08,11:00 PM,529.92
Tacos Gavilan West Covina,2025-10-13,Lunes,12:00 AM,371.35,11:00 PM,285.72
Tacos Gavilan Santa Ana,2025-10-13,Lunes,10:00 AM,321.28,11:00 PM,267.56
Tacos Gavilan La Puente,2025-10-13,Lunes,9:00 AM,47.53,11:00 PM,252.09
Tacos Gavilan Rialto,2025-10-13,Lunes,9:00 AM,159.90,11:00 PM,245.99
Tacos Gavilan South Gate,2025-10-13,Lunes,9:00 AM,87.89,11:00 PM,184.57
Tacos Gavilan Bell,2025-10-13,Lunes,9:00 AM,16.65,11:00 PM,112.34
Tacos Gavilan Huntington Park,2025-10-13,Lunes,10:00 AM,413.87,11:00 PM,364.55
Tacos Gavilan Lynwood,2025-10-13,Lunes,12:00 AM,481.18,11:00 PM,704.46
Tacos Gavilan Norwalk,2025-10-13,Lunes,12:00 AM,379.94,11:00 PM,484.48
Tacos Gavilan Slauson,2025-10-13,Lunes,12:00 AM,340.63,11:00 PM,415.43
Tacos Gavilan Hollywood,2025-10-13,Lunes,9:00 AM,282.67,11:00 PM,252.93
Tacos Gavilan Azusa,2025-10-13,Lunes,10:00 AM,215.26,11:00 PM,178.60
Tacos Gavilan LA Broadway,2025-10-13,Lunes,12:00 AM,499.98,11:00 PM,595.22
Tacos Gavilan Downey,2025-10-13,Lunes,8:00 AM,22.14,11:00 PM,102.66
Tacos Gavilan LA Central,2025-10-13,Lunes,12:00 AM,581.20,11:00 PM,547.17
Tacos Gavilan West Covina,2025-10-14,Martes,12:00 AM,391.98,11:00 PM,439.07
Tacos Gavilan Rialto,2025-10-14,Martes,9:00 AM,639.62,11:00 PM,291.56
Tacos Gavilan LA Central,2025-10-14,Martes,12:00 AM,788.67,11:00 PM,661.13
Tacos Gavilan Huntington Park,2025-10-14,Martes,9:00 AM,11.36,11:00 PM,273.15
Tacos Gavilan Lynwood,2025-10-14,Martes,12:00 AM,775.01,11:00 PM,650.47
Tacos Gavilan Norwalk,2025-10-14,Martes,12:00 AM,237.72,11:00 PM,486.93
Tacos Gavilan Slauson,2025-10-14,Martes,12:00 AM,514.77,11:00 PM,432.74
Tacos Gavilan Hollywood,2025-10-14,Martes,9:00 AM,821.91,11:00 PM,553.49
Tacos Gavilan Azusa,2025-10-14,Martes,10:00 AM,201.17,11:00 PM,217.30
Tacos Gavilan Downey,2025-10-14,Martes,9:00 AM,282.88,11:00 PM,227.55
Tacos Gavilan LA Broadway,2025-10-14,Martes,12:00 AM,399.44,11:00 PM,404.81
Tacos Gavilan Bell,2025-10-14,Martes,9:00 AM,60.42,11:00 PM,105.36
Tacos Gavilan La Puente,2025-10-14,Martes,9:00 AM,26.56,11:00 PM,263.64
Tacos Gavilan Santa Ana,2025-10-14,Martes,10:00 AM,280.21,11:00 PM,357.94
Tacos Gavilan South Gate,2025-10-14,Martes,9:00 AM,108.85,11:00 PM,325.48
Tacos Gavilan West Covina,2025-10-15,Miércoles,12:00 AM,405.66,11:00 PM,665.23
Tacos Gavilan La Puente,2025-10-15,Miércoles,9:00 AM,80.55,11:00 PM,178.05
Tacos Gavilan LA Central,2025-10-15,Miércoles,12:00 AM,581.01,11:00 PM,1004.49
Tacos Gavilan South Gate,2025-10-15,Miércoles,9:00 AM,161.71,11:00 PM,339.71
Tacos Gavilan Bell,2025-10-15,Miércoles,10:00 AM,181.91,11:00 PM,219.06
Tacos Gavilan Huntington Park,2025-10-15,Miércoles,10:00 AM,299.32,8:00 PM,418.10
Tacos Gavilan Lynwood,2025-10-15,Miércoles,12:00 AM,459.80,11:00 PM,522.23
Tacos Gavilan Slauson,2025-10-15,Miércoles,12:00 AM,469.93,11:00 PM,690.02
Tacos Gavilan Hollywood,2025-10-15,Miércoles,9:00 AM,265.94,11:00 PM,656.23
Tacos Gavilan LA Broadway,2025-10-15,Miércoles,12:00 AM,397.83,11:00 PM,562.70
Tacos Gavilan Azusa,2025-10-15,Miércoles,8:00 AM,15.57,11:00 PM,138.72
Tacos Gavilan Rialto,2025-10-15,Miércoles,9:00 AM,150.97,11:00 PM,486.12
Tacos Gavilan Downey,2025-10-15,Miércoles,9:00 AM,170.60,11:00 PM,224.91
Tacos Gavilan Norwalk,2025-10-15,Miércoles,12:00 AM,420.03,11:00 PM,513.69
Tacos Gavilan Santa Ana,2025-10-15,Miércoles,10:00 AM,367.44,11:00 PM,317.59
Tacos Gavilan West Covina,2025-10-16,Jueves,12:00 AM,417.68,11:00 PM,579.99
Tacos Gavilan La Puente,2025-10-16,Jueves,8:00 AM,29.45,11:00 PM,615.60
Tacos Gavilan LA Central,2025-10-16,Jueves,12:00 AM,889.36,11:00 PM,1145.77
Tacos Gavilan Bell,2025-10-16,Jueves,10:00 AM,294.21,11:00 PM,178.74
Tacos Gavilan Downey,2025-10-16,Jueves,12:00 AM,187.37,11:00 PM,638.35
Tacos Gavilan Lynwood,2025-10-16,Jueves,12:00 AM,583.58,11:00 PM,935.61
Tacos Gavilan Slauson,2025-10-16,Jueves,12:00 AM,401.93,11:00 PM,642.13
Tacos Gavilan Hollywood,2025-10-16,Jueves,9:00 AM,339.39,11:00 PM,407.77
Tacos Gavilan LA Broadway,2025-10-16,Jueves,12:00 AM,763.55,11:00 PM,952.58
Tacos Gavilan Rialto,2025-10-16,Jueves,12:00 AM,489.79,11:00 PM,569.17
Tacos Gavilan Norwalk,2025-10-16,Jueves,12:00 AM,532.21,11:00 PM,879.17
Tacos Gavilan Huntington Park,2025-10-16,Jueves,12:00 AM,167.79,11:00 PM,272.69
Tacos Gavilan Azusa,2025-10-16,Jueves,10:00 AM,257.63,11:00 PM,170.28
Tacos Gavilan Santa Ana,2025-10-16,Jueves,10:00 AM,365.64,11:00 PM,359.18
Tacos Gavilan South Gate,2025-10-16,Jueves,9:00 AM,178.80,11:00 PM,416.05
Tacos Gavilan West Covina,2025-10-17,Viernes,12:00 AM,994.05,11:00 PM,1035.59
Tacos Gavilan Santa Ana,2025-10-17,Viernes,12:00 AM,383.10,11:00 PM,692.24
Tacos Gavilan Azusa,2025-10-17,Viernes,12:00 AM,262.31,11:00 PM,478.67
Tacos Gavilan LA Central,2025-10-17,Viernes,12:00 AM,1405.78,11:00 PM,1537.05
Tacos Gavilan Bell,2025-10-17,Viernes,12:00 AM,407.67,11:00 PM,560.45
Tacos Gavilan Lynwood,2025-10-17,Viernes,12:00 AM,1317.50,11:00 PM,1129.23
Tacos Gavilan Slauson,2025-10-17,Viernes,12:00 AM,596.30,11:00 PM,1108.53
Tacos Gavilan LA Broadway,2025-10-17,Viernes,12:00 AM,866.83,11:00 PM,953.28
Tacos Gavilan Rialto,2025-10-17,Viernes,12:00 AM,485.69,11:00 PM,1272.20
Tacos Gavilan Downey,2025-10-17,Viernes,12:00 AM,707.96,11:00 PM,882.04
Tacos Gavilan Norwalk,2025-10-17,Viernes,12:00 AM,1012.47,11:00 PM,1102.29
Tacos Gavilan South Gate,2025-10-17,Viernes,12:00 AM,612.19,11:00 PM,1327.35
Tacos Gavilan La Puente,2025-10-17,Viernes,12:00 AM,667.81,11:00 PM,729.49
Tacos Gavilan Huntington Park,2025-10-17,Viernes,12:00 AM,528.86,11:00 PM,623.35
Tacos Gavilan Hollywood,2025-10-17,Viernes,12:00 AM,756.32,11:00 PM,855.12
Tacos Gavilan Santa Ana,2025-10-18,Sábado,12:00 AM,852.17,11:00 PM,828.27
Tacos Gavilan Rialto,2025-10-18,Sábado,12:00 AM,736.71,11:00 PM,996.02
Tacos Gavilan LA Central,2025-10-18,Sábado,12:00 AM,1570.35,11:00 PM,1774.18
Tacos Gavilan South Gate,2025-10-18,Sábado,12:00 AM,496.46,11:00 PM,918.01
Tacos Gavilan Bell,2025-10-18,Sábado,12:00 AM,321.38,11:00 PM,247.37
Tacos Gavilan Lynwood,2025-10-18,Sábado,12:00 AM,1151.45,11:00 PM,1221.63
Tacos Gavilan Slauson,2025-10-18,Sábado,12:00 AM,801.41,11:00 PM,1248.68
Tacos Gavilan Hollywood,2025-10-18,Sábado,12:00 AM,826.20,11:00 PM,829.91
Tacos Gavilan Azusa,2025-10-18,Sábado,12:00 AM,345.93,11:00 PM,560.84
Tacos Gavilan Downey,2025-10-18,Sábado,12:00 AM,959.03,11:00 PM,967.96
Tacos Gavilan LA Broadway,2025-10-18,Sábado,12:00 AM,776.33,11:00 PM,1066.80
Tacos Gavilan Huntington Park,2025-10-18,Sábado,12:00 AM,550.10,11:00 PM,957.90
Tacos Gavilan Norwalk,2025-10-18,Sábado,12:00 AM,1230.17,11:00 PM,1187.62
Tacos Gavilan La Puente,2025-10-18,Sábado,12:00 AM,572.82,11:00 PM,698.77
Tacos Gavilan West Covina,2025-10-18,Sábado,12:00 AM,1032.35,11:00 PM,1142.08
Tacos Gavilan Santa Ana,2025-10-19,Domingo,9:00 AM,46.16,11:00 PM,354.60
Tacos Gavilan La Puente,2025-10-19,Domingo,12:00 AM,4.29,11:00 PM,537.77
Tacos Gavilan Rialto,2025-10-19,Domingo,12:00 AM,238.83,11:00 PM,448.35
Tacos Gavilan LA Central,2025-10-19,Domingo,12:00 AM,563.89,11:00 PM,823.01
Tacos Gavilan South Gate,2025-10-19,Domingo,10:00 AM,532.04,11:00 PM,295.19
Tacos Gavilan Bell,2025-10-19,Domingo,10:00 AM,417.72,11:00 PM,233.23
Tacos Gavilan Huntington Park,2025-10-19,Domingo,10:00 AM,412.35,11:00 PM,397.91
Tacos Gavilan Slauson,2025-10-19,Domingo,12:00 AM,152.55,11:00 PM,541.88
Tacos Gavilan Hollywood,2025-10-19,Domingo,8:00 AM,9.89,11:00 PM,431.81
Tacos Gavilan LA Broadway,2025-10-19,Domingo,12:00 AM,430.88,11:00 PM,438.84
Tacos Gavilan Norwalk,2025-10-19,Domingo,12:00 AM,446.00,11:00 PM,1032.32
Tacos Gavilan West Covina,2025-10-19,Domingo,12:00 AM,278.49,11:00 PM,549.50
Tacos Gavilan Lynwood,2025-10-19,Domingo,12:00 AM,334.08,11:00 PM,611.07
Tacos Gavilan Azusa,2025-10-19,Domingo,10:00 AM,208.97,11:00 PM,174.18
Tacos Gavilan Downey,2025-10-19,Domingo,9:00 AM,285.54,11:00 PM,284.31
Tacos Gavilan Santa Ana,2025-10-20,Lunes,10:00 AM,360.65,11:00 PM,315.73
Tacos Gavilan Rialto,2025-10-20,Lunes,9:00 AM,33.24,11:00 PM,329.78
Tacos Gavilan LA Central,2025-10-20,Lunes,12:00 AM,680.01,11:00 PM,622.06
Tacos Gavilan South Gate,2025-10-20,Lunes,9:00 AM,174.01,11:00 PM,444.36
Tacos Gavilan Huntington Park,2025-10-20,Lunes,9:00 AM,12.88,11:00 PM,279.68
Tacos Gavilan Norwalk,2025-10-20,Lunes,12:00 AM,359.99,11:00 PM,428.82
Tacos Gavilan Hollywood,2025-10-20,Lunes,9:00 AM,274.54,11:00 PM,374.76
Tacos Gavilan Downey,2025-10-20,Lunes,9:00 AM,109.56,11:00 PM,361.02
Tacos Gavilan Azusa,2025-10-20,Lunes,9:00 AM,15.58,11:00 PM,343.03
Tacos Gavilan Bell,2025-10-20,Lunes,9:00 AM,8.59,11:00 PM,188.55
Tacos Gavilan La Puente,2025-10-20,Lunes,8:00 AM,0.01,11:00 PM,195.74
Tacos Gavilan LA Broadway,2025-10-20,Lunes,12:00 AM,299.59,11:00 PM,407.76
Tacos Gavilan West Covina,2025-10-20,Lunes,12:00 AM,235.33,11:00 PM,534.38
Tacos Gavilan Slauson,2025-10-20,Lunes,12:00 AM,292.37,11:00 PM,695.38
Tacos Gavilan Lynwood,2025-10-20,Lunes,12:00 AM,337.95,11:00 PM,613.07
Tacos Gavilan Santa Ana,2025-10-21,Martes,10:00 AM,139.97,11:00 PM,220.33
Tacos Gavilan Azusa,2025-10-21,Martes,9:00 AM,8.59,11:00 PM,108.02
Tacos Gavilan LA Central,2025-10-21,Martes,12:00 AM,767.11,11:00 PM,655.71
Tacos Gavilan South Gate,2025-10-21,Martes,9:00 AM,106.54,11:00 PM,418.51
Tacos Gavilan Huntington Park,2025-10-21,Martes,9:00 AM,20.97,11:00 PM,213.87
Tacos Gavilan Norwalk,2025-10-21,Martes,12:00 AM,692.03,11:00 PM,630.79
Tacos Gavilan Hollywood,2025-10-21,Martes,9:00 AM,265.42,11:00 PM,686.94
Tacos Gavilan Bell,2025-10-21,Martes,10:00 AM,201.59,11:00 PM,210.34
Tacos Gavilan Downey,2025-10-21,Martes,8:00 AM,34.21,11:00 PM,177.35
Tacos Gavilan Rialto,2025-10-21,Martes,9:00 AM,413.08,11:00 PM,498.02
Tacos Gavilan LA Broadway,2025-10-21,Martes,12:00 AM,449.52,11:00 PM,794.22
Tacos Gavilan La Puente,2025-10-21,Martes,9:00 AM,52.38,11:00 PM,257.78
Tacos Gavilan Lynwood,2025-10-21,Martes,12:00 AM,572.25,11:00 PM,755.87
Tacos Gavilan West Covina,2025-10-21,Martes,12:00 AM,397.72,11:00 PM,742.74
Tacos Gavilan Slauson,2025-10-21,Martes,12:00 AM,204.21,11:00 PM,607.72
Tacos Gavilan West Covina,2025-10-22,Miércoles,12:00 AM,315.93,11:00 PM,750.98
Tacos Gavilan Azusa,2025-10-22,Miércoles,9:00 AM,52.79,11:00 PM,205.81
Tacos Gavilan Rialto,2025-10-22,Miércoles,9:00 AM,255.79,11:00 PM,377.10
Tacos Gavilan LA Central,2025-10-22,Miércoles,12:00 AM,544.38,11:00 PM,836.39
Tacos Gavilan South Gate,2025-10-22,Miércoles,9:00 AM,79.63,11:00 PM,371.18
Tacos Gavilan Bell,2025-10-22,Miércoles,10:00 AM,134.52,11:00 PM,332.73
Tacos Gavilan Slauson,2025-10-22,Miércoles,12:00 AM,468.51,11:00 PM,879.45
Tacos Gavilan Hollywood,2025-10-22,Miércoles,9:00 AM,327.50,11:00 PM,414.16
Tacos Gavilan LA Broadway,2025-10-22,Miércoles,12:00 AM,236.43,11:00 PM,792.18
Tacos Gavilan Downey,2025-10-22,Miércoles,9:00 AM,252.08,11:00 PM,379.65
Tacos Gavilan Norwalk,2025-10-22,Miércoles,12:00 AM,442.90,11:00 PM,645.06
Tacos Gavilan Huntington Park,2025-10-22,Miércoles,9:00 AM,38.05,11:00 PM,182.62
Tacos Gavilan La Puente,2025-10-22,Miércoles,9:00 AM,28.12,11:00 PM,317.58
Tacos Gavilan Santa Ana,2025-10-22,Miércoles,10:00 AM,407.41,11:00 PM,177.79
Tacos Gavilan Lynwood,2025-10-22,Miércoles,12:00 AM,617.54,11:00 PM,551.46
Tacos Gavilan Santa Ana,2025-10-23,Jueves,10:00 AM,647.80,11:00 PM,463.25
Tacos Gavilan Rialto,2025-10-23,Jueves,12:00 AM,409.35,11:00 PM,640.29
Tacos Gavilan LA Central,2025-10-23,Jueves,12:00 AM,1012.24,11:00 PM,984.93
Tacos Gavilan Huntington Park,2025-10-23,Jueves,12:00 AM,496.48,11:00 PM,495.24
Tacos Gavilan Norwalk,2025-10-23,Jueves,12:00 AM,644.81,11:00 PM,876.01
Tacos Gavilan Slauson,2025-10-23,Jueves,12:00 AM,306.32,11:00 PM,481.24
Tacos Gavilan Hollywood,2025-10-23,Jueves,9:00 AM,330.89,11:00 PM,538.48
Tacos Gavilan Azusa,2025-10-23,Jueves,9:00 AM,8.59,11:00 PM,232.96
Tacos Gavilan Downey,2025-10-23,Jueves,12:00 AM,302.87,11:00 PM,687.68
Tacos Gavilan LA Broadway,2025-10-23,Jueves,12:00 AM,374.41,11:00 PM,698.85
Tacos Gavilan Bell,2025-10-23,Jueves,10:00 AM,170.88,11:00 PM,153.89
Tacos Gavilan La Puente,2025-10-23,Jueves,9:00 AM,13.71,11:00 PM,207.32
Tacos Gavilan South Gate,2025-10-23,Jueves,9:00 AM,179.57,11:00 PM,280.87
Tacos Gavilan West Covina,2025-10-23,Jueves,12:00 AM,485.95,11:00 PM,479.10
Tacos Gavilan Lynwood,2025-10-23,Jueves,12:00 AM,559.08,11:00 PM,960.26
Tacos Gavilan West Covina,2025-10-24,Viernes,12:00 AM,551.22,11:00 PM,1383.47
Tacos Gavilan LA Central,2025-10-24,Viernes,12:00 AM,1158.14,11:00 PM,1472.57
Tacos Gavilan Downey,2025-10-24,Viernes,12:00 AM,859.21,11:00 PM,795.31
Tacos Gavilan Huntington Park,2025-10-24,Viernes,12:00 AM,375.11,11:00 PM,462.22
Tacos Gavilan Lynwood,2025-10-24,Viernes,12:00 AM,937.29,11:00 PM,1321.86
Tacos Gavilan Slauson,2025-10-24,Viernes,12:00 AM,506.05,11:00 PM,1288.18
Tacos Gavilan LA Broadway,2025-10-24,Viernes,12:00 AM,662.56,11:00 PM,971.47
Tacos Gavilan Azusa,2025-10-24,Viernes,12:00 AM,333.43,11:00 PM,506.04
Tacos Gavilan Bell,2025-10-24,Viernes,12:00 AM,337.47,11:00 PM,549.49
Tacos Gavilan Rialto,2025-10-24,Viernes,12:00 AM,629.24,11:00 PM,910.10
Tacos Gavilan Norwalk,2025-10-24,Viernes,12:00 AM,858.95,11:00 PM,1101.73
Tacos Gavilan La Puente,2025-10-24,Viernes,12:00 AM,559.10,11:00 PM,635.31
Tacos Gavilan Hollywood,2025-10-24,Viernes,12:00 AM,809.39,11:00 PM,593.41
Tacos Gavilan Santa Ana,2025-10-24,Viernes,12:00 AM,375.45,11:00 PM,677.47
Tacos Gavilan South Gate,2025-10-24,Viernes,12:00 AM,489.25,11:00 PM,923.29
Tacos Gavilan Santa Ana,2025-10-25,Sábado,12:00 AM,654.94,11:00 PM,945.95
Tacos Gavilan Rialto,2025-10-25,Sábado,12:00 AM,845.27,11:00 PM,670.85
Tacos Gavilan LA Central,2025-10-25,Sábado,12:00 AM,1370.42,11:00 PM,1804.89
Tacos Gavilan Bell,2025-10-25,Sábado,12:00 AM,424.29,11:00 PM,555.44
Tacos Gavilan Norwalk,2025-10-25,Sábado,12:00 AM,1368.11,11:00 PM,1155.34
Tacos Gavilan Slauson,2025-10-25,Sábado,12:00 AM,693.12,11:00 PM,788.05
Tacos Gavilan Hollywood,2025-10-25,Sábado,12:00 AM,708.05,11:00 PM,847.09
Tacos Gavilan Azusa,2025-10-25,Sábado,12:00 AM,456.10,11:00 PM,447.50
Tacos Gavilan La Puente,2025-10-25,Sábado,12:00 AM,353.11,11:00 PM,674.02
Tacos Gavilan Huntington Park,2025-10-25,Sábado,12:00 AM,644.46,11:00 PM,688.26
Tacos Gavilan Downey,2025-10-25,Sábado,12:00 AM,759.08,11:00 PM,684.25
Tacos Gavilan LA Broadway,2025-10-25,Sábado,12:00 AM,958.76,11:00 PM,1133.04
Tacos Gavilan Lynwood,2025-10-25,Sábado,12:00 AM,1114.99,11:00 PM,1120.65
Tacos Gavilan South Gate,2025-10-25,Sábado,12:00 AM,1193.34,11:00 PM,776.19
Tacos Gavilan West Covina,2025-10-25,Sábado,12:00 AM,824.69,11:00 PM,1202.75
Tacos Gavilan La Puente,2025-10-26,Domingo,9:00 AM,12.02,11:00 PM,274.61
Tacos Gavilan Azusa,2025-10-26,Domingo,9:00 AM,2.29,11:00 PM,200.68
Tacos Gavilan LA Central,2025-10-26,Domingo,12:00 AM,1028.85,11:00 PM,1111.75
Tacos Gavilan South Gate,2025-10-26,Domingo,10:00 AM,309.90,11:00 PM,421.48
Tacos Gavilan Huntington Park,2025-10-26,Domingo,10:00 AM,347.12,11:00 PM,381.04
Tacos Gavilan Norwalk,2025-10-26,Domingo,12:00 AM,344.07,11:00 PM,708.20
Tacos Gavilan Hollywood,2025-10-26,Domingo,9:00 AM,84.82,11:00 PM,511.22
Tacos Gavilan Downey,2025-10-26,Domingo,9:00 AM,346.10,11:00 PM,372.31
Tacos Gavilan LA Broadway,2025-10-26,Domingo,12:00 AM,623.27,11:00 PM,640.11
Tacos Gavilan Slauson,2025-10-26,Domingo,12:00 AM,317.43,11:00 PM,771.20
Tacos Gavilan Rialto,2025-10-26,Domingo,12:00 AM,353.28,11:00 PM,609.16
Tacos Gavilan Bell,2025-10-26,Domingo,10:00 AM,247.37,11:00 PM,315.91
Tacos Gavilan Santa Ana,2025-10-26,Domingo,10:00 AM,186.87,11:00 PM,452.07
Tacos Gavilan West Covina,2025-10-26,Domingo,12:00 AM,437.53,11:00 PM,583.22
Tacos Gavilan Lynwood,2025-10-26,Domingo,12:00 AM,863.57,11:00 PM,738.65
Tacos Gavilan Santa Ana,2025-10-27,Lunes,10:00 AM,290.68,11:00 PM,183.53
Tacos Gavilan La Puente,2025-10-27,Lunes,9:00 AM,19.62,11:00 PM,295.28
Tacos Gavilan Rialto,2025-10-27,Lunes,9:00 AM,197.01,11:00 PM,345.47
Tacos Gavilan LA Central,2025-10-27,Lunes,12:00 AM,1012.29,11:00 PM,856.86
Tacos Gavilan Bell,2025-10-27,Lunes,9:00 AM,8.37,11:00 PM,131.20
Tacos Gavilan Lynwood,2025-10-27,Lunes,12:00 AM,506.80,11:00 PM,672.81
Tacos Gavilan Norwalk,2025-10-27,Lunes,12:00 AM,905.54,11:00 PM,509.92
Tacos Gavilan Hollywood,2025-10-27,Lunes,9:00 AM,607.07,11:00 PM,357.11
Tacos Gavilan Downey,2025-10-27,Lunes,8:00 AM,12.38,11:00 PM,343.42
Tacos Gavilan Azusa,2025-10-27,Lunes,10:00 AM,200.97,11:00 PM,194.17
Tacos Gavilan LA Broadway,2025-10-27,Lunes,12:00 AM,461.26,11:00 PM,561.43
Tacos Gavilan Huntington Park,2025-10-27,Lunes,10:00 AM,280.34,11:00 PM,357.82
Tacos Gavilan South Gate,2025-10-27,Lunes,9:00 AM,61.99,11:00 PM,357.60
Tacos Gavilan West Covina,2025-10-27,Lunes,12:00 AM,495.34,11:00 PM,331.27
Tacos Gavilan Slauson,2025-10-27,Lunes,12:00 AM,744.94,11:00 PM,329.44
Tacos Gavilan West Covina,2025-10-28,Martes,12:00 AM,454.64,11:00 PM,528.39
Tacos Gavilan La Puente,2025-10-28,Martes,9:00 AM,48.43,11:00 PM,319.66
Tacos Gavilan Rialto,2025-10-28,Martes,9:00 AM,181.18,11:00 PM,461.97
Tacos Gavilan LA Central,2025-10-28,Martes,12:00 AM,766.24,11:00 PM,950.74
Tacos Gavilan Downey,2025-10-28,Martes,9:00 AM,196.91,11:00 PM,292.90
Tacos Gavilan Slauson,2025-10-28,Martes,12:00 AM,374.76,11:00 PM,667.20
Tacos Gavilan Hollywood,2025-10-28,Martes,9:00 AM,265.30,11:00 PM,559.13
Tacos Gavilan LA Broadway,2025-10-28,Martes,12:00 AM,302.47,11:00 PM,587.54
Tacos Gavilan Azusa,2025-10-28,Martes,9:00 AM,13.68,11:00 PM,116.91
Tacos Gavilan Norwalk,2025-10-28,Martes,12:00 AM,475.43,11:00 PM,498.76
Tacos Gavilan Bell,2025-10-28,Martes,10:00 AM,367.33,11:00 PM,211.14
Tacos Gavilan Santa Ana,2025-10-28,Martes,10:00 AM,333.25,11:00 PM,341.69
Tacos Gavilan South Gate,2025-10-28,Martes,9:00 AM,53.09,11:00 PM,221.63
Tacos Gavilan Huntington Park,2025-10-28,Martes,9:00 AM,79.28,11:00 PM,319.72
Tacos Gavilan Lynwood,2025-10-28,Martes,12:00 AM,557.93,11:00 PM,652.52
Tacos Gavilan West Covina,2025-10-29,Miércoles,12:00 AM,414.20,11:00 PM,476.30
Tacos Gavilan Santa Ana,2025-10-29,Miércoles,10:00 AM,317.51,11:00 PM,437.63
Tacos Gavilan Rialto,2025-10-29,Miércoles,8:00 AM,10.99,11:00 PM,382.12
Tacos Gavilan LA Central,2025-10-29,Miércoles,12:00 AM,760.74,11:00 PM,1100.55
Tacos Gavilan South Gate,2025-10-29,Miércoles,9:00 AM,154.50,11:00 PM,311.31
Tacos Gavilan Bell,2025-10-29,Miércoles,10:00 AM,326.32,11:00 PM,165.39
Tacos Gavilan Norwalk,2025-10-29,Miércoles,12:00 AM,566.27,11:00 PM,832.33
Tacos Gavilan Slauson,2025-10-29,Miércoles,12:00 AM,376.02,11:00 PM,640.41
Tacos Gavilan La Puente,2025-10-29,Miércoles,9:00 AM,17.86,11:00 PM,208.89
Tacos Gavilan Azusa,2025-10-29,Miércoles,10:00 AM,171.88,11:00 PM,147.27
Tacos Gavilan Downey,2025-10-29,Miércoles,9:00 AM,256.06,11:00 PM,344.50
Tacos Gavilan LA Broadway,2025-10-29,Miércoles,12:00 AM,494.79,11:00 PM,449.55
Tacos Gavilan Huntington Park,2025-10-29,Miércoles,12:00 AM,8.59,11:00 PM,353.83
Tacos Gavilan Hollywood,2025-10-29,Miércoles,9:00 AM,295.69,11:00 PM,707.43
Tacos Gavilan Lynwood,2025-10-29,Miércoles,12:00 AM,743.45,11:00 PM,867.45
Tacos Gavilan West Covina,2025-10-30,Jueves,12:00 AM,470.66,11:00 PM,664.58
Tacos Gavilan La Puente,2025-10-30,Jueves,9:00 AM,55.62,11:00 PM,248.92
Tacos Gavilan LA Central,2025-10-30,Jueves,12:00 AM,1014.79,11:00 PM,1399.84
Tacos Gavilan Downey,2025-10-30,Jueves,12:00 AM,328.43,11:00 PM,499.22
Tacos Gavilan Huntington Park,2025-10-30,Jueves,12:00 AM,269.01,11:00 PM,414.22
Tacos Gavilan Lynwood,2025-10-30,Jueves,12:00 AM,838.93,11:00 PM,891.42
Tacos Gavilan Norwalk,2025-10-30,Jueves,12:00 AM,489.91,11:00 PM,849.12
Tacos Gavilan Slauson,2025-10-30,Jueves,12:00 AM,381.21,11:00 PM,789.29
Tacos Gavilan Azusa,2025-10-30,Jueves,10:00 AM,218.49,11:00 PM,242.37
Tacos Gavilan Rialto,2025-10-30,Jueves,12:00 AM,555.39,11:00 PM,967.28
Tacos Gavilan LA Broadway,2025-10-30,Jueves,12:00 AM,493.73,11:00 PM,719.00
Tacos Gavilan Bell,2025-10-30,Jueves,10:00 AM,105.17,11:00 PM,158.80
Tacos Gavilan Hollywood,2025-10-30,Jueves,8:00 AM,11.88,11:00 PM,740.78
Tacos Gavilan Santa Ana,2025-10-30,Jueves,10:00 AM,250.50,11:00 PM,528.94
Tacos Gavilan South Gate,2025-10-30,Jueves,9:00 AM,108.77,11:00 PM,411.69
Tacos Gavilan Santa Ana,2025-10-31,Viernes,12:00 AM,751.67,11:00 PM,767.88
Tacos Gavilan Rialto,2025-10-31,Viernes,12:00 AM,683.42,11:00 PM,1267.33
Tacos Gavilan LA Central,2025-10-31,Viernes,12:00 AM,1470.42,11:00 PM,1709.81
Tacos Gavilan South Gate,2025-10-31,Viernes,12:00 AM,741.19,11:00 PM,1569.86
Tacos Gavilan Huntington Park,2025-10-31,Viernes,12:00 AM,474.26,11:00 PM,683.48
Tacos Gavilan Norwalk,2025-10-31,Viernes,12:00 AM,877.55,11:00 PM,1127.02
Tacos Gavilan Hollywood,2025-10-31,Viernes,12:00 AM,1072.63,11:00 PM,1175.57
Tacos Gavilan Azusa,2025-10-31,Viernes,12:00 AM,368.06,11:00 PM,467.29
Tacos Gavilan Downey,2025-10-31,Viernes,12:00 AM,552.72,11:00 PM,890.76
Tacos Gavilan LA Broadway,2025-10-31,Viernes,12:00 AM,829.63,11:00 PM,1107.84
Tacos Gavilan Bell,2025-10-31,Viernes,12:00 AM,299.04,11:00 PM,437.18
Tacos Gavilan West Covina,2025-10-31,Viernes,12:00 AM,599.42,11:00 PM,1107.63
Tacos Gavilan La Puente,2025-10-31,Viernes,12:00 AM,588.80,11:00 PM,652.60
Tacos Gavilan Lynwood,2025-10-31,Viernes,12:00 AM,922.29,11:00 PM,1841.98
Tacos Gavilan Slauson,2025-10-31,Viernes,12:00 AM,934.35,11:00 PM,1071.77
Tacos Gavilan Santa Ana,2025-11-01,Sábado,12:00 AM,439.19,11:00 PM,703.39
Tacos Gavilan Rialto,2025-11-01,Sábado,12:00 AM,686.83,11:00 PM,1242.61
Tacos Gavilan LA Central,2025-11-01,Sábado,12:00 AM,1557.17,11:00 PM,1858.62
Tacos Gavilan Huntington Park,2025-11-01,Sábado,12:00 AM,674.37,11:00 PM,722.67
Tacos Gavilan Norwalk,2025-11-01,Sábado,12:00 AM,678.11,11:00 PM,1325.59
Tacos Gavilan Slauson,2025-11-01,Sábado,12:00 AM,921.42,11:00 PM,1013.02
Tacos Gavilan Hollywood,2025-11-01,Sábado,12:00 AM,896.00,11:00 PM,919.41
Tacos Gavilan Azusa,2025-11-01,Sábado,12:00 AM,383.69,11:00 PM,265.34
Tacos Gavilan La Puente,2025-11-01,Sábado,12:00 AM,552.20,11:00 PM,455.49
Tacos Gavilan Downey,2025-11-01,Sábado,12:00 AM,793.14,11:00 PM,911.58
Tacos Gavilan West Covina,2025-11-01,Sábado,12:00 AM,1019.92,11:00 PM,1097.88
Tacos Gavilan LA Broadway,2025-11-01,Sábado,12:00 AM,716.37,11:00 PM,688.76
Tacos Gavilan Bell,2025-11-01,Sábado,12:00 AM,317.17,11:00 PM,450.74
Tacos Gavilan South Gate,2025-11-01,Sábado,12:00 AM,828.42,11:00 PM,1096.49
Tacos Gavilan Lynwood,2025-11-01,Sábado,12:00 AM,1359.47,11:00 PM,1385.89
Tacos Gavilan West Covina,2025-11-02,Domingo,12:00 AM,236.26,11:00 PM,244.29
Tacos Gavilan Rialto,2025-11-02,Domingo,12:00 AM,513.83,11:00 PM,468.54
Tacos Gavilan LA Central,2025-11-02,Domingo,12:00 AM,767.04,11:00 PM,917.34
Tacos Gavilan Huntington Park,2025-11-02,Domingo,9:00 AM,85.00,11:00 PM,205.71
Tacos Gavilan Lynwood,2025-11-02,Domingo,12:00 AM,771.26,11:00 PM,674.63
Tacos Gavilan Norwalk,2025-11-02,Domingo,12:00 AM,216.80,11:00 PM,525.39
Tacos Gavilan Hollywood,2025-11-02,Domingo,9:00 AM,155.73,11:00 PM,608.29
Tacos Gavilan Azusa,2025-11-02,Domingo,10:00 AM,374.69,11:00 PM,252.15
Tacos Gavilan Downey,2025-11-02,Domingo,8:00 AM,15.16,11:00 PM,272.11
Tacos Gavilan La Puente,2025-11-02,Domingo,8:00 AM,17.18,11:00 PM,233.57
Tacos Gavilan Santa Ana,2025-11-02,Domingo,9:00 AM,21.47,11:00 PM,323.15
Tacos Gavilan LA Broadway,2025-11-02,Domingo,12:00 AM,575.98,11:00 PM,510.08
Tacos Gavilan Bell,2025-11-02,Domingo,10:00 AM,627.81,11:00 PM,109.03
Tacos Gavilan Slauson,2025-11-02,Domingo,12:00 AM,251.22,11:00 PM,584.24
Tacos Gavilan South Gate,2025-11-02,Domingo,10:00 AM,784.47,11:00 PM,322.10
Tacos Gavilan West Covina,2025-11-03,Lunes,12:00 AM,252.08,11:00 PM,449.52
Tacos Gavilan Santa Ana,2025-11-03,Lunes,10:00 AM,375.16,11:00 PM,229.76
Tacos Gavilan Rialto,2025-11-03,Lunes,8:00 AM,52.76,11:00 PM,347.42
Tacos Gavilan South Gate,2025-11-03,Lunes,9:00 AM,92.24,11:00 PM,154.27
Tacos Gavilan Huntington Park,2025-11-03,Lunes,9:00 AM,8.59,11:00 PM,127.54
Tacos Gavilan Norwalk,2025-11-03,Lunes,12:00 AM,820.07,11:00 PM,359.40
Tacos Gavilan Hollywood,2025-11-03,Lunes,9:00 AM,287.94,11:00 PM,442.61
Tacos Gavilan Downey,2025-11-03,Lunes,9:00 AM,239.43,11:00 PM,219.55
Tacos Gavilan Bell,2025-11-03,Lunes,10:00 AM,202.05,11:00 PM,100.85
Tacos Gavilan LA Broadway,2025-11-03,Lunes,12:00 AM,410.50,11:00 PM,553.53
Tacos Gavilan Azusa,2025-11-03,Lunes,9:00 AM,24.55,11:00 PM,124.28
Tacos Gavilan La Puente,2025-11-03,Lunes,9:00 AM,46.07,11:00 PM,116.27
Tacos Gavilan Slauson,2025-11-03,Lunes,12:00 AM,336.89,11:00 PM,570.38
Tacos Gavilan Lynwood,2025-11-03,Lunes,12:00 AM,466.88,11:00 PM,896.24
Tacos Gavilan LA Central,2025-11-03,Lunes,12:00 AM,674.64,11:00 PM,675.70
Tacos Gavilan Santa Ana,2025-11-04,Martes,9:00 AM,23.86,11:00 PM,265.06
Tacos Gavilan La Puente,2025-11-04,Martes,9:00 AM,89.19,11:00 PM,160.52
Tacos Gavilan Rialto,2025-11-04,Martes,9:00 AM,291.23,11:00 PM,369.46
Tacos Gavilan LA Central,2025-11-04,Martes,12:00 AM,559.94,11:00 PM,712.16
Tacos Gavilan Bell,2025-11-04,Martes,10:00 AM,173.82,11:00 PM,48.82
Tacos Gavilan Slauson,2025-11-04,Martes,12:00 AM,435.46,11:00 PM,510.90
Tacos Gavilan Hollywood,2025-11-04,Martes,8:00 AM,7.30,11:00 PM,225.91
Tacos Gavilan LA Broadway,2025-11-04,Martes,12:00 AM,239.06,11:00 PM,445.85
Tacos Gavilan Azusa,2025-11-04,Martes,9:00 AM,26.12,11:00 PM,218.66
Tacos Gavilan South Gate,2025-11-04,Martes,9:00 AM,90.98,11:00 PM,296.32
Tacos Gavilan Downey,2025-11-04,Martes,8:00 AM,9.09,11:00 PM,91.34
Tacos Gavilan Huntington Park,2025-11-04,Martes,9:00 AM,16.03,11:00 PM,416.58
Tacos Gavilan Norwalk,2025-11-04,Martes,12:00 AM,436.05,11:00 PM,893.45
Tacos Gavilan Lynwood,2025-11-04,Martes,12:00 AM,405.13,11:00 PM,567.04
Tacos Gavilan West Covina,2025-11-04,Martes,12:00 AM,282.50,11:00 PM,467.97
Tacos Gavilan West Covina,2025-11-05,Miércoles,12:00 AM,334.67,11:00 PM,614.10
Tacos Gavilan Rialto,2025-11-05,Miércoles,9:00 AM,281.13,11:00 PM,359.94
Tacos Gavilan LA Central,2025-11-05,Miércoles,12:00 AM,600.45,11:00 PM,632.19
Tacos Gavilan South Gate,2025-11-05,Miércoles,9:00 AM,107.25,11:00 PM,353.60
Tacos Gavilan Huntington Park,2025-11-05,Miércoles,12:00 AM,11.37,11:00 PM,328.51
Tacos Gavilan Norwalk,2025-11-05,Miércoles,12:00 AM,461.64,11:00 PM,635.82
Tacos Gavilan Hollywood,2025-11-05,Miércoles,12:00 AM,2.29,11:00 PM,382.52
Tacos Gavilan Downey,2025-11-05,Miércoles,9:00 AM,232.99,11:00 PM,118.46
Tacos Gavilan Azusa,2025-11-05,Miércoles,10:00 AM,345.59,11:00 PM,180.22
Tacos Gavilan LA Broadway,2025-11-05,Miércoles,12:00 AM,327.36,11:00 PM,392.07
Tacos Gavilan Santa Ana,2025-11-05,Miércoles,10:00 AM,503.02,11:00 PM,323.68
Tacos Gavilan Bell,2025-11-05,Miércoles,10:00 AM,149.75,11:00 PM,193.78
Tacos Gavilan Lynwood,2025-11-05,Miércoles,12:00 AM,619.28,11:00 PM,701.10
Tacos Gavilan La Puente,2025-11-05,Miércoles,9:00 AM,58.43,11:00 PM,335.87
Tacos Gavilan Slauson,2025-11-05,Miércoles,12:00 AM,485.96,11:00 PM,682.99
Tacos Gavilan Santa Ana,2025-11-06,Jueves,9:00 AM,80.02,11:00 PM,256.30
Tacos Gavilan La Puente,2025-11-06,Jueves,9:00 AM,100.63,11:00 PM,303.12
Tacos Gavilan Rialto,2025-11-06,Jueves,12:00 AM,298.69,11:00 PM,507.15
Tacos Gavilan LA Central,2025-11-06,Jueves,12:00 AM,1071.98,11:00 PM,721.22
Tacos Gavilan Bell,2025-11-06,Jueves,10:00 AM,252.40,11:00 PM,62.69
Tacos Gavilan Huntington Park,2025-11-06,Jueves,12:00 AM,140.46,11:00 PM,183.23
Tacos Gavilan Slauson,2025-11-06,Jueves,12:00 AM,340.52,11:00 PM,676.99
Tacos Gavilan LA Broadway,2025-11-06,Jueves,12:00 AM,470.89,11:00 PM,713.20
Tacos Gavilan Downey,2025-11-06,Jueves,12:00 AM,118.59,11:00 PM,371.98
Tacos Gavilan Azusa,2025-11-06,Jueves,9:00 AM,8.59,11:00 PM,156.39
Tacos Gavilan Norwalk,2025-11-06,Jueves,12:00 AM,655.74,11:00 PM,413.90
Tacos Gavilan Hollywood,2025-11-06,Jueves,12:00 AM,17.07,11:00 PM,607.49
Tacos Gavilan South Gate,2025-11-06,Jueves,12:00 AM,42.41,11:00 PM,570.18
Tacos Gavilan West Covina,2025-11-06,Jueves,12:00 AM,452.22,11:00 PM,308.07
Tacos Gavilan Lynwood,2025-11-06,Jueves,12:00 AM,437.50,11:00 PM,883.55
Tacos Gavilan Santa Ana,2025-11-07,Viernes,12:00 AM,402.60,11:00 PM,810.83
Tacos Gavilan Rialto,2025-11-07,Viernes,12:00 AM,1169.81,11:00 PM,839.09
Tacos Gavilan LA Central,2025-11-07,Viernes,12:00 AM,1546.72,11:00 PM,1371.68
Tacos Gavilan South Gate,2025-11-07,Viernes,12:00 AM,618.55,11:00 PM,999.57
Tacos Gavilan Downey,2025-11-07,Viernes,12:00 AM,835.36,11:00 PM,904.45
Tacos Gavilan Huntington Park,2025-11-07,Viernes,12:00 AM,668.76,11:00 PM,600.89
Tacos Gavilan Hollywood,2025-11-07,Viernes,12:00 AM,964.19,11:00 PM,737.52
Tacos Gavilan Azusa,2025-11-07,Viernes,12:00 AM,118.54,11:00 PM,371.55
Tacos Gavilan Norwalk,2025-11-07,Viernes,12:00 AM,589.04,11:00 PM,1325.16
Tacos Gavilan LA Broadway,2025-11-07,Viernes,12:00 AM,1167.84,11:00 PM,899.08
Tacos Gavilan La Puente,2025-11-07,Viernes,12:00 AM,514.45,11:00 PM,485.80
Tacos Gavilan Bell,2025-11-07,Viernes,12:00 AM,259.28,11:00 PM,504.47
Tacos Gavilan Lynwood,2025-11-07,Viernes,12:00 AM,1254.18,11:00 PM,1196.15
Tacos Gavilan Slauson,2025-11-07,Viernes,12:00 AM,938.21,11:00 PM,1151.29
Tacos Gavilan West Covina,2025-11-07,Viernes,12:00 AM,671.38,11:00 PM,938.38
Tacos Gavilan Santa Ana,2025-11-08,Sábado,12:00 AM,543.65,11:00 PM,836.08
Tacos Gavilan Rialto,2025-11-08,Sábado,12:00 AM,830.36,11:00 PM,557.69
Tacos Gavilan LA Central,2025-11-08,Sábado,12:00 AM,1088.79,11:00 PM,1403.33
Tacos Gavilan South Gate,2025-11-08,Sábado,12:00 AM,507.41,11:00 PM,732.94
Tacos Gavilan Huntington Park,2025-11-08,Sábado,12:00 AM,490.43,11:00 PM,487.28
Tacos Gavilan Norwalk,2025-11-08,Sábado,12:00 AM,660.51,11:00 PM,1056.14
Tacos Gavilan Hollywood,2025-11-08,Sábado,12:00 AM,873.15,11:00 PM,940.25
Tacos Gavilan Downey,2025-11-08,Sábado,12:00 AM,493.11,11:00 PM,687.64
Tacos Gavilan Azusa,2025-11-08,Sábado,12:00 AM,424.82,11:00 PM,399.75
Tacos Gavilan LA Broadway,2025-11-08,Sábado,12:00 AM,927.47,11:00 PM,1221.42
Tacos Gavilan La Puente,2025-11-08,Sábado,12:00 AM,532.41,11:00 PM,343.27
Tacos Gavilan Bell,2025-11-08,Sábado,12:00 AM,366.64,11:00 PM,441.96
Tacos Gavilan Lynwood,2025-11-08,Sábado,12:00 AM,1236.65,11:00 PM,1384.69
Tacos Gavilan Slauson,2025-11-08,Sábado,12:00 AM,1091.91,11:00 PM,1035.55
Tacos Gavilan West Covina,2025-11-08,Sábado,12:00 AM,760.99,11:00 PM,701.05
Tacos Gavilan Santa Ana,2025-11-09,Domingo,10:00 AM,540.86,11:00 PM,403.37
Tacos Gavilan Rialto,2025-11-09,Domingo,12:00 AM,360.28,11:00 PM,501.72
Tacos Gavilan LA Central,2025-11-09,Domingo,12:00 AM,1055.79,11:00 PM,827.51
Tacos Gavilan Huntington Park,2025-11-09,Domingo,9:00 AM,13.95,11:00 PM,327.49
Tacos Gavilan Lynwood,2025-11-09,Domingo,12:00 AM,727.39,11:00 PM,856.61
Tacos Gavilan Norwalk,2025-11-09,Domingo,12:00 AM,437.85,11:00 PM,529.19
Tacos Gavilan Hollywood,2025-11-09,Domingo,9:00 AM,249.18,11:00 PM,620.52
Tacos Gavilan Bell,2025-11-09,Domingo,10:00 AM,415.73,11:00 PM,196.20
Tacos Gavilan Azusa,2025-11-09,Domingo,9:00 AM,7.58,11:00 PM,242.58
Tacos Gavilan LA Broadway,2025-11-09,Domingo,12:00 AM,555.61,11:00 PM,414.45
Tacos Gavilan Downey,2025-11-09,Domingo,9:00 AM,436.00,11:00 PM,328.42
Tacos Gavilan South Gate,2025-11-09,Domingo,9:00 AM,25.76,11:00 PM,459.70
Tacos Gavilan La Puente,2025-11-09,Domingo,9:00 AM,170.57,11:00 PM,325.81
Tacos Gavilan Slauson,2025-11-09,Domingo,12:00 AM,673.31,11:00 PM,490.67
Tacos Gavilan West Covina,2025-11-09,Domingo,12:00 AM,375.70,11:00 PM,705.15
Tacos Gavilan West Covina,2025-11-10,Lunes,12:00 AM,363.71,11:00 PM,535.67
Tacos Gavilan La Puente,2025-11-10,Lunes,9:00 AM,26.35,11:00 PM,159.18
Tacos Gavilan Rialto,2025-11-10,Lunes,8:00 AM,40.94,11:00 PM,239.35
Tacos Gavilan LA Central,2025-11-10,Lunes,12:00 AM,1004.86,11:00 PM,974.63
Tacos Gavilan Bell,2025-11-10,Lunes,9:00 AM,11.88,11:00 PM,140.50
Tacos Gavilan Lynwood,2025-11-10,Lunes,12:00 AM,570.38,11:00 PM,894.46
Tacos Gavilan Hollywood,2025-11-10,Lunes,12:00 AM,17.02,11:00 PM,336.05
Tacos Gavilan LA Broadway,2025-11-10,Lunes,12:00 AM,371.08,11:00 PM,447.72
Tacos Gavilan South Gate,2025-11-10,Lunes,9:00 AM,117.46,11:00 PM,363.38
Tacos Gavilan Slauson,2025-11-10,Lunes,12:00 AM,504.84,11:00 PM,571.91
Tacos Gavilan Azusa,2025-11-10,Lunes,10:00 AM,203.89,11:00 PM,267.71
Tacos Gavilan Huntington Park,2025-11-10,Lunes,9:00 AM,28.07,11:00 PM,356.73
Tacos Gavilan Santa Ana,2025-11-10,Lunes,10:00 AM,212.62,11:00 PM,258.82
Tacos Gavilan Norwalk,2025-11-10,Lunes,12:00 AM,455.80,11:00 PM,581.44
Tacos Gavilan Downey,2025-11-10,Lunes,8:00 AM,16.94,11:00 PM,312.96
Tacos Gavilan Santa Ana,2025-11-11,Martes,9:00 AM,11.88,11:00 PM,301.91
Tacos Gavilan Rialto,2025-11-11,Martes,12:00 AM,31.32,11:00 PM,297.83
Tacos Gavilan LA Central,2025-11-11,Martes,12:00 AM,544.54,11:00 PM,991.23
Tacos Gavilan South Gate,2025-11-11,Martes,9:00 AM,157.85,11:00 PM,352.88
Tacos Gavilan Huntington Park,2025-11-11,Martes,9:00 AM,8.96,11:00 PM,348.62
Tacos Gavilan Norwalk,2025-11-11,Martes,12:00 AM,462.54,11:00 PM,637.46
Tacos Gavilan Hollywood,2025-11-11,Martes,8:00 AM,22.14,11:00 PM,569.09
Tacos Gavilan LA Broadway,2025-11-11,Martes,12:00 AM,208.03,11:00 PM,533.36
Tacos Gavilan Bell,2025-11-11,Martes,9:00 AM,14.26,11:00 PM,85.28
Tacos Gavilan Azusa,2025-11-11,Martes,10:00 AM,508.19,11:00 PM,248.49
Tacos Gavilan La Puente,2025-11-11,Martes,9:00 AM,37.50,11:00 PM,305.17
Tacos Gavilan Lynwood,2025-11-11,Martes,12:00 AM,312.63,11:00 PM,522.05
Tacos Gavilan Slauson,2025-11-11,Martes,12:00 AM,316.31,11:00 PM,370.76
Tacos Gavilan Downey,2025-11-11,Martes,9:00 AM,144.65,11:00 PM,380.46
Tacos Gavilan West Covina,2025-11-11,Martes,12:00 AM,349.52,11:00 PM,516.81
Tacos Gavilan Santa Ana,2025-11-12,Miércoles,10:00 AM,672.07,11:00 PM,291.46
Tacos Gavilan La Puente,2025-11-12,Miércoles,12:00 AM,2.39,11:00 PM,247.46
Tacos Gavilan LA Central,2025-11-12,Miércoles,12:00 AM,646.22,11:00 PM,723.58
Tacos Gavilan Bell,2025-11-12,Miércoles,10:00 AM,420.65,11:00 PM,134.95
Tacos Gavilan Downey,2025-11-12,Miércoles,9:00 AM,316.84,11:00 PM,378.85
Tacos Gavilan Huntington Park,2025-11-12,Miércoles,10:00 AM,506.95,11:00 PM,449.04
Tacos Gavilan Slauson,2025-11-12,Miércoles,12:00 AM,438.74,11:00 PM,511.17
Tacos Gavilan LA Broadway,2025-11-12,Miércoles,12:00 AM,518.85,11:00 PM,526.34
Tacos Gavilan Azusa,2025-11-12,Miércoles,10:00 AM,181.85,11:00 PM,288.83
Tacos Gavilan Norwalk,2025-11-12,Miércoles,12:00 AM,486.63,11:00 PM,744.01
Tacos Gavilan Hollywood,2025-11-12,Miércoles,9:00 AM,157.09,11:00 PM,468.98
Tacos Gavilan Lynwood,2025-11-12,Miércoles,12:00 AM,703.03,11:00 PM,778.83
Tacos Gavilan South Gate,2025-11-12,Miércoles,9:00 AM,161.10,11:00 PM,328.66
Tacos Gavilan Rialto,2025-11-12,Miércoles,9:00 AM,146.69,11:00 PM,601.84
Tacos Gavilan West Covina,2025-11-12,Miércoles,12:00 AM,462.17,11:00 PM,517.26
Tacos Gavilan Santa Ana,2025-11-13,Jueves,10:00 AM,329.95,11:00 PM,375.13
Tacos Gavilan Rialto,2025-11-13,Jueves,12:00 AM,290.20,11:00 PM,761.31
Tacos Gavilan LA Central,2025-11-13,Jueves,12:00 AM,675.69,11:00 PM,1012.83
Tacos Gavilan South Gate,2025-11-13,Jueves,12:00 AM,7.58,11:00 PM,430.26
Tacos Gavilan Huntington Park,2025-11-13,Jueves,12:00 AM,191.88,11:00 PM,440.87
Tacos Gavilan Norwalk,2025-11-13,Jueves,12:00 AM,762.97,11:00 PM,787.34
Tacos Gavilan Hollywood,2025-11-13,Jueves,8:00 AM,7.30,11:00 PM,477.36
Tacos Gavilan Slauson,2025-11-13,Jueves,12:00 AM,508.71,11:00 PM,681.41
Tacos Gavilan Bell,2025-11-13,Jueves,10:00 AM,166.58,11:00 PM,260.58
Tacos Gavilan LA Broadway,2025-11-13,Jueves,12:00 AM,559.94,11:00 PM,585.48
Tacos Gavilan La Puente,2025-11-13,Jueves,8:00 AM,18.48,11:00 PM,250.79
Tacos Gavilan Azusa,2025-11-13,Jueves,9:00 AM,57.28,11:00 PM,149.94
Tacos Gavilan West Covina,2025-11-13,Jueves,12:00 AM,415.92,11:00 PM,570.05
Tacos Gavilan Downey,2025-11-13,Jueves,12:00 AM,49.59,11:00 PM,336.15
Tacos Gavilan Lynwood,2025-11-13,Jueves,12:00 AM,736.78,11:00 PM,489.61
Tacos Gavilan Santa Ana,2025-11-14,Viernes,12:00 AM,484.57,11:00 PM,629.49
Tacos Gavilan Rialto,2025-11-14,Viernes,12:00 AM,561.20,11:00 PM,495.82
Tacos Gavilan LA Central,2025-11-14,Viernes,12:00 AM,790.05,11:00 PM,1375.35
Tacos Gavilan Huntington Park,2025-11-14,Viernes,12:00 AM,362.39,11:00 PM,488.39
Tacos Gavilan Lynwood,2025-11-14,Viernes,12:00 AM,796.61,11:00 PM,1335.16
Tacos Gavilan Norwalk,2025-11-14,Viernes,12:00 AM,676.41,11:00 PM,954.06
Tacos Gavilan Hollywood,2025-11-14,Viernes,12:00 AM,632.31,11:00 PM,496.77
Tacos Gavilan Azusa,2025-11-14,Viernes,12:00 AM,58.48,11:00 PM,360.06
Tacos Gavilan Downey,2025-11-14,Viernes,12:00 AM,440.87,11:00 PM,615.20
Tacos Gavilan West Covina,2025-11-14,Viernes,12:00 AM,813.23,11:00 PM,822.20
Tacos Gavilan South Gate,2025-11-14,Viernes,12:00 AM,634.46,11:00 PM,747.91
Tacos Gavilan LA Broadway,2025-11-14,Viernes,12:00 AM,710.33,11:00 PM,604.83
Tacos Gavilan Bell,2025-11-14,Viernes,12:00 AM,221.92,11:00 PM,341.51
Tacos Gavilan La Puente,2025-11-14,Viernes,12:00 AM,320.89,11:00 PM,540.15
Tacos Gavilan Slauson,2025-11-14,Viernes,12:00 AM,739.36,11:00 PM,697.31
Tacos Gavilan West Covina,2025-11-15,Sábado,12:00 AM,516.14,11:00 PM,955.93
Tacos Gavilan Rialto,2025-11-15,Sábado,12:00 AM,676.26,11:00 PM,720.75
Tacos Gavilan LA Central,2025-11-15,Sábado,12:00 AM,1326.18,11:00 PM,1747.37
Tacos Gavilan Huntington Park,2025-11-15,Sábado,12:00 AM,498.58,11:00 PM,735.41
Tacos Gavilan Lynwood,2025-11-15,Sábado,12:00 AM,986.50,11:00 PM,871.16
Tacos Gavilan Norwalk,2025-11-15,Sábado,12:00 AM,830.82,11:00 PM,1123.04
Tacos Gavilan Hollywood,2025-11-15,Sábado,12:00 AM,570.65,11:00 PM,861.99
Tacos Gavilan Slauson,2025-11-15,Sábado,12:00 AM,994.48,11:00 PM,833.46
Tacos Gavilan Santa Ana,2025-11-15,Sábado,12:00 AM,632.33,11:00 PM,862.86
Tacos Gavilan Azusa,2025-11-15,Sábado,12:00 AM,219.64,11:00 PM,296.06
Tacos Gavilan Downey,2025-11-15,Sábado,12:00 AM,728.53,11:00 PM,823.73
Tacos Gavilan LA Broadway,2025-11-15,Sábado,12:00 AM,737.84,11:00 PM,1017.40
Tacos Gavilan La Puente,2025-11-15,Sábado,12:00 AM,343.50,11:00 PM,407.82
Tacos Gavilan South Gate,2025-11-15,Sábado,12:00 AM,582.26,11:00 PM,722.94
Tacos Gavilan Bell,2025-11-15,Sábado,12:00 AM,304.98,11:00 PM,241.64
Tacos Gavilan Santa Ana,2025-11-16,Domingo,12:00 AM,43.42,11:00 PM,277.04
Tacos Gavilan La Puente,2025-11-16,Domingo,9:00 AM,9.16,11:00 PM,78.89
Tacos Gavilan LA Central,2025-11-16,Domingo,12:00 AM,620.19,11:00 PM,750.90
Tacos Gavilan Bell,2025-11-16,Domingo,10:00 AM,330.27,11:00 PM,328.51
Tacos Gavilan Downey,2025-11-16,Domingo,9:00 AM,305.83,11:00 PM,491.10
Tacos Gavilan Huntington Park,2025-11-16,Domingo,10:00 AM,392.61,11:00 PM,514.55
Tacos Gavilan Norwalk,2025-11-16,Domingo,12:00 AM,190.11,11:00 PM,866.60
Tacos Gavilan Slauson,2025-11-16,Domingo,12:00 AM,321.39,11:00 PM,659.77
Tacos Gavilan LA Broadway,2025-11-16,Domingo,12:00 AM,415.08,11:00 PM,509.11
Tacos Gavilan Azusa,2025-11-16,Domingo,10:00 AM,112.65,11:00 PM,174.44
Tacos Gavilan South Gate,2025-11-16,Domingo,10:00 AM,504.73,11:00 PM,476.70
Tacos Gavilan Rialto,2025-11-16,Domingo,12:00 AM,350.54,11:00 PM,331.51
Tacos Gavilan West Covina,2025-11-16,Domingo,12:00 AM,416.98,11:00 PM,431.37
Tacos Gavilan Hollywood,2025-11-16,Domingo,9:00 AM,160.20,11:00 PM,606.31
Tacos Gavilan Lynwood,2025-11-16,Domingo,12:00 AM,463.94,11:00 PM,503.14
Tacos Gavilan Santa Ana,2025-11-17,Lunes,10:00 AM,372.25,11:00 PM,282.83
Tacos Gavilan Rialto,2025-11-17,Lunes,9:00 AM,149.29,11:00 PM,375.77
Tacos Gavilan LA Central,2025-11-17,Lunes,12:00 AM,682.21,11:00 PM,732.25
Tacos Gavilan South Gate,2025-11-17,Lunes,8:00 AM,8.59,11:00 PM,327.91
Tacos Gavilan Huntington Park,2025-11-17,Lunes,10:00 AM,790.63,11:00 PM,244.30
Tacos Gavilan Norwalk,2025-11-17,Lunes,12:00 AM,449.56,11:00 PM,489.58
Tacos Gavilan Hollywood,2025-11-17,Lunes,9:00 AM,269.31,11:00 PM,218.87
Tacos Gavilan Azusa,2025-11-17,Lunes,9:00 AM,9.09,11:00 PM,143.88
Tacos Gavilan La Puente,2025-11-17,Lunes,9:00 AM,9.89,11:00 PM,313.69
Tacos Gavilan Downey,2025-11-17,Lunes,9:00 AM,374.55,11:00 PM,183.96
Tacos Gavilan LA Broadway,2025-11-17,Lunes,12:00 AM,294.95,11:00 PM,623.84
Tacos Gavilan Lynwood,2025-11-17,Lunes,12:00 AM,754.16,11:00 PM,577.95
Tacos Gavilan Bell,2025-11-17,Lunes,9:00 AM,67.11,11:00 PM,144.20
Tacos Gavilan Slauson,2025-11-17,Lunes,12:00 AM,546.61,11:00 PM,471.13
Tacos Gavilan West Covina,2025-11-17,Lunes,12:00 AM,358.66,11:00 PM,384.77
Tacos Gavilan Santa Ana,2025-11-18,Martes,9:00 AM,891.77,11:00 PM,349.96
Tacos Gavilan La Puente,2025-11-18,Martes,8:00 AM,10.53,11:00 PM,318.39
Tacos Gavilan Rialto,2025-11-18,Martes,8:00 AM,87.79,11:00 PM,401.70
Tacos Gavilan LA Central,2025-11-18,Martes,12:00 AM,510.17,11:00 PM,945.41
Tacos Gavilan Bell,2025-11-18,Martes,9:00 AM,46.47,11:00 PM,99.06
Tacos Gavilan Norwalk,2025-11-18,Martes,12:00 AM,468.62,11:00 PM,785.22
Tacos Gavilan Slauson,2025-11-18,Martes,12:00 AM,214.76,11:00 PM,595.10
Tacos Gavilan Hollywood,2025-11-18,Martes,8:00 AM,12.28,11:00 PM,371.59
Tacos Gavilan Downey,2025-11-18,Martes,9:00 AM,177.15,11:00 PM,184.57
Tacos Gavilan Huntington Park,2025-11-18,Martes,10:00 AM,477.03,11:00 PM,335.55
Tacos Gavilan Lynwood,2025-11-18,Martes,12:00 AM,586.70,11:00 PM,772.46
Tacos Gavilan South Gate,2025-11-18,Martes,9:00 AM,214.39,11:00 PM,509.76
Tacos Gavilan Azusa,2025-11-18,Martes,9:00 AM,16.07,11:00 PM,278.07
Tacos Gavilan LA Broadway,2025-11-18,Martes,12:00 AM,181.17,11:00 PM,401.54
Tacos Gavilan West Covina,2025-11-18,Martes,12:00 AM,397.00,11:00 PM,455.15
Tacos Gavilan Santa Ana,2025-11-19,Miércoles,10:00 AM,502.03,11:00 PM,215.23
Tacos Gavilan Rialto,2025-11-19,Miércoles,8:00 AM,15.96,11:00 PM,448.44
Tacos Gavilan LA Central,2025-11-19,Miércoles,12:00 AM,904.87,11:00 PM,816.55
Tacos Gavilan South Gate,2025-11-19,Miércoles,9:00 AM,104.32,11:00 PM,402.86
Tacos Gavilan Huntington Park,2025-11-19,Miércoles,10:00 AM,435.06,11:00 PM,212.07
Tacos Gavilan Norwalk,2025-11-19,Miércoles,12:00 AM,490.22,11:00 PM,642.17
Tacos Gavilan Hollywood,2025-11-19,Miércoles,9:00 AM,235.12,11:00 PM,467.15
Tacos Gavilan LA Broadway,2025-11-19,Miércoles,12:00 AM,498.11,11:00 PM,443.39
Tacos Gavilan Bell,2025-11-19,Miércoles,10:00 AM,186.92,11:00 PM,154.00
Tacos Gavilan Downey,2025-11-19,Miércoles,9:00 AM,140.54,11:00 PM,277.13
Tacos Gavilan Azusa,2025-11-19,Miércoles,9:00 AM,22.27,11:00 PM,312.41
Tacos Gavilan Lynwood,2025-11-19,Miércoles,12:00 AM,635.30,11:00 PM,617.21
Tacos Gavilan La Puente,2025-11-19,Miércoles,12:00 AM,30.48,11:00 PM,293.55
Tacos Gavilan Slauson,2025-11-19,Miércoles,12:00 AM,404.94,11:00 PM,660.18
Tacos Gavilan West Covina,2025-11-19,Miércoles,12:00 AM,475.38,11:00 PM,432.83
Tacos Gavilan West Covina,2025-11-20,Jueves,12:00 AM,431.85,11:00 PM,335.40
Tacos Gavilan La Puente,2025-11-20,Jueves,8:00 AM,54.39,11:00 PM,409.88
Tacos Gavilan Rialto,2025-11-20,Jueves,12:00 AM,312.68,11:00 PM,303.50
Tacos Gavilan LA Central,2025-11-20,Jueves,12:00 AM,708.19,11:00 PM,995.20
Tacos Gavilan Bell,2025-11-20,Jueves,9:00 AM,22.54,11:00 PM,219.55
Tacos Gavilan Norwalk,2025-11-20,Jueves,12:00 AM,579.62,11:00 PM,721.96
Tacos Gavilan Slauson,2025-11-20,Jueves,12:00 AM,397.08,11:00 PM,835.41
Tacos Gavilan Hollywood,2025-11-20,Jueves,9:00 AM,387.09,11:00 PM,439.01
Tacos Gavilan South Gate,2025-11-20,Jueves,12:00 AM,7.58,11:00 PM,581.16
Tacos Gavilan Downey,2025-11-20,Jueves,12:00 AM,188.53,11:00 PM,241.11
Tacos Gavilan LA Broadway,2025-11-20,Jueves,12:00 AM,328.82,11:00 PM,534.82
Tacos Gavilan Azusa,2025-11-20,Jueves,10:00 AM,118.63,11:00 PM,313.33
Tacos Gavilan Huntington Park,2025-11-20,Jueves,12:00 AM,234.93,11:00 PM,2004.42
Tacos Gavilan Lynwood,2025-11-20,Jueves,12:00 AM,580.77,11:00 PM,621.22
Tacos Gavilan Santa Ana,2025-11-20,Jueves,10:00 AM,557.79,11:00 PM,416.68
Tacos Gavilan Santa Ana,2025-11-21,Viernes,12:00 AM,536.27,11:00 PM,864.57
Tacos Gavilan Rialto,2025-11-21,Viernes,12:00 AM,645.77,11:00 PM,878.81
Tacos Gavilan LA Central,2025-11-21,Viernes,12:00 AM,841.04,11:00 PM,1331.89
Tacos Gavilan South Gate,2025-11-21,Viernes,12:00 AM,621.25,11:00 PM,713.82
Tacos Gavilan Huntington Park,2025-11-21,Viernes,12:00 AM,582.21,11:00 PM,465.09
Tacos Gavilan Norwalk,2025-11-21,Viernes,12:00 AM,975.28,11:00 PM,1141.61
Tacos Gavilan Hollywood,2025-11-21,Viernes,12:00 AM,553.29,11:00 PM,567.31
Tacos Gavilan Azusa,2025-11-21,Viernes,12:00 AM,98.08,11:00 PM,668.39
Tacos Gavilan La Puente,2025-11-21,Viernes,12:00 AM,346.29,11:00 PM,493.88
Tacos Gavilan Downey,2025-11-21,Viernes,12:00 AM,662.14,11:00 PM,629.51
Tacos Gavilan LA Broadway,2025-11-21,Viernes,12:00 AM,767.90,11:00 PM,740.96
Tacos Gavilan Bell,2025-11-21,Viernes,12:00 AM,348.38,11:00 PM,474.81
Tacos Gavilan Lynwood,2025-11-21,Viernes,12:00 AM,914.06,11:00 PM,1246.89
Tacos Gavilan Slauson,2025-11-21,Viernes,12:00 AM,1096.26,11:00 PM,885.82
Tacos Gavilan West Covina,2025-11-21,Viernes,12:00 AM,714.62,11:00 PM,969.74
Tacos Gavilan Santa Ana,2025-11-22,Sábado,12:00 AM,797.37,11:00 PM,753.85
Tacos Gavilan Rialto,2025-11-22,Sábado,12:00 AM,664.71,11:00 PM,778.89
Tacos Gavilan LA Central,2025-11-22,Sábado,12:00 AM,1753.32,11:00 PM,1703.41
Tacos Gavilan South Gate,2025-11-22,Sábado,12:00 AM,659.19,11:00 PM,1035.67
Tacos Gavilan Huntington Park,2025-11-22,Sábado,12:00 AM,667.36,11:00 PM,745.46
Tacos Gavilan Norwalk,2025-11-22,Sábado,12:00 AM,916.02,11:00 PM,1019.57
Tacos Gavilan Hollywood,2025-11-22,Sábado,12:00 AM,622.70,11:00 PM,511.30
Tacos Gavilan La Puente,2025-11-22,Sábado,12:00 AM,376.05,11:00 PM,501.68
Tacos Gavilan West Covina,2025-11-22,Sábado,12:00 AM,1109.82,11:00 PM,979.97
Tacos Gavilan Azusa,2025-11-22,Sábado,12:00 AM,430.91,11:00 PM,452.85
Tacos Gavilan Downey,2025-11-22,Sábado,12:00 AM,1084.42,11:00 PM,791.41
Tacos Gavilan Bell,2025-11-22,Sábado,12:00 AM,422.96,11:00 PM,553.86
Tacos Gavilan LA Broadway,2025-11-22,Sábado,12:00 AM,1286.93,11:00 PM,905.71
Tacos Gavilan Lynwood,2025-11-22,Sábado,12:00 AM,1177.00,11:00 PM,1140.68
Tacos Gavilan Slauson,2025-11-22,Sábado,12:00 AM,1607.38,11:00 PM,904.41
Tacos Gavilan Santa Ana,2025-11-23,Domingo,12:00 AM,4.49,11:00 PM,795.59
Tacos Gavilan Rialto,2025-11-23,Domingo,12:00 AM,424.67,11:00 PM,529.35
Tacos Gavilan LA Central,2025-11-23,Domingo,12:00 AM,1233.00,11:00 PM,1438.65
Tacos Gavilan South Gate,2025-11-23,Domingo,9:00 AM,31.21,11:00 PM,445.08
Tacos Gavilan Huntington Park,2025-11-23,Domingo,9:00 AM,9.09,11:00 PM,439.66
Tacos Gavilan Norwalk,2025-11-23,Domingo,12:00 AM,474.35,11:00 PM,867.92
Tacos Gavilan Hollywood,2025-11-23,Domingo,12:00 AM,38.61,11:00 PM,430.10
Tacos Gavilan LA Broadway,2025-11-23,Domingo,12:00 AM,574.64,11:00 PM,685.63
Tacos Gavilan Bell,2025-11-23,Domingo,10:00 AM,158.64,11:00 PM,250.16
Tacos Gavilan Azusa,2025-11-23,Domingo,9:00 AM,12.38,11:00 PM,208.94
Tacos Gavilan Downey,2025-11-23,Domingo,12:00 AM,87.86,11:00 PM,274.76
Tacos Gavilan La Puente,2025-11-23,Domingo,9:00 AM,211.41,11:00 PM,272.01
Tacos Gavilan West Covina,2025-11-23,Domingo,12:00 AM,576.44,11:00 PM,566.38
Tacos Gavilan Slauson,2025-11-23,Domingo,12:00 AM,467.49,11:00 PM,718.12
Tacos Gavilan Lynwood,2025-11-23,Domingo,12:00 AM,654.70,11:00 PM,876.60
Tacos Gavilan Santa Ana,2025-11-24,Lunes,9:00 AM,16.94,11:00 PM,279.81
Tacos Gavilan La Puente,2025-11-24,Lunes,9:00 AM,24.90,11:00 PM,312.39
Tacos Gavilan Rialto,2025-11-24,Lunes,9:00 AM,240.44,11:00 PM,621.23
Tacos Gavilan LA Central,2025-11-24,Lunes,12:00 AM,894.47,11:00 PM,979.63
Tacos Gavilan Bell,2025-11-24,Lunes,10:00 AM,130.78,11:00 PM,103.44
Tacos Gavilan Huntington Park,2025-11-24,Lunes,10:00 AM,397.88,11:00 PM,434.83
Tacos Gavilan Norwalk,2025-11-24,Lunes,12:00 AM,368.67,11:00 PM,691.84
Tacos Gavilan Slauson,2025-11-24,Lunes,12:00 AM,195.43,11:00 PM,547.65
Tacos Gavilan Downey,2025-11-24,Lunes,8:00 AM,13.68,11:00 PM,181.48
Tacos Gavilan Azusa,2025-11-24,Lunes,9:00 AM,56.04,11:00 PM,123.03
Tacos Gavilan LA Broadway,2025-11-24,Lunes,12:00 AM,515.19,11:00 PM,611.88
Tacos Gavilan South Gate,2025-11-24,Lunes,9:00 AM,135.19,11:00 PM,321.69
Tacos Gavilan Hollywood,2025-11-24,Lunes,1:00 AM,8.59,11:00 PM,510.90
Tacos Gavilan West Covina,2025-11-24,Lunes,12:00 AM,505.17,11:00 PM,383.86
Tacos Gavilan Lynwood,2025-11-24,Lunes,12:00 AM,317.28,11:00 PM,696.04
Tacos Gavilan Santa Ana,2025-11-25,Martes,9:00 AM,1773.16,11:00 PM,336.54
Tacos Gavilan Rialto,2025-11-25,Martes,9:00 AM,221.68,11:00 PM,546.94
Tacos Gavilan LA Central,2025-11-25,Martes,12:00 AM,662.18,11:00 PM,926.64
Tacos Gavilan Downey,2025-11-25,Martes,8:00 AM,18.07,11:00 PM,580.55
Tacos Gavilan Huntington Park,2025-11-25,Martes,9:00 AM,22.90,11:00 PM,397.71
Tacos Gavilan Lynwood,2025-11-25,Martes,12:00 AM,773.95,11:00 PM,973.07
Tacos Gavilan Hollywood,2025-11-25,Martes,9:00 AM,184.35,11:00 PM,468.73
Tacos Gavilan Bell,2025-11-25,Martes,9:00 AM,26.36,11:00 PM,180.67
Tacos Gavilan Norwalk,2025-11-25,Martes,12:00 AM,507.08,11:00 PM,800.58
Tacos Gavilan Azusa,2025-11-25,Martes,9:00 AM,12.38,11:00 PM,235.83
Tacos Gavilan Slauson,2025-11-25,Martes,12:00 AM,370.22,11:00 PM,737.23
Tacos Gavilan LA Broadway,2025-11-25,Martes,12:00 AM,440.35,11:00 PM,560.02
Tacos Gavilan West Covina,2025-11-25,Martes,12:00 AM,419.89,11:00 PM,573.11
Tacos Gavilan La Puente,2025-11-25,Martes,9:00 AM,92.67,11:00 PM,311.83
Tacos Gavilan South Gate,2025-11-25,Martes,9:00 AM,113.42,11:00 PM,288.83
Tacos Gavilan Santa Ana,2025-11-26,Miércoles,10:00 AM,506.09,11:00 PM,584.70
Tacos Gavilan La Puente,2025-11-26,Miércoles,9:00 AM,72.67,11:00 PM,420.14
Tacos Gavilan Azusa,2025-11-26,Miércoles,9:00 AM,37.89,11:00 PM,483.77
Tacos Gavilan LA Central,2025-11-26,Miércoles,12:00 AM,1574.11,11:00 PM,2177.33
Tacos Gavilan Bell,2025-11-26,Miércoles,10:00 AM,288.80,11:00 PM,325.41
Tacos Gavilan Norwalk,2025-11-26,Miércoles,12:00 AM,962.52,11:00 PM,1362.73
Tacos Gavilan Slauson,2025-11-26,Miércoles,12:00 AM,704.59,11:00 PM,1359.60
Tacos Gavilan Hollywood,2025-11-26,Miércoles,9:00 AM,662.32,11:00 PM,463.47
Tacos Gavilan Downey,2025-11-26,Miércoles,12:00 AM,8.59,11:00 PM,756.37
Tacos Gavilan LA Broadway,2025-11-26,Miércoles,12:00 AM,538.59,11:00 PM,639.38
Tacos Gavilan Huntington Park,2025-11-26,Miércoles,10:00 AM,769.68,11:00 PM,487.30
Tacos Gavilan Rialto,2025-11-26,Miércoles,8:00 AM,26.19,11:00 PM,588.86
Tacos Gavilan West Covina,2025-11-26,Miércoles,12:00 AM,932.91,11:00 PM,936.38
Tacos Gavilan South Gate,2025-11-26,Miércoles,9:00 AM,140.13,11:00 PM,951.94
Tacos Gavilan Lynwood,2025-11-26,Miércoles,12:00 AM,1485.15,11:00 PM,1458.90
Tacos Gavilan West Covina,2025-11-27,Jueves,9:00 AM,80.76,3:00 PM,271.31
Tacos Gavilan Santa Ana,2025-11-27,Jueves,10:00 AM,330.19,3:00 PM,340.97
Tacos Gavilan La Puente,2025-11-27,Jueves,8:00 AM,41.18,3:00 PM,338.20
Tacos Gavilan Rialto,2025-11-27,Jueves,9:00 AM,456.57,3:00 PM,703.59
Tacos Gavilan LA Central,2025-11-27,Jueves,7:00 AM,28.46,3:00 PM,631.09
Tacos Gavilan South Gate,2025-11-27,Jueves,9:00 AM,362.08,3:00 PM,490.75
Tacos Gavilan Bell,2025-11-27,Jueves,10:00 AM,356.57,4:00 PM,26.19
Tacos Gavilan Downey,2025-11-27,Jueves,8:00 AM,7.58,3:00 PM,485.14
Tacos Gavilan Huntington Park,2025-11-27,Jueves,10:00 AM,516.58,3:00 PM,437.81
Tacos Gavilan Lynwood,2025-11-27,Jueves,9:00 AM,321.75,3:00 PM,522.49
Tacos Gavilan Slauson,2025-11-27,Jueves,10:00 AM,660.25,4:00 PM,26.19
Tacos Gavilan Hollywood,2025-11-27,Jueves,8:00 AM,19.97,3:00 PM,448.69
Tacos Gavilan Azusa,2025-11-27,Jueves,9:00 AM,7.87,4:00 PM,28.67
Tacos Gavilan LA Broadway,2025-11-27,Jueves,7:00 AM,8.59,3:00 PM,588.46
Tacos Gavilan Norwalk,2025-11-27,Jueves,9:00 AM,3.79,3:00 PM,531.94
Tacos Gavilan Santa Ana,2025-11-28,Viernes,12:00 AM,364.54,11:00 PM,817.49
Tacos Gavilan La Puente,2025-11-28,Viernes,12:00 AM,198.74,11:00 PM,454.21
Tacos Gavilan Azusa,2025-11-28,Viernes,12:00 AM,224.78,11:00 PM,378.87
Tacos Gavilan LA Central,2025-11-28,Viernes,12:00 AM,830.14,11:00 PM,1550.30
Tacos Gavilan South Gate,2025-11-28,Viernes,12:00 AM,430.97,11:00 PM,813.01
Tacos Gavilan Bell,2025-11-28,Viernes,12:00 AM,70.07,11:00 PM,450.25
Tacos Gavilan Slauson,2025-11-28,Viernes,12:00 AM,622.36,11:00 PM,879.68
Tacos Gavilan LA Broadway,2025-11-28,Viernes,12:00 AM,509.78,11:00 PM,774.91
Tacos Gavilan Rialto,2025-11-28,Viernes,12:00 AM,472.81,11:00 PM,699.72
Tacos Gavilan Norwalk,2025-11-28,Viernes,12:00 AM,929.44,11:00 PM,755.43
Tacos Gavilan Downey,2025-11-28,Viernes,12:00 AM,662.72,11:00 PM,693.60
Tacos Gavilan Hollywood,2025-11-28,Viernes,12:00 AM,569.35,11:00 PM,571.74
Tacos Gavilan West Covina,2025-11-28,Viernes,12:00 AM,304.63,11:00 PM,918.24
Tacos Gavilan Huntington Park,2025-11-28,Viernes,12:00 AM,312.36,11:00 PM,491.76
Tacos Gavilan Lynwood,2025-11-28,Viernes,12:00 AM,469.87,11:00 PM,777.06
Tacos Gavilan Santa Ana,2025-11-29,Sábado,12:00 AM,390.25,11:00 PM,519.69
Tacos Gavilan Rialto,2025-11-29,Sábado,12:00 AM,890.38,11:00 PM,1067.79
Tacos Gavilan LA Central,2025-11-29,Sábado,12:00 AM,872.60,11:00 PM,1386.96
Tacos Gavilan South Gate,2025-11-29,Sábado,12:00 AM,527.98,11:00 PM,569.78
Tacos Gavilan Downey,2025-11-29,Sábado,12:00 AM,579.75,11:00 PM,808.88
Tacos Gavilan Huntington Park,2025-11-29,Sábado,12:00 AM,708.95,11:00 PM,623.36
Tacos Gavilan Hollywood,2025-11-29,Sábado,12:00 AM,454.97,11:00 PM,754.67
Tacos Gavilan Azusa,2025-11-29,Sábado,12:00 AM,68.95,11:00 PM,342.03
Tacos Gavilan Bell,2025-11-29,Sábado,12:00 AM,284.50,11:00 PM,404.78
Tacos Gavilan LA Broadway,2025-11-29,Sábado,12:00 AM,779.79,11:00 PM,779.80
Tacos Gavilan La Puente,2025-11-29,Sábado,12:00 AM,428.22,11:00 PM,432.14
Tacos Gavilan Norwalk,2025-11-29,Sábado,12:00 AM,813.95,11:00 PM,735.62
Tacos Gavilan West Covina,2025-11-29,Sábado,12:00 AM,632.19,11:00 PM,906.44
Tacos Gavilan Slauson,2025-11-29,Sábado,12:00 AM,1020.94,11:00 PM,1156.75
Tacos Gavilan Lynwood,2025-11-29,Sábado,12:00 AM,909.96,11:00 PM,1293.32
Tacos Gavilan Santa Ana,2025-11-30,Domingo,10:00 AM,261.23,11:00 PM,526.81
Tacos Gavilan Rialto,2025-11-30,Domingo,12:00 AM,319.50,11:00 PM,484.53
Tacos Gavilan LA Central,2025-11-30,Domingo,12:00 AM,619.62,11:00 PM,934.58
Tacos Gavilan South Gate,2025-11-30,Domingo,9:00 AM,37.94,11:00 PM,329.14
Tacos Gavilan Huntington Park,2025-11-30,Domingo,12:00 AM,20.25,11:00 PM,235.54
Tacos Gavilan Norwalk,2025-11-30,Domingo,12:00 AM,219.80,11:00 PM,652.73
Tacos Gavilan Hollywood,2025-11-30,Domingo,8:00 AM,19.58,11:00 PM,254.77
Tacos Gavilan LA Broadway,2025-11-30,Domingo,12:00 AM,536.17,11:00 PM,796.51
Tacos Gavilan West Covina,2025-11-30,Domingo,12:00 AM,455.04,11:00 PM,322.95
Tacos Gavilan Azusa,2025-11-30,Domingo,9:00 AM,29.21,11:00 PM,170.94
Tacos Gavilan La Puente,2025-11-30,Domingo,9:00 AM,77.03,11:00 PM,232.87
Tacos Gavilan Bell,2025-11-30,Domingo,10:00 AM,216.37,11:00 PM,224.92
Tacos Gavilan Downey,2025-11-30,Domingo,9:00 AM,306.22,11:00 PM,220.92
Tacos Gavilan Slauson,2025-11-30,Domingo,12:00 AM,436.89,11:00 PM,635.62
Tacos Gavilan Lynwood,2025-11-30,Domingo,12:00 AM,484.12,11:00 PM,726.63
Tacos Gavilan West Covina,2025-12-01,Lunes,12:00 AM,495.54,11:00 PM,515.45
Tacos Gavilan La Puente,2025-12-01,Lunes,9:00 AM,39.42,11:00 PM,213.41
Tacos Gavilan LA Central,2025-12-01,Lunes,12:00 AM,743.35,11:00 PM,731.57
Tacos Gavilan Downey,2025-12-01,Lunes,8:00 AM,11.38,11:00 PM,329.54
Tacos Gavilan Huntington Park,2025-12-01,Lunes,10:00 AM,150.33,11:00 PM,265.70
Tacos Gavilan Lynwood,2025-12-01,Lunes,12:00 AM,533.20,11:00 PM,649.43
Tacos Gavilan Slauson,2025-12-01,Lunes,12:00 AM,498.52,11:00 PM,684.54
Tacos Gavilan LA Broadway,2025-12-01,Lunes,12:00 AM,347.26,11:00 PM,597.30
Tacos Gavilan Norwalk,2025-12-01,Lunes,12:00 AM,477.93,11:00 PM,510.06
Tacos Gavilan Bell,2025-12-01,Lunes,10:00 AM,313.04,11:00 PM,218.65
Tacos Gavilan Hollywood,2025-12-01,Lunes,8:00 AM,55.39,11:00 PM,430.98
Tacos Gavilan Rialto,2025-12-01,Lunes,9:00 AM,169.26,11:00 PM,250.30
Tacos Gavilan Azusa,2025-12-01,Lunes,10:00 AM,196.94,11:00 PM,109.88
Tacos Gavilan South Gate,2025-12-01,Lunes,9:00 AM,68.96,11:00 PM,307.78
Tacos Gavilan Santa Ana,2025-12-01,Lunes,10:00 AM,383.14,11:00 PM,193.86
Tacos Gavilan Santa Ana,2025-12-02,Martes,9:00 AM,47.68,11:00 PM,331.36
Tacos Gavilan Rialto,2025-12-02,Martes,9:00 AM,109.82,11:00 PM,497.34
Tacos Gavilan LA Central,2025-12-02,Martes,12:00 AM,674.02,11:00 PM,734.82
Tacos Gavilan Huntington Park,2025-12-02,Martes,9:00 AM,3.29,11:00 PM,522.21
Tacos Gavilan Lynwood,2025-12-02,Martes,12:00 AM,550.81,11:00 PM,828.68
Tacos Gavilan Norwalk,2025-12-02,Martes,12:00 AM,522.22,11:00 PM,530.20
Tacos Gavilan Hollywood,2025-12-02,Martes,8:00 AM,10.85,11:00 PM,286.20
Tacos Gavilan Downey,2025-12-02,Martes,8:00 AM,8.59,11:00 PM,382.79
Tacos Gavilan Bell,2025-12-02,Martes,9:00 AM,13.74,11:00 PM,199.48
Tacos Gavilan Azusa,2025-12-02,Martes,10:00 AM,296.99,11:00 PM,215.28
Tacos Gavilan LA Broadway,2025-12-02,Martes,12:00 AM,325.76,11:00 PM,408.57
Tacos Gavilan South Gate,2025-12-02,Martes,9:00 AM,95.03,11:00 PM,485.48
Tacos Gavilan La Puente,2025-12-02,Martes,9:00 AM,8.51,11:00 PM,241.23
Tacos Gavilan West Covina,2025-12-02,Martes,12:00 AM,450.22,11:00 PM,502.99
Tacos Gavilan Slauson,2025-12-02,Martes,12:00 AM,417.06,11:00 PM,669.07
Tacos Gavilan West Covina,2025-12-03,Miércoles,12:00 AM,472.08,11:00 PM,556.20
Tacos Gavilan Rialto,2025-12-03,Miércoles,9:00 AM,331.19,11:00 PM,333.49
Tacos Gavilan LA Central,2025-12-03,Miércoles,12:00 AM,731.50,11:00 PM,1112.53
Tacos Gavilan South Gate,2025-12-03,Miércoles,9:00 AM,174.55,11:00 PM,412.51
Tacos Gavilan Downey,2025-12-03,Miércoles,9:00 AM,662.15,11:00 PM,272.16
Tacos Gavilan Huntington Park,2025-12-03,Miércoles,10:00 AM,331.53,11:00 PM,474.52
Tacos Gavilan Hollywood,2025-12-03,Miércoles,9:00 AM,347.19,11:00 PM,459.97
Tacos Gavilan Azusa,2025-12-03,Miércoles,9:00 AM,9.89,11:00 PM,209.98
Tacos Gavilan Norwalk,2025-12-03,Miércoles,12:00 AM,479.29,11:00 PM,389.20
Tacos Gavilan La Puente,2025-12-03,Miércoles,9:00 AM,72.35,11:00 PM,212.92
Tacos Gavilan Lynwood,2025-12-03,Miércoles,12:00 AM,651.33,11:00 PM,565.83
Tacos Gavilan LA Broadway,2025-12-03,Miércoles,12:00 AM,365.22,11:00 PM,449.58
Tacos Gavilan Bell,2025-12-03,Miércoles,12:00 AM,8.59,11:00 PM,182.72
Tacos Gavilan Slauson,2025-12-03,Miércoles,12:00 AM,420.12,11:00 PM,531.55
Tacos Gavilan Santa Ana,2025-12-03,Miércoles,10:00 AM,1004.93,11:00 PM,433.11
Tacos Gavilan Santa Ana,2025-12-04,Jueves,10:00 AM,440.30,11:00 PM,472.26
Tacos Gavilan La Puente,2025-12-04,Jueves,8:00 AM,26.33,11:00 PM,368.50
Tacos Gavilan Rialto,2025-12-04,Jueves,12:00 AM,203.78,11:00 PM,657.20
Tacos Gavilan LA Central,2025-12-04,Jueves,12:00 AM,722.20,11:00 PM,953.64
Tacos Gavilan Bell,2025-12-04,Jueves,10:00 AM,355.89,11:00 PM,129.46
Tacos Gavilan Slauson,2025-12-04,Jueves,12:00 AM,403.19,11:00 PM,831.10
Tacos Gavilan Hollywood,2025-12-04,Jueves,9:00 AM,448.63,11:00 PM,751.81
Tacos Gavilan LA Broadway,2025-12-04,Jueves,12:00 AM,488.27,11:00 PM,625.32
Tacos Gavilan Azusa,2025-12-04,Jueves,9:00 AM,94.41,11:00 PM,148.71
Tacos Gavilan Norwalk,2025-12-04,Jueves,12:00 AM,716.61,11:00 PM,709.94
Tacos Gavilan West Covina,2025-12-04,Jueves,12:00 AM,525.67,11:00 PM,690.19
Tacos Gavilan South Gate,2025-12-04,Jueves,12:00 AM,7.58,11:00 PM,467.88
Tacos Gavilan Downey,2025-12-04,Jueves,12:00 AM,175.68,11:00 PM,426.56
Tacos Gavilan Huntington Park,2025-12-04,Jueves,12:00 AM,320.34,11:00 PM,199.43
Tacos Gavilan Lynwood,2025-12-04,Jueves,12:00 AM,546.92,11:00 PM,707.38
Tacos Gavilan Santa Ana,2025-12-05,Viernes,12:00 AM,378.44,11:00 PM,1086.37
Tacos Gavilan Rialto,2025-12-05,Viernes,12:00 AM,835.83,11:00 PM,766.69
Tacos Gavilan LA Central,2025-12-05,Viernes,12:00 AM,1367.90,11:00 PM,1331.66
Tacos Gavilan Downey,2025-12-05,Viernes,12:00 AM,643.63,11:00 PM,550.27
Tacos Gavilan Huntington Park,2025-12-05,Viernes,12:00 AM,438.69,11:00 PM,317.10
Tacos Gavilan Lynwood,2025-12-05,Viernes,12:00 AM,847.55,11:00 PM,1203.64
Tacos Gavilan Hollywood,2025-12-05,Viernes,12:00 AM,790.99,11:00 PM,541.50
Tacos Gavilan Norwalk,2025-12-05,Viernes,12:00 AM,893.31,11:00 PM,1058.31
Tacos Gavilan Bell,2025-12-05,Viernes,12:00 AM,293.03,11:00 PM,307.24
Tacos Gavilan Slauson,2025-12-05,Viernes,12:00 AM,790.65,11:00 PM,723.96
Tacos Gavilan Azusa,2025-12-05,Viernes,12:00 AM,131.19,11:00 PM,363.48
Tacos Gavilan LA Broadway,2025-12-05,Viernes,12:00 AM,674.57,11:00 PM,833.97
Tacos Gavilan La Puente,2025-12-05,Viernes,12:00 AM,433.10,11:00 PM,697.98
Tacos Gavilan South Gate,2025-12-05,Viernes,12:00 AM,567.23,11:00 PM,965.59
Tacos Gavilan West Covina,2025-12-05,Viernes,12:00 AM,384.86,11:00 PM,873.10
Tacos Gavilan Santa Ana,2025-12-06,Sábado,12:00 AM,382.85,11:00 PM,800.86
Tacos Gavilan Rialto,2025-12-06,Sábado,12:00 AM,828.19,11:00 PM,1026.71
Tacos Gavilan LA Central,2025-12-06,Sábado,12:00 AM,1403.54,11:00 PM,1330.69
Tacos Gavilan South Gate,2025-12-06,Sábado,12:00 AM,720.66,11:00 PM,867.98
Tacos Gavilan Huntington Park,2025-12-06,Sábado,12:00 AM,521.17,11:00 PM,630.57
Tacos Gavilan Norwalk,2025-12-06,Sábado,12:00 AM,868.61,11:00 PM,1080.49
Tacos Gavilan Hollywood,2025-12-06,Sábado,12:00 AM,840.91,11:00 PM,776.62
Tacos Gavilan Azusa,2025-12-06,Sábado,12:00 AM,304.26,11:00 PM,392.25
Tacos Gavilan La Puente,2025-12-06,Sábado,12:00 AM,565.11,11:00 PM,777.60
Tacos Gavilan LA Broadway,2025-12-06,Sábado,12:00 AM,1063.48,11:00 PM,1254.16
Tacos Gavilan West Covina,2025-12-06,Sábado,12:00 AM,795.19,11:00 PM,697.96
Tacos Gavilan Bell,2025-12-06,Sábado,12:00 AM,315.16,11:00 PM,273.19
Tacos Gavilan Slauson,2025-12-06,Sábado,12:00 AM,882.81,11:00 PM,1060.03
Tacos Gavilan Downey,2025-12-06,Sábado,12:00 AM,758.07,11:00 PM,533.30
Tacos Gavilan Lynwood,2025-12-06,Sábado,12:00 AM,1045.26,11:00 PM,1292.43
Tacos Gavilan Santa Ana,2025-12-07,Domingo,10:00 AM,849.30,11:00 PM,509.02
Tacos Gavilan La Puente,2025-12-07,Domingo,9:00 AM,12.27,11:00 PM,283.95
Tacos Gavilan LA Central,2025-12-07,Domingo,12:00 AM,970.72,11:00 PM,1140.64
Tacos Gavilan Bell,2025-12-07,Domingo,10:00 AM,90.75,11:00 PM,215.43
Tacos Gavilan Downey,2025-12-07,Domingo,9:00 AM,292.57,11:00 PM,597.58
Tacos Gavilan Huntington Park,2025-12-07,Domingo,9:00 AM,62.69,11:00 PM,283.52
Tacos Gavilan Slauson,2025-12-07,Domingo,12:00 AM,287.06,11:00 PM,589.93
Tacos Gavilan LA Broadway,2025-12-07,Domingo,12:00 AM,488.08,11:00 PM,998.05
Tacos Gavilan Azusa,2025-12-07,Domingo,10:00 AM,342.29,11:00 PM,364.29
Tacos Gavilan Rialto,2025-12-07,Domingo,12:00 AM,185.66,11:00 PM,530.74
Tacos Gavilan Hollywood,2025-12-07,Domingo,8:00 AM,19.78,11:00 PM,301.26
Tacos Gavilan Norwalk,2025-12-07,Domingo,12:00 AM,340.83,11:00 PM,560.90
Tacos Gavilan South Gate,2025-12-07,Domingo,8:00 AM,3.27,11:00 PM,423.07
Tacos Gavilan Lynwood,2025-12-07,Domingo,12:00 AM,584.03,11:00 PM,945.14
Tacos Gavilan West Covina,2025-12-07,Domingo,12:00 AM,343.00,11:00 PM,530.17
Tacos Gavilan Santa Ana,2025-12-08,Lunes,9:00 AM,24.72,11:00 PM,365.23
Tacos Gavilan Rialto,2025-12-08,Lunes,9:00 AM,90.99,11:00 PM,381.45
Tacos Gavilan LA Central,2025-12-08,Lunes,12:00 AM,559.62,11:00 PM,754.34
Tacos Gavilan South Gate,2025-12-08,Lunes,9:00 AM,108.35,11:00 PM,323.97
Tacos Gavilan Huntington Park,2025-12-08,Lunes,10:00 AM,576.91,11:00 PM,367.41
Tacos Gavilan Norwalk,2025-12-08,Lunes,12:00 AM,517.88,11:00 PM,552.62
Tacos Gavilan Hollywood,2025-12-08,Lunes,9:00 AM,423.09,12:00 PM,1252.95
Tacos Gavilan Bell,2025-12-08,Lunes,10:00 AM,254.75,11:00 PM,112.32
Tacos Gavilan La Puente,2025-12-08,Lunes,9:00 AM,55.28,11:00 PM,263.37
Tacos Gavilan West Covina,2025-12-08,Lunes,12:00 AM,310.91,11:00 PM,578.48
Tacos Gavilan Azusa,2025-12-08,Lunes,10:00 AM,279.47,11:00 PM,137.37
Tacos Gavilan Downey,2025-12-08,Lunes,12:00 AM,22.11,11:00 PM,347.19
Tacos Gavilan LA Broadway,2025-12-08,Lunes,12:00 AM,543.37,11:00 PM,837.19
Tacos Gavilan Lynwood,2025-12-08,Lunes,12:00 AM,501.10,11:00 PM,705.09
Tacos Gavilan Slauson,2025-12-08,Lunes,12:00 AM,549.54,11:00 PM,731.33
Tacos Gavilan Santa Ana,2025-12-09,Martes,10:00 AM,655.94,11:00 PM,354.97
Tacos Gavilan Rialto,2025-12-09,Martes,9:00 AM,159.58,11:00 PM,367.59
Tacos Gavilan LA Central,2025-12-09,Martes,12:00 AM,738.49,11:00 PM,814.25
Tacos Gavilan Huntington Park,2025-12-09,Martes,9:00 AM,20.87,11:00 PM,319.14
Tacos Gavilan Lynwood,2025-12-09,Martes,12:00 AM,505.90,11:00 PM,873.65
Tacos Gavilan Norwalk,2025-12-09,Martes,12:00 AM,475.46,11:00 PM,646.75
Tacos Gavilan Hollywood,2025-12-09,Martes,9:00 AM,324.21,11:00 PM,430.99
Tacos Gavilan Downey,2025-12-09,Martes,8:00 AM,16.54,11:00 PM,343.74
Tacos Gavilan LA Broadway,2025-12-09,Martes,12:00 AM,322.05,11:00 PM,726.11
Tacos Gavilan Azusa,2025-12-09,Martes,10:00 AM,228.41,11:00 PM,210.76
Tacos Gavilan Slauson,2025-12-09,Martes,12:00 AM,226.55,11:00 PM,789.57
Tacos Gavilan South Gate,2025-12-09,Martes,9:00 AM,132.79,11:00 PM,447.90
Tacos Gavilan Bell,2025-12-09,Martes,10:00 AM,261.94,11:00 PM,285.97
Tacos Gavilan La Puente,2025-12-09,Martes,9:00 AM,56.48,11:00 PM,363.35
Tacos Gavilan West Covina,2025-12-09,Martes,12:00 AM,360.94,11:00 PM,441.41
Tacos Gavilan Santa Ana,2025-12-10,Miércoles,9:00 AM,35.14,11:00 PM,584.92
Tacos Gavilan La Puente,2025-12-10,Miércoles,9:00 AM,119.19,11:00 PM,153.86
Tacos Gavilan LA Central,2025-12-10,Miércoles,12:00 AM,877.64,11:00 PM,911.24
Tacos Gavilan Bell,2025-12-10,Miércoles,10:00 AM,261.81,11:00 PM,185.22
Tacos Gavilan Downey,2025-12-10,Miércoles,9:00 AM,193.52,11:00 PM,241.79
Tacos Gavilan Slauson,2025-12-10,Miércoles,12:00 AM,478.78,11:00 PM,704.93
Tacos Gavilan Hollywood,2025-12-10,Miércoles,9:00 AM,177.36,11:00 PM,448.97
Tacos Gavilan LA Broadway,2025-12-10,Miércoles,12:00 AM,324.37,11:00 PM,523.68
Tacos Gavilan Rialto,2025-12-10,Miércoles,9:00 AM,296.58,11:00 PM,552.42
Tacos Gavilan West Covina,2025-12-10,Miércoles,12:00 AM,499.54,11:00 PM,534.02
Tacos Gavilan Azusa,2025-12-10,Miércoles,10:00 AM,254.73,11:00 PM,251.88
Tacos Gavilan Norwalk,2025-12-10,Miércoles,12:00 AM,417.85,11:00 PM,664.27
Tacos Gavilan Huntington Park,2025-12-10,Miércoles,10:00 AM,414.45,11:00 PM,322.11
Tacos Gavilan South Gate,2025-12-10,Miércoles,9:00 AM,148.39,11:00 PM,455.47
Tacos Gavilan Lynwood,2025-12-10,Miércoles,12:00 AM,513.59,11:00 PM,684.11
Tacos Gavilan Santa Ana,2025-12-11,Jueves,9:00 AM,6.58,11:00 PM,347.16
Tacos Gavilan Rialto,2025-12-11,Jueves,12:00 AM,680.76,11:00 PM,419.36
Tacos Gavilan LA Central,2025-12-11,Jueves,12:00 AM,1031.50,11:00 PM,794.01
Tacos Gavilan South Gate,2025-12-11,Jueves,9:00 AM,95.44,11:00 PM,698.92
Tacos Gavilan Huntington Park,2025-12-11,Jueves,12:00 AM,253.82,11:00 PM,419.16
Tacos Gavilan Norwalk,2025-12-11,Jueves,12:00 AM,619.61,11:00 PM,782.02
Tacos Gavilan Hollywood,2025-12-11,Jueves,9:00 AM,395.30,11:00 PM,436.65
Tacos Gavilan LA Broadway,2025-12-11,Jueves,12:00 AM,579.11,11:00 PM,784.98
Tacos Gavilan Bell,2025-12-11,Jueves,10:00 AM,258.71,11:00 PM,316.17
Tacos Gavilan Azusa,2025-12-11,Jueves,10:00 AM,255.85,11:00 PM,345.99
Tacos Gavilan Downey,2025-12-11,Jueves,12:00 AM,191.51,11:00 PM,440.47
Tacos Gavilan Slauson,2025-12-11,Jueves,12:00 AM,539.37,11:00 PM,748.72
Tacos Gavilan La Puente,2025-12-11,Jueves,9:00 AM,64.11,11:00 PM,232.96
Tacos Gavilan West Covina,2025-12-11,Jueves,12:00 AM,518.14,11:00 PM,579.53
Tacos Gavilan Lynwood,2025-12-11,Jueves,12:00 AM,861.80,11:00 PM,894.82
Tacos Gavilan West Covina,2025-12-12,Viernes,12:00 AM,511.67,11:00 PM,939.57
Tacos Gavilan Rialto,2025-12-12,Viernes,12:00 AM,606.20,11:00 PM,752.67
Tacos Gavilan LA Central,2025-12-12,Viernes,12:00 AM,986.07,11:00 PM,1159.89
Tacos Gavilan Huntington Park,2025-12-12,Viernes,12:00 AM,352.27,11:00 PM,629.73
Tacos Gavilan Lynwood,2025-12-12,Viernes,12:00 AM,1087.32,11:00 PM,1237.79
Tacos Gavilan Norwalk,2025-12-12,Viernes,12:00 AM,892.09,11:00 PM,1039.86
Tacos Gavilan Hollywood,2025-12-12,Viernes,12:00 AM,608.83,11:00 PM,670.37
Tacos Gavilan Azusa,2025-12-12,Viernes,12:00 AM,88.59,11:00 PM,294.43
Tacos Gavilan La Puente,2025-12-12,Viernes,12:00 AM,96.51,11:00 PM,435.65
Tacos Gavilan Downey,2025-12-12,Viernes,12:00 AM,598.43,11:00 PM,807.06
Tacos Gavilan LA Broadway,2025-12-12,Viernes,12:00 AM,519.11,11:00 PM,963.75
Tacos Gavilan Bell,2025-12-12,Viernes,12:00 AM,367.57,11:00 PM,332.04
Tacos Gavilan Santa Ana,2025-12-12,Viernes,12:00 AM,569.23,11:00 PM,1010.88
Tacos Gavilan Slauson,2025-12-12,Viernes,12:00 AM,692.52,11:00 PM,784.61
Tacos Gavilan South Gate,2025-12-12,Viernes,12:00 AM,651.89,11:00 PM,1004.96
Tacos Gavilan Santa Ana,2025-12-13,Sábado,12:00 AM,754.17,11:00 PM,824.75
Tacos Gavilan Rialto,2025-12-13,Sábado,12:00 AM,711.08,11:00 PM,822.53
Tacos Gavilan LA Central,2025-12-13,Sábado,12:00 AM,1446.65,11:00 PM,1762.53
Tacos Gavilan South Gate,2025-12-13,Sábado,12:00 AM,694.46,11:00 PM,906.63
Tacos Gavilan Huntington Park,2025-12-13,Sábado,12:00 AM,522.27,11:00 PM,557.60
Tacos Gavilan Norwalk,2025-12-13,Sábado,12:00 AM,1040.79,11:00 PM,1284.92
Tacos Gavilan Hollywood,2025-12-13,Sábado,12:00 AM,851.56,11:00 PM,984.98
Tacos Gavilan Azusa,2025-12-13,Sábado,12:00 AM,480.84,11:00 PM,573.13
Tacos Gavilan Downey,2025-12-13,Sábado,12:00 AM,568.80,11:00 PM,534.72
Tacos Gavilan LA Broadway,2025-12-13,Sábado,12:00 AM,730.21,11:00 PM,1156.92
Tacos Gavilan Bell,2025-12-13,Sábado,12:00 AM,295.33,11:00 PM,512.82
Tacos Gavilan West Covina,2025-12-13,Sábado,12:00 AM,815.10,11:00 PM,912.02
Tacos Gavilan Lynwood,2025-12-13,Sábado,12:00 AM,1156.91,11:00 PM,1376.60
Tacos Gavilan La Puente,2025-12-13,Sábado,12:00 AM,640.28,11:00 PM,661.52
Tacos Gavilan Slauson,2025-12-13,Sábado,12:00 AM,1059.11,11:00 PM,1050.26
Tacos Gavilan Santa Ana,2025-12-14,Domingo,10:00 AM,366.99,11:00 PM,425.80
Tacos Gavilan La Puente,2025-12-14,Domingo,12:00 AM,4.29,11:00 PM,354.91
Tacos Gavilan LA Central,2025-12-14,Domingo,12:00 AM,756.55,11:00 PM,815.87
Tacos Gavilan Bell,2025-12-14,Domingo,8:00 AM,12.53,11:00 PM,81.39
Tacos Gavilan Downey,2025-12-14,Domingo,9:00 AM,385.54,11:00 PM,419.16
Tacos Gavilan Huntington Park,2025-12-14,Domingo,10:00 AM,485.55,11:00 PM,306.70
Tacos Gavilan Slauson,2025-12-14,Domingo,12:00 AM,607.38,11:00 PM,628.73
Tacos Gavilan LA Broadway,2025-12-14,Domingo,12:00 AM,500.16,11:00 PM,638.89
Tacos Gavilan West Covina,2025-12-14,Domingo,12:00 AM,293.79,11:00 PM,833.51
Tacos Gavilan South Gate,2025-12-14,Domingo,10:00 AM,404.21,11:00 PM,432.80
Tacos Gavilan Azusa,2025-12-14,Domingo,10:00 AM,255.70,11:00 PM,248.68
Tacos Gavilan Rialto,2025-12-14,Domingo,12:00 AM,337.63,11:00 PM,396.56
Tacos Gavilan Norwalk,2025-12-14,Domingo,12:00 AM,375.49,11:00 PM,917.18
Tacos Gavilan Hollywood,2025-12-14,Domingo,12:00 AM,4.29,11:00 PM,760.35
Tacos Gavilan Lynwood,2025-12-14,Domingo,12:00 AM,759.69,11:00 PM,894.25
Tacos Gavilan Santa Ana,2025-12-15,Lunes,10:00 AM,191.04,11:00 PM,542.29
Tacos Gavilan Rialto,2025-12-15,Lunes,9:00 AM,231.13,11:00 PM,291.23
Tacos Gavilan LA Central,2025-12-15,Lunes,12:00 AM,834.49,11:00 PM,676.35
Tacos Gavilan South Gate,2025-12-15,Lunes,9:00 AM,69.28,11:00 PM,457.75
Tacos Gavilan Huntington Park,2025-12-15,Lunes,10:00 AM,577.58,11:00 PM,396.80
Tacos Gavilan Norwalk,2025-12-15,Lunes,12:00 AM,339.33,11:00 PM,300.77
Tacos Gavilan Hollywood,2025-12-15,Lunes,9:00 AM,465.82,11:00 PM,404.19
Tacos Gavilan Bell,2025-12-15,Lunes,10:00 AM,172.03,11:00 PM,174.72
Tacos Gavilan La Puente,2025-12-15,Lunes,9:00 AM,15.67,11:00 PM,259.84
Tacos Gavilan Slauson,2025-12-15,Lunes,12:00 AM,423.63,11:00 PM,567.79
Tacos Gavilan Azusa,2025-12-15,Lunes,10:00 AM,247.18,11:00 PM,267.95
Tacos Gavilan Downey,2025-12-15,Lunes,9:00 AM,239.49,11:00 PM,183.81
Tacos Gavilan LA Broadway,2025-12-15,Lunes,12:00 AM,344.17,11:00 PM,255.62
Tacos Gavilan Lynwood,2025-12-15,Lunes,12:00 AM,531.58,11:00 PM,839.53
Tacos Gavilan West Covina,2025-12-15,Lunes,12:00 AM,230.85,11:00 PM,432.81
Tacos Gavilan Santa Ana,2025-12-16,Martes,9:00 AM,37.33,11:00 PM,302.79
Tacos Gavilan La Puente,2025-12-16,Martes,9:00 AM,22.27,11:00 PM,286.63
Tacos Gavilan Rialto,2025-12-16,Martes,9:00 AM,264.86,11:00 PM,452.36
Tacos Gavilan LA Central,2025-12-16,Martes,12:00 AM,725.44,11:00 PM,1063.78
Tacos Gavilan Bell,2025-12-16,Martes,10:00 AM,177.31,11:00 PM,274.01
Tacos Gavilan Slauson,2025-12-16,Martes,12:00 AM,501.85,11:00 PM,542.72
Tacos Gavilan Hollywood,2025-12-16,Martes,9:00 AM,283.44,11:00 PM,488.43
Tacos Gavilan LA Broadway,2025-12-16,Martes,12:00 AM,353.05,11:00 PM,453.97
Tacos Gavilan Azusa,2025-12-16,Martes,10:00 AM,189.34,11:00 PM,252.56
Tacos Gavilan Downey,2025-12-16,Martes,8:00 AM,8.59,11:00 PM,252.70
Tacos Gavilan Norwalk,2025-12-16,Martes,12:00 AM,400.97,11:00 PM,598.98
Tacos Gavilan Huntington Park,2025-12-16,Martes,12:00 AM,2.39,11:00 PM,431.95
Tacos Gavilan Lynwood,2025-12-16,Martes,12:00 AM,669.60,11:00 PM,612.74
Tacos Gavilan South Gate,2025-12-16,Martes,9:00 AM,19.37,11:00 PM,414.96
Tacos Gavilan West Covina,2025-12-16,Martes,12:00 AM,559.24,11:00 PM,453.35
Tacos Gavilan Santa Ana,2025-12-17,Miércoles,9:00 AM,8.59,11:00 PM,614.59
Tacos Gavilan Rialto,2025-12-17,Miércoles,9:00 AM,271.21,11:00 PM,512.79
Tacos Gavilan LA Central,2025-12-17,Miércoles,12:00 AM,560.61,11:00 PM,737.69
Tacos Gavilan South Gate,2025-12-17,Miércoles,9:00 AM,61.87,11:00 PM,452.50
Tacos Gavilan Bell,2025-12-17,Miércoles,10:00 AM,240.56,11:00 PM,201.09
Tacos Gavilan Norwalk,2025-12-17,Miércoles,12:00 AM,407.88,11:00 PM,984.29
Tacos Gavilan Hollywood,2025-12-17,Miércoles,9:00 AM,605.04,11:00 PM,332.14
Tacos Gavilan Azusa,2025-12-17,Miércoles,9:00 AM,4.49,11:00 PM,184.31
Tacos Gavilan Downey,2025-12-17,Miércoles,9:00 AM,406.34,11:00 PM,511.70
Tacos Gavilan LA Broadway,2025-12-17,Miércoles,12:00 AM,257.07,11:00 PM,526.77
Tacos Gavilan Huntington Park,2025-12-17,Miércoles,10:00 AM,239.68,11:00 PM,352.08
Tacos Gavilan La Puente,2025-12-17,Miércoles,9:00 AM,4.49,11:00 PM,106.25
Tacos Gavilan Slauson,2025-12-17,Miércoles,12:00 AM,491.64,11:00 PM,516.04
Tacos Gavilan Lynwood,2025-12-17,Miércoles,12:00 AM,495.08,11:00 PM,859.98
Tacos Gavilan West Covina,2025-12-17,Miércoles,12:00 AM,540.21,11:00 PM,743.89
Tacos Gavilan Santa Ana,2025-12-18,Jueves,9:00 AM,25.55,11:00 PM,671.76
Tacos Gavilan Rialto,2025-12-18,Jueves,12:00 AM,611.06,11:00 PM,584.01
Tacos Gavilan LA Central,2025-12-18,Jueves,12:00 AM,928.87,11:00 PM,1094.18
Tacos Gavilan Huntington Park,2025-12-18,Jueves,12:00 AM,406.35,11:00 PM,566.15
Tacos Gavilan Lynwood,2025-12-18,Jueves,12:00 AM,529.18,11:00 PM,869.73
Tacos Gavilan Norwalk,2025-12-18,Jueves,12:00 AM,702.37,11:00 PM,753.27
Tacos Gavilan Hollywood,2025-12-18,Jueves,12:00 AM,4.55,11:00 PM,487.08
Tacos Gavilan Azusa,2025-12-18,Jueves,9:00 AM,26.19,11:00 PM,478.04
Tacos Gavilan Downey,2025-12-18,Jueves,12:00 AM,248.92,11:00 PM,480.39
Tacos Gavilan LA Broadway,2025-12-18,Jueves,12:00 AM,425.10,11:00 PM,407.66
Tacos Gavilan Bell,2025-12-18,Jueves,12:00 AM,34.23,11:00 PM,188.89
Tacos Gavilan Slauson,2025-12-18,Jueves,12:00 AM,515.83,11:00 PM,880.43
Tacos Gavilan La Puente,2025-12-18,Jueves,9:00 AM,146.02,11:00 PM,209.77
Tacos Gavilan South Gate,2025-12-18,Jueves,12:00 AM,7.58,11:00 PM,457.47
Tacos Gavilan West Covina,2025-12-18,Jueves,12:00 AM,363.36,11:00 PM,569.84
Tacos Gavilan Santa Ana,2025-12-19,Viernes,12:00 AM,434.95,11:00 PM,698.58
Tacos Gavilan Rialto,2025-12-19,Viernes,12:00 AM,616.38,11:00 PM,1087.90
Tacos Gavilan LA Central,2025-12-19,Viernes,12:00 AM,1131.40,11:00 PM,1271.33
Tacos Gavilan South Gate,2025-12-19,Viernes,12:00 AM,436.10,11:00 PM,657.38
Tacos Gavilan Huntington Park,2025-12-19,Viernes,12:00 AM,494.24,11:00 PM,548.31
Tacos Gavilan Norwalk,2025-12-19,Viernes,12:00 AM,1261.29,11:00 PM,1347.09
Tacos Gavilan Hollywood,2025-12-19,Viernes,12:00 AM,855.98,11:00 PM,627.59
Tacos Gavilan Azusa,2025-12-19,Viernes,12:00 AM,265.77,11:00 PM,306.02
Tacos Gavilan Downey,2025-12-19,Viernes,12:00 AM,531.14,11:00 PM,652.17
Tacos Gavilan LA Broadway,2025-12-19,Viernes,12:00 AM,840.54,11:00 PM,1021.54
Tacos Gavilan Bell,2025-12-19,Viernes,12:00 AM,153.18,11:00 PM,278.42
Tacos Gavilan La Puente,2025-12-19,Viernes,12:00 AM,388.35,11:00 PM,576.12
Tacos Gavilan West Covina,2025-12-19,Viernes,12:00 AM,537.86,11:00 PM,835.94
Tacos Gavilan Slauson,2025-12-19,Viernes,12:00 AM,664.78,11:00 PM,780.36
Tacos Gavilan Lynwood,2025-12-19,Viernes,12:00 AM,923.36,11:00 PM,1109.16
Tacos Gavilan Santa Ana,2025-12-20,Sábado,12:00 AM,626.74,11:00 PM,524.24
Tacos Gavilan Rialto,2025-12-20,Sábado,12:00 AM,418.72,11:00 PM,866.48
Tacos Gavilan LA Central,2025-12-20,Sábado,12:00 AM,1532.46,11:00 PM,1715.32
Tacos Gavilan South Gate,2025-12-20,Sábado,12:00 AM,576.59,11:00 PM,1050.64
Tacos Gavilan Huntington Park,2025-12-20,Sábado,12:00 AM,447.52,11:00 PM,582.79
Tacos Gavilan Norwalk,2025-12-20,Sábado,12:00 AM,1016.35,11:00 PM,1311.40
Tacos Gavilan Hollywood,2025-12-20,Sábado,12:00 AM,662.02,11:00 PM,692.97
Tacos Gavilan Azusa,2025-12-20,Sábado,12:00 AM,281.66,11:00 PM,248.30
Tacos Gavilan Downey,2025-12-20,Sábado,12:00 AM,860.35,11:00 PM,921.43
Tacos Gavilan LA Broadway,2025-12-20,Sábado,12:00 AM,835.03,11:00 PM,863.71
Tacos Gavilan Bell,2025-12-20,Sábado,12:00 AM,541.72,11:00 PM,439.64
Tacos Gavilan La Puente,2025-12-20,Sábado,12:00 AM,510.58,11:00 PM,801.18
Tacos Gavilan Slauson,2025-12-20,Sábado,12:00 AM,734.57,11:00 PM,1113.98
Tacos Gavilan Lynwood,2025-12-20,Sábado,12:00 AM,953.64,11:00 PM,1352.83
Tacos Gavilan West Covina,2025-12-20,Sábado,12:00 AM,854.23,11:00 PM,1093.73
Tacos Gavilan West Covina,2025-12-21,Domingo,12:00 AM,577.02,11:00 PM,527.39
Tacos Gavilan La Puente,2025-12-21,Domingo,8:00 AM,39.56,11:00 PM,391.29
Tacos Gavilan Rialto,2025-12-21,Domingo,12:00 AM,250.36,11:00 PM,634.74
Tacos Gavilan LA Central,2025-12-21,Domingo,12:00 AM,873.06,11:00 PM,1205.69
Tacos Gavilan Bell,2025-12-21,Domingo,10:00 AM,109.08,11:00 PM,277.18
Tacos Gavilan Slauson,2025-12-21,Domingo,12:00 AM,513.05,11:00 PM,617.30
Tacos Gavilan Hollywood,2025-12-21,Domingo,9:00 AM,210.78,11:00 PM,413.46
Tacos Gavilan LA Broadway,2025-12-21,Domingo,12:00 AM,384.55,11:00 PM,619.62
Tacos Gavilan Azusa,2025-12-21,Domingo,10:00 AM,314.19,11:00 PM,282.33
Tacos Gavilan Downey,2025-12-21,Domingo,9:00 AM,250.37,11:00 PM,455.53
Tacos Gavilan Norwalk,2025-12-21,Domingo,12:00 AM,272.50,11:00 PM,696.15
Tacos Gavilan Huntington Park,2025-12-21,Domingo,12:00 AM,9.09,11:00 PM,449.35
Tacos Gavilan South Gate,2025-12-21,Domingo,10:00 AM,495.74,11:00 PM,601.75
Tacos Gavilan Santa Ana,2025-12-21,Domingo,10:00 AM,325.32,11:00 PM,444.98
Tacos Gavilan Lynwood,2025-12-21,Domingo,12:00 AM,1232.64,11:00 PM,999.48
Tacos Gavilan West Covina,2025-12-22,Lunes,12:00 AM,345.17,11:00 PM,568.83
Tacos Gavilan Rialto,2025-12-22,Lunes,9:00 AM,145.89,11:00 PM,424.13
Tacos Gavilan LA Central,2025-12-22,Lunes,12:00 AM,849.92,11:00 PM,1150.37
Tacos Gavilan South Gate,2025-12-22,Lunes,9:00 AM,142.51,11:00 PM,818.39
Tacos Gavilan Huntington Park,2025-12-22,Lunes,10:00 AM,360.17,11:00 PM,694.14
Tacos Gavilan Norwalk,2025-12-22,Lunes,12:00 AM,806.71,11:00 PM,784.31
Tacos Gavilan Slauson,2025-12-22,Lunes,12:00 AM,386.86,11:00 PM,725.87
Tacos Gavilan Hollywood,2025-12-22,Lunes,8:00 AM,10.99,11:00 PM,486.05
Tacos Gavilan Downey,2025-12-22,Lunes,9:00 AM,350.04,11:00 PM,380.91
Tacos Gavilan Bell,2025-12-22,Lunes,10:00 AM,280.46,11:00 PM,281.64
Tacos Gavilan Azusa,2025-12-22,Lunes,10:00 AM,272.58,11:00 PM,378.59
Tacos Gavilan LA Broadway,2025-12-22,Lunes,12:00 AM,769.02,11:00 PM,575.93
Tacos Gavilan La Puente,2025-12-22,Lunes,9:00 AM,24.07,11:00 PM,289.81
Tacos Gavilan Santa Ana,2025-12-22,Lunes,10:00 AM,519.17,11:00 PM,590.62
Tacos Gavilan Lynwood,2025-12-22,Lunes,12:00 AM,688.21,11:00 PM,1258.31
Tacos Gavilan West Covina,2025-12-23,Martes,12:00 AM,504.43,11:00 PM,1002.55
Tacos Gavilan Santa Ana,2025-12-23,Martes,9:00 AM,23.07,11:00 PM,670.31
Tacos Gavilan La Puente,2025-12-23,Martes,10:00 AM,549.38,11:00 PM,525.37
Tacos Gavilan Rialto,2025-12-23,Martes,9:00 AM,224.78,11:00 PM,816.05
Tacos Gavilan LA Central,2025-12-23,Martes,12:00 AM,851.85,11:00 PM,1263.61
Tacos Gavilan South Gate,2025-12-23,Martes,9:00 AM,176.15,11:00 PM,715.85
Tacos Gavilan Bell,2025-12-23,Martes,12:00 AM,19.23,11:00 PM,442.11
Tacos Gavilan Downey,2025-12-23,Martes,9:00 AM,472.25,11:00 PM,610.52
Tacos Gavilan Huntington Park,2025-12-23,Martes,10:00 AM,591.39,11:00 PM,594.53
Tacos Gavilan Lynwood,2025-12-23,Martes,12:00 AM,1028.36,11:00 PM,1474.84
Tacos Gavilan Norwalk,2025-12-23,Martes,12:00 AM,984.39,11:00 PM,1174.99
Tacos Gavilan Slauson,2025-12-23,Martes,12:00 AM,574.10,11:00 PM,1024.68
Tacos Gavilan Hollywood,2025-12-23,Martes,9:00 AM,277.61,11:00 PM,434.87
Tacos Gavilan LA Broadway,2025-12-23,Martes,12:00 AM,986.69,11:00 PM,889.05
Tacos Gavilan Azusa,2025-12-23,Martes,9:00 AM,3.79,11:00 PM,315.60
Tacos Gavilan Santa Ana,2025-12-24,Miércoles,9:00 AM,28.75,3:00 PM,766.32
Tacos Gavilan Rialto,2025-12-24,Miércoles,9:00 AM,248.31,4:00 PM,151.28
Tacos Gavilan LA Central,2025-12-24,Miércoles,8:00 AM,507.86,4:00 PM,39.93
Tacos Gavilan South Gate,2025-12-24,Miércoles,9:00 AM,191.85,4:00 PM,39.66
Tacos Gavilan Bell,2025-12-24,Miércoles,10:00 AM,138.70,4:00 PM,3.79
Tacos Gavilan Norwalk,2025-12-24,Miércoles,9:00 AM,77.94,3:00 PM,931.03
Tacos Gavilan Slauson,2025-12-24,Miércoles,10:00 AM,666.73,4:00 PM,178.53
Tacos Gavilan Hollywood,2025-12-24,Miércoles,9:00 AM,158.81,3:00 PM,529.62
Tacos Gavilan Downey,2025-12-24,Miércoles,9:00 AM,1286.78,5:00 PM,26.19
Tacos Gavilan Azusa,2025-12-24,Miércoles,10:00 AM,294.23,3:00 PM,462.17
Tacos Gavilan Huntington Park,2025-12-24,Miércoles,10:00 AM,483.95,4:00 PM,33.06
Tacos Gavilan West Covina,2025-12-24,Miércoles,8:00 AM,12.36,4:00 PM,32.20
Tacos Gavilan LA Broadway,2025-12-24,Miércoles,7:00 AM,12.28,3:00 PM,968.94
Tacos Gavilan La Puente,2025-12-24,Miércoles,9:00 AM,106.38,3:00 PM,425.76
Tacos Gavilan Lynwood,2025-12-24,Miércoles,9:00 AM,374.63,4:00 PM,26.19
Tacos Gavilan Santa Ana,2025-12-26,Viernes,12:00 AM,316.09,11:00 PM,534.43
Tacos Gavilan Rialto,2025-12-26,Viernes,12:00 AM,565.49,11:00 PM,796.63
Tacos Gavilan LA Central,2025-12-26,Viernes,12:00 AM,668.80,11:00 PM,835.03
Tacos Gavilan Huntington Park,2025-12-26,Viernes,12:00 AM,271.26,11:00 PM,355.78
Tacos Gavilan Lynwood,2025-12-26,Viernes,12:00 AM,1296.17,11:00 PM,723.16
Tacos Gavilan Norwalk,2025-12-26,Viernes,12:00 AM,664.09,11:00 PM,1061.66
Tacos Gavilan Hollywood,2025-12-26,Viernes,12:00 AM,337.63,11:00 PM,497.54
Tacos Gavilan West Covina,2025-12-26,Viernes,12:00 AM,636.96,11:00 PM,784.98
Tacos Gavilan La Puente,2025-12-26,Viernes,12:00 AM,289.23,11:00 PM,213.54
Tacos Gavilan Azusa,2025-12-26,Viernes,12:00 AM,254.32,11:00 PM,298.85
Tacos Gavilan South Gate,2025-12-26,Viernes,12:00 AM,349.28,11:00 PM,858.62
Tacos Gavilan Downey,2025-12-26,Viernes,12:00 AM,599.81,11:00 PM,573.00
Tacos Gavilan LA Broadway,2025-12-26,Viernes,12:00 AM,376.21,11:00 PM,601.02
Tacos Gavilan Bell,2025-12-26,Viernes,12:00 AM,213.91,11:00 PM,288.46
Tacos Gavilan Slauson,2025-12-26,Viernes,12:00 AM,465.28,11:00 PM,603.93
Tacos Gavilan Santa Ana,2025-12-27,Sábado,12:00 AM,599.94,11:00 PM,836.84
Tacos Gavilan Rialto,2025-12-27,Sábado,12:00 AM,538.28,11:00 PM,908.07
Tacos Gavilan LA Central,2025-12-27,Sábado,12:00 AM,1059.95,11:00 PM,950.37
Tacos Gavilan South Gate,2025-12-27,Sábado,12:00 AM,672.10,11:00 PM,751.91
Tacos Gavilan Bell,2025-12-27,Sábado,12:00 AM,139.99,11:00 PM,247.05
Tacos Gavilan Norwalk,2025-12-27,Sábado,12:00 AM,841.20,11:00 PM,1048.31
Tacos Gavilan Hollywood,2025-12-27,Sábado,12:00 AM,436.97,11:00 PM,793.35
Tacos Gavilan Downey,2025-12-27,Sábado,12:00 AM,586.96,11:00 PM,587.18
Tacos Gavilan Azusa,2025-12-27,Sábado,12:00 AM,98.02,11:00 PM,252.95
Tacos Gavilan Lynwood,2025-12-27,Sábado,12:00 AM,1019.85,11:00 PM,1235.38
Tacos Gavilan LA Broadway,2025-12-27,Sábado,12:00 AM,726.97,11:00 PM,658.61
Tacos Gavilan La Puente,2025-12-27,Sábado,12:00 AM,489.65,11:00 PM,520.42
Tacos Gavilan Slauson,2025-12-27,Sábado,12:00 AM,625.21,11:00 PM,897.05
Tacos Gavilan Huntington Park,2025-12-27,Sábado,12:00 AM,640.99,11:00 PM,425.31
Tacos Gavilan West Covina,2025-12-27,Sábado,12:00 AM,399.96,11:00 PM,1047.81
Tacos Gavilan West Covina,2025-12-28,Domingo,12:00 AM,259.07,11:00 PM,523.74
Tacos Gavilan La Puente,2025-12-28,Domingo,9:00 AM,146.91,11:00 PM,274.77
Tacos Gavilan LA Central,2025-12-28,Domingo,12:00 AM,727.07,11:00 PM,1055.84
Tacos Gavilan Bell,2025-12-28,Domingo,12:00 AM,9.48,11:00 PM,315.99
Tacos Gavilan Downey,2025-12-28,Domingo,9:00 AM,579.70,11:00 PM,596.06
Tacos Gavilan Huntington Park,2025-12-28,Domingo,9:00 AM,20.61,11:00 PM,353.34
Tacos Gavilan Slauson,2025-12-28,Domingo,12:00 AM,592.07,11:00 PM,740.37
Tacos Gavilan LA Broadway,2025-12-28,Domingo,12:00 AM,616.31,11:00 PM,574.44
Tacos Gavilan Lynwood,2025-12-28,Domingo,12:00 AM,956.46,11:00 PM,953.04
Tacos Gavilan Rialto,2025-12-28,Domingo,12:00 AM,526.34,11:00 PM,611.06
Tacos Gavilan Azusa,2025-12-28,Domingo,10:00 AM,227.71,11:00 PM,293.75
Tacos Gavilan Norwalk,2025-12-28,Domingo,12:00 AM,398.17,11:00 PM,792.63
Tacos Gavilan Hollywood,2025-12-28,Domingo,8:00 AM,13.57,11:00 PM,511.52
Tacos Gavilan Santa Ana,2025-12-28,Domingo,9:00 AM,138.32,11:00 PM,359.10
Tacos Gavilan South Gate,2025-12-28,Domingo,12:00 AM,6.58,11:00 PM,635.61
Tacos Gavilan Santa Ana,2025-12-29,Lunes,10:00 AM,259.04,11:00 PM,325.12
Tacos Gavilan Rialto,2025-12-29,Lunes,8:00 AM,8.59,11:00 PM,836.21
Tacos Gavilan LA Central,2025-12-29,Lunes,12:00 AM,878.95,11:00 PM,878.78
Tacos Gavilan Huntington Park,2025-12-29,Lunes,12:00 AM,4.58,11:00 PM,543.13
Tacos Gavilan Lynwood,2025-12-29,Lunes,12:00 AM,980.10,11:00 PM,1101.10
Tacos Gavilan Norwalk,2025-12-29,Lunes,12:00 AM,478.68,11:00 PM,569.79
Tacos Gavilan Hollywood,2025-12-29,Lunes,9:00 AM,234.06,11:00 PM,467.12
Tacos Gavilan Azusa,2025-12-29,Lunes,12:00 AM,8.98,11:00 PM,273.14
Tacos Gavilan Downey,2025-12-29,Lunes,8:00 AM,54.53,11:00 PM,273.66
Tacos Gavilan La Puente,2025-12-29,Lunes,9:00 AM,55.56,11:00 PM,186.84
Tacos Gavilan LA Broadway,2025-12-29,Lunes,12:00 AM,312.06,11:00 PM,549.98
Tacos Gavilan South Gate,2025-12-29,Lunes,9:00 AM,38.31,11:00 PM,514.17
Tacos Gavilan Bell,2025-12-29,Lunes,10:00 AM,363.19,11:00 PM,305.00
Tacos Gavilan West Covina,2025-12-29,Lunes,12:00 AM,467.98,11:00 PM,727.67
Tacos Gavilan Slauson,2025-12-29,Lunes,12:00 AM,280.34,11:00 PM,625.57
Tacos Gavilan West Covina,2025-12-30,Martes,12:00 AM,556.42,11:00 PM,724.37
Tacos Gavilan La Puente,2025-12-30,Martes,9:00 AM,64.67,11:00 PM,415.75
Tacos Gavilan LA Central,2025-12-30,Martes,12:00 AM,1442.02,11:00 PM,1315.84
Tacos Gavilan Bell,2025-12-30,Martes,10:00 AM,232.41,11:00 PM,184.20
Tacos Gavilan Downey,2025-12-30,Martes,8:00 AM,7.58,11:00 PM,468.03
Tacos Gavilan Norwalk,2025-12-30,Martes,12:00 AM,852.30,11:00 PM,761.92
Tacos Gavilan Slauson,2025-12-30,Martes,12:00 AM,555.84,11:00 PM,793.91
Tacos Gavilan Hollywood,2025-12-30,Martes,8:00 AM,14.63,11:00 PM,471.40
Tacos Gavilan South Gate,2025-12-30,Martes,12:00 AM,3.27,11:00 PM,734.52
Tacos Gavilan Lynwood,2025-12-30,Martes,12:00 AM,1054.43,11:00 PM,952.49
Tacos Gavilan Huntington Park,2025-12-30,Martes,10:00 AM,461.97,11:00 PM,494.69
Tacos Gavilan Azusa,2025-12-30,Martes,10:00 AM,158.70,11:00 PM,211.24
Tacos Gavilan Rialto,2025-12-30,Martes,9:00 AM,235.65,11:00 PM,687.72
Tacos Gavilan LA Broadway,2025-12-30,Martes,12:00 AM,642.24,11:00 PM,812.26
Tacos Gavilan Santa Ana,2025-12-30,Martes,12:00 AM,7.58,11:00 PM,535.25
Tacos Gavilan West Covina,2025-12-31,Miércoles,9:00 AM,264.16,4:00 PM,43.26
Tacos Gavilan Santa Ana,2025-12-31,Miércoles,10:00 AM,300.60,3:00 PM,957.03
Tacos Gavilan La Puente,2025-12-31,Miércoles,9:00 AM,97.73,4:00 PM,56.17
Tacos Gavilan Rialto,2025-12-31,Miércoles,8:00 AM,23.84,4:00 PM,3.79
Tacos Gavilan LA Central,2025-12-31,Miércoles,8:00 AM,300.84,4:00 PM,33.42
Tacos Gavilan South Gate,2025-12-31,Miércoles,9:00 AM,98.00,3:00 PM,1172.30
Tacos Gavilan Bell,2025-12-31,Miércoles,10:00 AM,288.40,4:00 PM,19.64
Tacos Gavilan Huntington Park,2025-12-31,Miércoles,10:00 AM,436.90,3:00 PM,769.13
Tacos Gavilan Lynwood,2025-12-31,Miércoles,9:00 AM,296.99,4:00 PM,3.69
Tacos Gavilan Norwalk,2025-12-31,Miércoles,9:00 AM,12.88,4:00 PM,17.75
Tacos Gavilan Slauson,2025-12-31,Miércoles,10:00 AM,567.36,4:00 PM,68.52
Tacos Gavilan Hollywood,2025-12-31,Miércoles,8:00 AM,12.28,3:00 PM,640.00
Tacos Gavilan LA Broadway,2025-12-31,Miércoles,8:00 AM,544.13,7:00 PM,188.99
Tacos Gavilan Downey,2025-12-31,Miércoles,9:00 AM,400.53,3:00 PM,819.47
Tacos Gavilan Azusa,2025-12-31,Miércoles,10:00 AM,311.24,4:00 PM,58.73
